event_date,stock_id,stock_name,lead_factor,event_type,factor_before,factor_after,factor_change,deeptrend_before,deeptrend_after,close_at_event,price_drop_after,lead_days,close_1d,return_1d,close_3d,return_3d,close_5d,return_5d,close_10d,return_10d
2026-06-10,1303.TW,南亞,籌碼面,因子轉弱,80.0,30.0,-50.0,34.0,18.0,99.2,False,,96.9,-2.318548387096771,115.0,15.927419354838706,126.5,27.520161290322577,151.5,52.721774193548384
2026-06-10,2317.TW,鴻海,籌碼面,因子轉弱,50.0,-80.0,-130.0,26.0,-30.0,277.5,True,1,258.5,-6.846846846846846,269.0,-3.063063063063063,272.0,-1.981981981981982,246.5,-11.17117117117117
2026-06-10,2329.TW,華泰,技術面,因子轉弱,-20.0,-45.0,-25.0,-40.0,-40.0,56.2,True,1,52.3,-6.93950177935944,54.0,-3.9145907473309656,54.3,-3.380782918149476,52.3,-6.93950177935944
2026-06-10,2337.TW,旺宏,技術面,因子轉弱,-20.0,-45.0,-25.0,12.0,-58.0,145.5,True,1,140.0,-3.7800687285223367,166.5,14.432989690721648,161.5,10.996563573883162,158.5,8.934707903780069
2026-06-10,2337.TW,旺宏,籌碼面,因子轉弱,50.0,-100.0,-150.0,12.0,-58.0,145.5,True,1,140.0,-3.7800687285223367,166.5,14.432989690721648,161.5,10.996563573883162,158.5,8.934707903780069
2026-06-10,2376.TW,技嘉,籌碼面,因子轉弱,80.0,50.0,-30.0,34.0,22.0,359.0,True,1,340.0,-5.2924791086350975,348.0,-3.064066852367688,347.5,-3.203342618384401,325.0,-9.47075208913649
2026-06-10,2382.TW,廣達,籌碼面,因子轉弱,60.0,30.0,-30.0,26.0,14.0,375.0,True,3,370.0,-1.3333333333333335,362.5,-3.3333333333333335,374.0,-0.26666666666666666,367.0,-2.1333333333333333
2026-06-10,2383.TW,台光電,籌碼面,因子轉弱,50.0,20.0,-30.0,16.0,20.0,5065.0,False,,5095.0,0.5923000987166831,5120.0,1.085883514313919,5200.0,2.665350444225074,5450.0,7.601184600197433
2026-06-10,2401.TW,凌陽,籌碼面,因子轉弱,20.0,-30.0,-50.0,0.0,-20.0,26.5,False,,27.55,3.962264150943399,30.75,16.037735849056602,31.5,18.867924528301888,31.4,18.490566037735846
2026-06-10,2603.TW,長榮,籌碼面,因子轉弱,30.0,-80.0,-110.0,14.0,-30.0,222.0,True,5,226.0,1.8018018018018018,220.5,-0.6756756756756757,194.0,-12.612612612612612,184.0,-17.117117117117118
2026-06-10,2609.TW,陽明,技術面,因子轉弱,15.0,-20.0,-35.0,-26.0,-40.0,51.6,False,,52.7,2.131782945736437,51.0,-1.1627906976744213,51.6,0.0,51.4,-0.3875968992248117
2026-06-10,2707.TW,晶華,技術面,因子轉弱,50.0,-5.0,-55.0,40.0,18.0,178.0,False,,179.5,0.8426966292134831,180.0,1.1235955056179776,180.0,1.1235955056179776,180.0,1.1235955056179776
2026-06-10,3017.TW,奇鋐,籌碼面,因子轉弱,-45.0,-80.0,-35.0,-26.0,-36.0,2545.0,True,1,2335.0,-8.25147347740668,2370.0,-6.8762278978389,2365.0,-7.072691552062868,2300.0,-9.62671905697446
2026-06-10,3035.TW,智原,籌碼面,因子轉弱,-15.0,-55.0,-40.0,-28.0,-40.0,186.0,True,1,178.0,-4.301075268817205,201.0,8.064516129032258,202.0,8.60215053763441,210.5,13.172043010752688
2026-06-10,3062.TW,建漢,技術面,因子轉弱,-30.0,-55.0,-25.0,-44.0,-54.0,26.45,True,1,24.9,-5.860113421550097,25.15,-4.914933837429114,25.65,-3.0245746691871482,24.85,-6.049149338374283
2026-06-10,3163.TWO,波若威,技術面,因子轉弱,-20.0,-45.0,-25.0,-38.0,-40.0,982.0,True,1,843.0,-14.15478615071283,860.0,-12.423625254582484,903.0,-8.04480651731161,720.0,-26.680244399185337
2026-06-10,3231.TW,緯創,籌碼面,因子轉弱,50.0,-80.0,-130.0,22.0,-30.0,165.5,True,1,152.5,-7.854984894259818,158.0,-4.531722054380665,162.5,-1.812688821752266,154.5,-6.646525679758309
2026-06-10,4960.TW,誠美材,籌碼面,因子轉弱,60.0,30.0,-30.0,6.0,-10.0,30.7,True,1,28.95,-5.700325732899024,30.15,-1.7915309446254093,29.35,-4.397394136807811,25.7,-16.286644951140065
2026-06-10,6274.TWO,台燿,籌碼面,因子轉弱,50.0,20.0,-30.0,12.0,4.0,1615.0,True,1,1475.0,-8.6687306501548,1570.0,-2.786377708978328,1670.0,3.4055727554179565,1555.0,-3.7151702786377707
2026-06-10,6285.TW,啟碁,籌碼面,因子轉弱,80.0,-80.0,-160.0,24.0,-36.0,286.5,True,1,272.5,-4.886561954624781,265.5,-7.329842931937172,270.5,-5.5846422338568935,236.0,-17.62652705061082
2026-06-10,6488.TWO,環球晶,籌碼面,因子轉弱,-45.0,-100.0,-55.0,-22.0,-44.0,803.0,False,,786.0,-2.1170610211706102,950.0,18.306351183063512,1100.0,36.986301369863014,915.0,13.947696139476962
2026-06-10,8215.TW,明基材,技術面,因子轉弱,5.0,-20.0,-25.0,-30.0,-40.0,28.8,False,,28.55,-0.8680555555555556,29.15,1.2152777777777704,32.05,11.28472222222221,28.9,0.3472222222222148
2026-06-11,00403A.TW,主動統一升級50,籌碼面,因子轉弱,30.0,-80.0,-110.0,4.0,-40.0,9.99,False,,9.99,0.0,10.7,7.107107107107098,11.38,13.91391391391392,11.02,10.310310310310305
2026-06-11,0056.TW,元大高股息,技術面,因子轉弱,5.0,-20.0,-25.0,-20.0,-40.0,49.59,False,,49.59,0.0,51.55,3.9524097600322516,53.6,8.086307723331313,53.25,7.380520266182692
2026-06-11,00878.TW,國泰永續高股息,技術面,因子轉弱,5.0,-20.0,-25.0,26.0,16.0,31.6,False,,31.6,0.0,32.91,4.145569620253149,33.98,7.531645569620238,33.5,6.012658227848097
2026-06-11,1303.TW,南亞,技術面,因子轉弱,15.0,-10.0,-25.0,18.0,-36.0,96.9,False,,96.9,0.0,115.0,18.67905056759545,154.5,59.442724458204324,166.5,71.8266253869969
2026-06-11,1303.TW,南亞,籌碼面,因子轉弱,30.0,-80.0,-110.0,18.0,-36.0,96.9,False,,96.9,0.0,115.0,18.67905056759545,154.5,59.442724458204324,166.5,71.8266253869969
2026-06-11,1409.TW,新纖,技術面,因子轉弱,5.0,-20.0,-25.0,-28.0,-40.0,24.65,False,,24.65,0.0,26.9,9.127789046653144,28.55,15.821501014198795,26.05,5.679513184584187
2026-06-11,2002.TW,中鋼,技術面,因子轉弱,-5.0,-30.0,-25.0,-24.0,-34.0,18.55,False,,18.55,0.0,18.65,0.539083557951471,19.2,3.5040431266846284,18.8,1.3477088948787062
2026-06-11,2027.TW,大成鋼,技術面,因子轉弱,5.0,-20.0,-25.0,26.0,16.0,42.55,True,5,42.55,0.0,41.7,-1.997649823736767,40.0,-5.992949471210335,40.35,-5.170387779083422
2026-06-11,2308.TW,台達電,技術面,因子轉弱,30.0,-20.0,-50.0,24.0,-30.0,2160.0,True,5,2160.0,0.0,2230.0,3.2407407407407405,2080.0,-3.7037037037037033,1950.0,-9.722222222222223
2026-06-11,2308.TW,台達電,籌碼面,因子轉弱,30.0,-55.0,-85.0,24.0,-30.0,2160.0,True,5,2160.0,0.0,2230.0,3.2407407407407405,2080.0,-3.7037037037037033,1950.0,-9.722222222222223
2026-06-11,2312.TW,金寶,技術面,因子轉弱,5.0,-20.0,-25.0,-20.0,-20.0,34.9,False,,34.9,0.0,34.75,-0.42979942693409334,34.55,-1.002865329512898,35.15,0.7163323782234957
2026-06-11,2330.TW,台積電,技術面,因子轉弱,5.0,-30.0,-35.0,-20.0,-34.0,2250.0,False,,2250.0,0.0,2400.0,6.666666666666667,2490.0,10.666666666666668,2410.0,7.111111111111111
2026-06-11,2331.TW,精英,技術面,因子轉弱,15.0,-20.0,-35.0,-24.0,-38.0,20.65,False,,20.65,0.0,21.0,1.6949152542372952,22.3,7.990314769975798,21.45,3.8740920096852336
2026-06-11,2345.TW,智邦,技術面,因子轉弱,5.0,-45.0,-50.0,-16.0,-48.0,2275.0,False,,2275.0,0.0,2520.0,10.76923076923077,2435.0,7.032967032967033,2495.0,9.670329670329672
2026-06-11,2345.TW,智邦,籌碼面,因子轉弱,-45.0,-75.0,-30.0,-16.0,-48.0,2275.0,False,,2275.0,0.0,2520.0,10.76923076923077,2435.0,7.032967032967033,2495.0,9.670329670329672
2026-06-11,2376.TW,技嘉,技術面,因子轉弱,5.0,-20.0,-25.0,22.0,12.0,340.0,False,,340.0,0.0,348.0,2.3529411764705883,330.5,-2.794117647058824,344.0,1.1764705882352942
2026-06-11,2382.TW,廣達,技術面,因子轉弱,5.0,-20.0,-25.0,14.0,16.0,370.0,False,,370.0,0.0,362.5,-2.027027027027027,372.5,0.6756756756756757,368.0,-0.5405405405405406
2026-06-11,2408.TW,南亞科,技術面,因子轉弱,5.0,-20.0,-25.0,-30.0,-40.0,340.0,False,,340.0,0.0,425.0,25.0,454.5,33.6764705882353,452.5,33.088235294117645
2026-06-11,2409.TW,友達,技術面,因子轉弱,5.0,-20.0,-25.0,-20.0,-38.0,23.15,False,,23.15,0.0,23.9,3.2397408207343417,29.05,25.48596112311016,32.7,41.2526997840173
2026-06-11,2454.TW,聯發科,技術面,因子轉弱,30.0,-10.0,-40.0,-10.0,-26.0,4085.0,False,,4085.0,0.0,4560.0,11.627906976744185,4535.0,11.015911872705018,4245.0,3.9167686658506726
2026-06-11,2485.TW,兆赫,技術面,因子轉弱,-5.0,-45.0,-40.0,-32.0,-30.0,64.8,True,3,64.8,0.0,60.5,-6.635802469135799,57.4,-11.419753086419751,55.7,-14.043209876543203
2026-06-11,2498.TW,宏達電,技術面,因子轉弱,5.0,-30.0,-35.0,-38.0,-52.0,42.0,False,,42.0,0.0,44.1,5.000000000000003,46.9,11.666666666666663,45.35,7.97619047619048
2026-06-11,2707.TW,晶華,籌碼面,因子轉弱,50.0,20.0,-30.0,18.0,28.0,179.5,False,,179.5,0.0,180.0,0.2785515320334262,179.0,-0.2785515320334262,178.5,-0.5571030640668524
2026-06-11,3017.TW,奇鋐,技術面,因子轉弱,-10.0,-30.0,-20.0,-36.0,-42.0,2335.0,False,,2335.0,0.0,2370.0,1.4989293361884368,2425.0,3.854389721627409,2525.0,8.137044967880087
2026-06-11,3037.TW,欣興,技術面,因子轉弱,30.0,-10.0,-40.0,-10.0,-24.0,854.0,False,,854.0,0.0,981.0,14.8711943793911,974.0,14.05152224824356,1070.0,25.292740046838407
2026-06-11,3105.TWO,穩懋,技術面,因子轉弱,20.0,-5.0,-25.0,-12.0,-2.0,481.5,True,10,481.5,0.0,493.0,2.3883696780893042,522.0,8.411214953271028,426.0,-11.526479750778815
2026-06-11,3189.TW,景碩,技術面,因子轉弱,20.0,0.0,-20.0,8.0,8.0,619.0,False,,619.0,0.0,642.0,3.715670436187399,727.0,17.447495961227787,891.0,43.94184168012924
2026-06-11,3189.TW,景碩,量價面,因子轉弱,0.0,-20.0,-20.0,8.0,8.0,619.0,False,,619.0,0.0,642.0,3.715670436187399,727.0,17.447495961227787,891.0,43.94184168012924
2026-06-11,3211.TWO,順達,技術面,因子轉弱,-20.0,-45.0,-25.0,-8.0,-18.0,398.5,False,,398.5,0.0,437.5,9.786700125470514,427.5,7.277289836888332,413.0,3.638644918444166
2026-06-11,3231.TW,緯創,技術面,因子轉弱,5.0,-20.0,-25.0,-30.0,-48.0,152.5,False,,152.5,0.0,158.0,3.606557377049181,158.5,3.934426229508197,158.5,3.934426229508197
2026-06-11,3324.TWO,雙鴻,技術面,因子轉弱,5.0,-20.0,-25.0,22.0,-8.0,998.0,False,,998.0,0.0,1050.0,5.210420841683367,1025.0,2.7054108216432864,1010.0,1.2024048096192386
2026-06-11,3324.TWO,雙鴻,籌碼面,因子轉弱,50.0,0.0,-50.0,22.0,-8.0,998.0,False,,998.0,0.0,1050.0,5.210420841683367,1025.0,2.7054108216432864,1010.0,1.2024048096192386
2026-06-11,3673.TW,TPK-KY,技術面,因子轉弱,5.0,-20.0,-25.0,-18.0,-14.0,78.7,False,,78.7,0.0,78.8,0.12706480304954804,82.2,4.447268106734435,80.4,2.160101651842443
2026-06-11,4908.TWO,前鼎,籌碼面,因子轉弱,70.0,0.0,-70.0,10.0,-18.0,192.5,False,,192.5,0.0,198.0,2.857142857142857,211.5,9.87012987012987,233.0,21.038961038961038
2026-06-11,4931.TWO,新盛力,技術面,因子轉弱,60.0,5.0,-55.0,53.0,2.0,234.0,False,,234.0,0.0,250.5,7.051282051282051,261.5,11.752136752136751,239.0,2.1367521367521367
2026-06-11,4931.TWO,新盛力,籌碼面,因子轉弱,60.0,0.0,-60.0,53.0,2.0,234.0,False,,234.0,0.0,250.5,7.051282051282051,261.5,11.752136752136751,239.0,2.1367521367521367
2026-06-11,4931.TWO,新盛力,量價面,因子轉弱,25.0,0.0,-25.0,53.0,2.0,234.0,False,,234.0,0.0,250.5,7.051282051282051,261.5,11.752136752136751,239.0,2.1367521367521367
2026-06-11,4966.TWO,譜瑞-KY,技術面,因子轉弱,-20.0,-45.0,-25.0,-16.0,-18.0,657.0,True,10,657.0,0.0,660.0,0.45662100456621,661.0,0.60882800608828,629.0,-4.26179604261796
2026-06-11,5289.TWO,宜鼎,技術面,因子轉弱,80.0,-10.0,-90.0,56.0,-4.0,1710.0,True,10,1710.0,0.0,1955.0,14.327485380116958,1885.0,10.23391812865497,1615.0,-5.555555555555555
2026-06-11,5289.TWO,宜鼎,籌碼面,因子轉弱,60.0,0.0,-60.0,56.0,-4.0,1710.0,True,10,1710.0,0.0,1955.0,14.327485380116958,1885.0,10.23391812865497,1615.0,-5.555555555555555
2026-06-11,6116.TW,彩晶,技術面,因子轉弱,15.0,-20.0,-35.0,30.0,16.0,14.2,False,,14.2,0.0,16.6,16.901408450704242,19.0,33.802816901408455,19.6,38.028169014084526
2026-06-11,6669.TW,緯穎,技術面,因子轉弱,5.0,-45.0,-50.0,-20.0,-48.0,4900.0,True,5,5445.0,11.122448979591837,4880.0,-0.40816326530612246,4675.0,-4.591836734693878,4635.0,-5.408163265306123
2026-06-11,8046.TW,南電,技術面,因子轉弱,55.0,-35.0,-90.0,46.0,-2.0,807.0,False,,807.0,0.0,902.0,11.771995043370508,909.0,12.639405204460965,1185.0,46.84014869888476
2026-06-11,8046.TW,南電,籌碼面,因子轉弱,60.0,30.0,-30.0,46.0,-2.0,807.0,False,,807.0,0.0,902.0,11.771995043370508,909.0,12.639405204460965,1185.0,46.84014869888476
2026-06-11,8215.TW,明基材,技術面,因子轉弱,-20.0,-45.0,-25.0,-40.0,-50.0,28.55,False,,28.55,0.0,29.15,2.101576182136595,30.0,5.0788091068301195,30.35,6.304728546409811
2026-06-11,8358.TWO,金居,技術面,因子轉弱,20.0,-10.0,-30.0,2.0,-4.0,540.0,False,,540.0,0.0,632.0,17.037037037037038,657.0,21.666666666666668,600.0,11.11111111111111
2026-06-11,9105.TW,泰金寶-DR,技術面,因子轉弱,20.0,-20.0,-40.0,-4.0,16.0,9.24,False,,9.24,0.0,9.55,3.35497835497836,9.13,-1.1904761904761842,9.49,2.7056277056277054
2026-06-12,2313.TW,華通,籌碼面,因子轉弱,60.0,-35.0,-95.0,36.0,-2.0,275.0,True,1,249.0,-9.454545454545455,264.0,-4.0,240.0,-12.727272727272727,220.0,-20.0
2026-06-12,2609.TW,陽明,技術面,因子轉弱,55.0,-20.0,-75.0,0.0,-30.0,51.1,False,,51.0,-0.1956947162426642,51.6,0.9784735812133072,51.6,0.9784735812133072,50.7,-0.782778864970643
2026-06-12,8046.TW,南電,籌碼面,因子轉弱,30.0,-80.0,-110.0,-2.0,-46.0,807.0,False,,902.0,11.771995043370508,885.0,9.66542750929368,955.0,18.339529120198264,1175.0,45.60099132589839
2026-06-16,1409.TW,新纖,籌碼面,因子轉弱,30.0,-35.0,-65.0,4.0,-2.0,26.9,False,,26.9,0.0,28.55,6.133828996282536,27.05,0.5576208178438741,31.0,15.24163568773235
2026-06-16,2312.TW,金寶,籌碼面,因子轉弱,50.0,-55.0,-105.0,12.0,-30.0,34.75,False,,34.75,0.0,34.55,-0.5755395683453319,38.95,12.086330935251807,34.85,0.28776978417266597
2026-06-16,2313.TW,華通,技術面,因子轉弱,30.0,-45.0,-75.0,-2.0,-6.0,249.0,True,5,249.0,0.0,243.0,-2.4096385542168677,233.0,-6.425702811244979,228.5,-8.23293172690763
2026-06-16,2331.TW,精英,籌碼面,因子轉弱,20.0,-35.0,-55.0,0.0,-22.0,21.0,False,,21.0,0.0,22.3,6.190476190476194,21.45,2.1428571428571392,21.1,0.476190476190483
2026-06-16,2383.TW,台光電,技術面,因子轉弱,80.0,20.0,-60.0,64.0,-10.0,5120.0,False,,5120.0,0.0,5700.0,11.328125,5640.0,10.15625,5655.0,10.44921875
2026-06-16,2383.TW,台光電,籌碼面,因子轉弱,80.0,-45.0,-125.0,64.0,-10.0,5120.0,False,,5120.0,0.0,5700.0,11.328125,5640.0,10.15625,5655.0,10.44921875
2026-06-16,2485.TW,兆赫,籌碼面,因子轉弱,60.0,-75.0,-135.0,6.0,-52.0,60.5,True,3,60.5,0.0,57.4,-5.123966942148763,57.0,-5.785123966942149,52.3,-13.553719008264467
2026-06-16,2603.TW,長榮,技術面,因子轉弱,20.0,-10.0,-30.0,-22.0,-44.0,220.5,True,3,220.5,0.0,189.0,-14.285714285714285,185.0,-16.099773242630384,185.5,-15.873015873015872
2026-06-16,2609.TW,陽明,技術面,因子轉弱,-20.0,-55.0,-35.0,-30.0,-34.0,51.0,False,,51.0,0.0,51.3,0.5882352941176415,51.4,0.7843137254901933,51.0,0.0
2026-06-16,3017.TW,奇鋐,技術面,因子轉弱,-30.0,-55.0,-25.0,-42.0,-52.0,2370.0,False,,2370.0,0.0,2425.0,2.320675105485232,2505.0,5.69620253164557,2740.0,15.611814345991561
2026-06-16,3189.TW,景碩,籌碼面,因子轉弱,30.0,-55.0,-85.0,8.0,-10.0,642.0,False,,642.0,0.0,727.0,13.239875389408098,812.0,26.479750778816197,830.0,29.283489096573206
2026-06-16,3481.TW,群創,籌碼面,因子轉弱,80.0,50.0,-30.0,28.0,32.0,53.3,False,,53.3,0.0,66.0,23.827392120075054,70.9,33.020637898686694,67.6,26.829268292682922
2026-06-16,4960.TW,誠美材,籌碼面,因子轉弱,60.0,20.0,-40.0,6.0,10.0,30.15,True,3,30.15,0.0,28.25,-6.301824212271969,27.45,-8.955223880597012,25.75,-14.593698175787722
2026-06-16,5439.TWO,高技,技術面,因子轉弱,-35.0,-55.0,-20.0,-14.0,-22.0,332.0,True,3,322.5,-2.86144578313253,321.5,-3.1626506024096384,323.0,-2.710843373493976,310.5,-6.475903614457831
2026-06-16,6285.TW,啟碁,技術面,因子轉弱,-10.0,-45.0,-35.0,-22.0,-40.0,265.5,True,3,265.5,0.0,254.0,-4.3314500941619585,256.5,-3.389830508474576,258.0,-2.824858757062147
2026-06-16,6669.TW,緯穎,技術面,因子轉弱,55.0,-55.0,-110.0,6.0,-52.0,4880.0,True,3,4880.0,0.0,4675.0,-4.200819672131147,4545.0,-6.864754098360656,5200.0,6.557377049180328
2026-06-16,6669.TW,緯穎,籌碼面,因子轉弱,-40.0,-75.0,-35.0,6.0,-52.0,4880.0,True,3,4880.0,0.0,4675.0,-4.200819672131147,4545.0,-6.864754098360656,5200.0,6.557377049180328
2026-06-16,7769.TW,鴻勁,籌碼面,因子轉弱,-25.0,-65.0,-40.0,-12.0,-28.0,7360.0,True,3,7360.0,0.0,6810.0,-7.4728260869565215,6920.0,-5.978260869565218,6865.0,-6.725543478260869
2026-06-16,8150.TW,南茂,籌碼面,因子轉弱,80.0,30.0,-50.0,44.0,20.0,94.6,False,,94.6,0.0,106.5,12.579281183932354,96.0,1.4799154334038116,108.5,14.693446088794934
2026-06-16,9105.TW,泰金寶-DR,籌碼面,因子轉弱,60.0,30.0,-30.0,16.0,20.0,9.55,True,3,9.55,0.0,9.13,-4.3979057591623025,9.62,0.7329842931937016,9.3,-2.6178010471204183
2026-06-17,2027.TW,大成鋼,籌碼面,因子轉弱,60.0,-80.0,-140.0,18.0,-38.0,41.7,True,5,41.7,0.0,40.55,-2.757793764988023,39.9,-4.316546762589938,41.3,-0.9592326139088866
2026-06-17,2308.TW,台達電,技術面,因子轉弱,55.0,20.0,-35.0,0.0,-12.0,2230.0,True,1,2155.0,-3.3632286995515694,2000.0,-10.31390134529148,1810.0,-18.83408071748879,2075.0,-6.950672645739911
2026-06-17,2313.TW,華通,籌碼面,因子轉弱,30.0,-75.0,-105.0,-6.0,-48.0,249.0,True,3,264.0,6.024096385542169,240.0,-3.614457831325301,222.5,-10.642570281124499,229.5,-7.83132530120482
2026-06-17,2331.TW,精英,籌碼面,因子轉弱,-35.0,-65.0,-30.0,-22.0,-34.0,21.0,False,,22.25,5.952380952380952,21.75,3.571428571428571,20.6,-1.904761904761898,21.25,1.1904761904761905
2026-06-17,2401.TW,凌陽,籌碼面,因子轉弱,80.0,50.0,-30.0,44.0,32.0,30.75,False,,31.5,2.4390243902439024,34.8,13.170731707317064,31.65,2.9268292682926784,33.45,8.780487804878058
2026-06-17,3105.TWO,穩懋,技術面,因子轉弱,30.0,-20.0,-50.0,12.0,-8.0,493.0,True,3,519.0,5.273833671399594,478.0,-3.0425963488843815,424.0,-13.995943204868155,411.0,-16.63286004056795
2026-06-17,3673.TW,TPK-KY,籌碼面,因子轉弱,60.0,-55.0,-115.0,16.0,-30.0,78.8,False,,86.6,9.898477157360402,83.6,6.0913705583756315,76.5,-2.9187817258883215,82.4,4.5685279187817365
2026-06-17,4966.TWO,譜瑞-KY,技術面,因子轉弱,-5.0,-35.0,-30.0,-2.0,-14.0,660.0,True,5,675.0,2.272727272727273,664.0,0.6060606060606061,608.0,-7.878787878787878,654.0,-0.9090909090909091
2026-06-17,6213.TW,聯茂,籌碼面,因子轉弱,60.0,30.0,-30.0,22.0,10.0,258.0,False,,267.5,3.6821705426356592,309.0,19.767441860465116,346.5,34.30232558139535,396.0,53.48837209302325
2026-06-17,8028.TW,昇陽半導體,籌碼面,因子轉弱,60.0,-55.0,-115.0,36.0,-10.0,314.0,True,5,311.5,-0.7961783439490446,309.5,-1.4331210191082804,285.5,-9.076433121019107,330.5,5.254777070063694
2026-06-17,8150.TW,南茂,籌碼面,因子轉弱,30.0,-55.0,-85.0,20.0,-14.0,94.6,False,,94.9,0.3171247357293989,103.0,8.87949260042284,97.5,3.0655391120507463,105.0,10.99365750528542
2026-06-18,1409.TW,新纖,籌碼面,因子轉弱,60.0,-75.0,-135.0,36.0,-8.0,27.95,True,3,28.55,2.146690518783547,27.05,-3.220035778175308,25.9,-7.334525939177104,31.7,13.416815742397137
2026-06-18,2303.TW,聯電,籌碼面,因子轉弱,60.0,30.0,-30.0,32.0,20.0,140.0,False,,170.0,21.428571428571427,178.5,27.500000000000004,164.0,17.142857142857142,166.0,18.571428571428573
2026-06-18,2308.TW,台達電,技術面,因子轉弱,20.0,-35.0,-55.0,-12.0,-44.0,2155.0,True,1,2080.0,-3.480278422273782,1980.0,-8.120649651972158,1905.0,-11.600928074245939,1995.0,-7.424593967517401
2026-06-18,2312.TW,金寶,技術面,因子轉弱,-20.0,-45.0,-25.0,-38.0,-30.0,34.85,True,5,34.55,-0.8608321377331543,38.95,11.764705882352946,33.6,-3.5868005738880915,34.1,-2.152080344332855
2026-06-18,2317.TW,鴻海,技術面,因子轉弱,20.0,-5.0,-25.0,2.0,10.0,272.0,True,1,259.5,-4.595588235294118,257.5,-5.330882352941177,246.5,-9.375,242.0,-11.029411764705882
2026-06-18,2337.TW,旺宏,籌碼面,因子轉弱,60.0,-55.0,-115.0,26.0,-10.0,161.5,True,10,172.0,6.5015479876160995,161.5,0.0,158.5,-1.8575851393188854,144.5,-10.526315789473683
2026-06-18,2337.TW,旺宏,量價面,因子轉弱,0.0,-20.0,-20.0,26.0,-10.0,161.5,True,10,172.0,6.5015479876160995,161.5,0.0,158.5,-1.8575851393188854,144.5,-10.526315789473683
2026-06-18,2338.TW,光罩,籌碼面,因子轉弱,60.0,30.0,-30.0,28.0,20.0,52.2,True,3,52.9,1.3409961685823673,50.2,-3.8314176245210727,47.75,-8.524904214559392,50.6,-3.065134099616861
2026-06-18,2344.TW,華邦電,籌碼面,因子轉弱,80.0,50.0,-30.0,60.0,44.0,199.0,True,10,211.5,6.281407035175879,219.5,10.301507537688442,203.0,2.0100502512562812,183.0,-8.040201005025125
2026-06-18,2345.TW,智邦,籌碼面,因子轉弱,50.0,20.0,-30.0,18.0,6.0,2495.0,True,3,2435.0,-2.404809619238477,2380.0,-4.609218436873747,2340.0,-6.212424849699398,2645.0,6.012024048096192
2026-06-18,2376.TW,技嘉,技術面,因子轉弱,20.0,-5.0,-25.0,28.0,-30.0,347.5,True,1,330.5,-4.892086330935252,334.0,-3.884892086330935,325.0,-6.474820143884892,336.5,-3.1654676258992804
2026-06-18,2376.TW,技嘉,籌碼面,因子轉弱,50.0,-70.0,-120.0,28.0,-30.0,347.5,True,1,330.5,-4.892086330935252,334.0,-3.884892086330935,325.0,-6.474820143884892,336.5,-3.1654676258992804
2026-06-18,2454.TW,聯發科,籌碼面,因子轉弱,60.0,30.0,-30.0,32.0,30.0,4460.0,True,3,4535.0,1.6816143497757847,4310.0,-3.3632286995515694,3910.0,-12.331838565022421,4125.0,-7.511210762331838
2026-06-18,2603.TW,長榮,技術面,因子轉弱,-10.0,-40.0,-30.0,-26.0,-28.0,194.0,True,3,189.0,-2.5773195876288657,185.0,-4.639175257731959,184.0,-5.154639175257731,195.5,0.7731958762886598
2026-06-18,2707.TW,晶華,技術面,因子轉弱,70.0,35.0,-35.0,48.0,30.0,180.0,False,,179.0,-0.5555555555555556,180.0,0.0,180.0,0.0,182.0,1.1111111111111112
2026-06-18,3035.TW,智原,籌碼面,因子轉弱,60.0,30.0,-30.0,26.0,20.0,202.0,False,,233.0,15.346534653465346,229.0,13.366336633663368,210.5,4.207920792079208,211.0,4.455445544554455
2026-06-18,3189.TW,景碩,技術面,因子轉弱,30.0,5.0,-25.0,-18.0,-18.0,706.0,False,,727.0,2.974504249291785,812.0,15.01416430594901,810.0,14.730878186968837,763.0,8.073654390934843
2026-06-18,3324.TWO,雙鴻,技術面,因子轉弱,20.0,-5.0,-25.0,8.0,-2.0,1050.0,True,5,1025.0,-2.380952380952381,1065.0,1.4285714285714286,995.0,-5.238095238095238,1010.0,-3.8095238095238098
2026-06-18,3711.TW,日月光投控,籌碼面,因子轉弱,-15.0,-55.0,-40.0,-8.0,-14.0,595.0,False,,662.0,11.260504201680673,641.0,7.73109243697479,627.0,5.378151260504202,679.0,14.117647058823529
2026-06-18,4908.TWO,前鼎,技術面,因子轉弱,-5.0,-55.0,-50.0,-2.0,-22.0,193.0,True,5,211.5,9.585492227979273,195.5,1.2953367875647668,183.0,-5.181347150259067,175.0,-9.32642487046632
2026-06-18,4958.TW,臻鼎-KY,籌碼面,因子轉弱,60.0,30.0,-30.0,46.0,36.0,639.0,True,1,587.0,-8.137715179968701,602.0,-5.790297339593114,573.0,-10.328638497652582,579.0,-9.389671361502346
2026-06-18,4960.TW,誠美材,技術面,因子轉弱,5.0,-35.0,-40.0,14.0,-32.0,29.35,True,1,28.25,-3.747870528109034,27.45,-6.473594548551966,25.7,-12.436115843270876,23.95,-18.398637137989784
2026-06-18,4960.TW,誠美材,籌碼面,因子轉弱,30.0,-45.0,-75.0,14.0,-32.0,29.35,True,1,28.25,-3.747870528109034,27.45,-6.473594548551966,25.7,-12.436115843270876,23.95,-18.398637137989784
2026-06-18,6274.TWO,台燿,技術面,因子轉弱,20.0,-5.0,-25.0,8.0,-2.0,1670.0,True,5,1735.0,3.8922155688622757,1700.0,1.7964071856287425,1555.0,-6.88622754491018,1630.0,-2.3952095808383236
2026-06-18,6488.TWO,環球晶,技術面,因子轉弱,115.0,40.0,-75.0,51.0,21.0,1100.0,True,1,1010.0,-8.181818181818182,1040.0,-5.454545454545454,915.0,-16.818181818181817,1335.0,21.363636363636363
2026-06-18,8028.TW,昇陽半導體,技術面,因子轉弱,30.0,-45.0,-75.0,-10.0,-40.0,311.5,True,3,310.0,-0.4815409309791332,302.0,-3.0497592295345104,288.5,-7.3836276083467105,309.5,-0.6420545746388443
2026-06-18,8046.TW,南電,籌碼面,因子轉弱,60.0,30.0,-30.0,26.0,14.0,885.0,False,,909.0,2.711864406779661,1045.0,18.07909604519774,1080.0,22.033898305084744,1075.0,21.468926553672315
2026-06-18,9105.TW,泰金寶-DR,技術面,因子轉弱,20.0,-20.0,-40.0,20.0,-20.0,9.5,True,1,9.13,-3.894736842105255,9.62,1.2631578947368338,9.33,-1.7894736842105254,8.8,-7.368421052631572
2026-06-18,9105.TW,泰金寶-DR,籌碼面,因子轉弱,30.0,-30.0,-60.0,20.0,-20.0,9.5,True,1,9.13,-3.894736842105255,9.62,1.2631578947368338,9.33,-1.7894736842105254,8.8,-7.368421052631572
2026-06-23,00403A.TW,主動統一升級50,籌碼面,因子轉弱,60.0,30.0,-30.0,32.0,26.0,11.38,True,3,11.04,-2.9876977152899964,10.56,-7.205623901581724,11.02,-3.1634446397188154,10.45,-8.17223198594026
2026-06-23,0056.TW,元大高股息,籌碼面,因子轉弱,80.0,50.0,-30.0,50.0,42.0,53.6,True,3,53.15,-0.8395522388059753,51.45,-4.011194029850743,53.25,-0.6529850746268684,52.15,-2.7052238805970203
2026-06-23,1303.TW,南亞,技術面,因子轉弱,80.0,60.0,-20.0,64.0,61.0,154.5,True,3,156.0,0.9708737864077669,148.0,-4.207119741100324,166.5,7.766990291262135,166.5,7.766990291262135
2026-06-23,1802.TW,台玻,技術面,因子轉弱,30.0,-10.0,-40.0,44.0,16.0,69.9,True,3,69.3,-0.8583690987124585,66.0,-5.579399141630909,74.8,7.010014306151632,64.6,-7.5822603719599595
2026-06-23,1802.TW,台玻,籌碼面,因子轉弱,80.0,50.0,-30.0,44.0,16.0,69.9,True,3,69.3,-0.8583690987124585,66.0,-5.579399141630909,74.8,7.010014306151632,64.6,-7.5822603719599595
2026-06-23,2027.TW,大成鋼,技術面,因子轉弱,-30.0,-55.0,-25.0,-34.0,-52.0,40.0,False,,40.55,1.374999999999993,39.9,-0.25000000000000355,40.35,0.8750000000000036,40.55,1.374999999999993
2026-06-23,2313.TW,華通,技術面,因子轉弱,-5.0,-55.0,-50.0,-22.0,-52.0,243.0,True,3,240.0,-1.2345679012345678,222.5,-8.436213991769549,232.5,-4.320987654320987,218.0,-10.2880658436214
2026-06-23,2317.TW,鴻海,籌碼面,因子轉弱,30.0,-75.0,-105.0,10.0,-38.0,259.5,True,3,256.0,-1.348747591522158,248.5,-4.238921001926782,251.0,-3.275529865125241,237.0,-8.670520231213873
2026-06-23,2327.TW,國巨,籌碼面,因子轉弱,30.0,-15.0,-45.0,36.0,12.0,1020.0,True,10,1050.0,2.941176470588235,1015.0,-0.49019607843137253,1140.0,11.76470588235294,905.0,-11.27450980392157
2026-06-23,2329.TW,華泰,籌碼面,因子轉弱,80.0,30.0,-50.0,30.0,24.0,55.7,True,3,56.1,0.7181328545780944,53.4,-4.129263913824064,53.7,-3.5906642728904847,52.1,-6.463195691202875
2026-06-23,2331.TW,精英,籌碼面,因子轉弱,50.0,-65.0,-115.0,24.0,-14.0,22.3,True,3,21.75,-2.4663677130044874,20.6,-7.623318385650221,21.45,-3.8116591928251182,20.55,-7.847533632286995
2026-06-23,2338.TW,光罩,技術面,因子轉弱,20.0,-20.0,-40.0,20.0,4.0,52.9,True,3,51.6,-2.4574669187145504,47.5,-10.207939508506614,50.8,-3.969754253308131,48.15,-8.979206049149338
2026-06-23,2344.TW,華邦電,籌碼面,因子轉弱,50.0,-55.0,-105.0,44.0,-4.0,211.5,True,1,205.0,-3.0732860520094563,206.5,-2.3640661938534278,207.5,-1.8912529550827424,174.0,-17.73049645390071
2026-06-23,2374.TW,佳能,籌碼面,因子轉弱,20.0,-5.0,-25.0,10.0,10.0,76.7,False,,75.5,-1.5645371577575002,74.8,-2.477183833116044,83.2,8.47457627118644,74.8,-2.477183833116044
2026-06-23,2376.TW,技嘉,技術面,因子轉弱,-5.0,-45.0,-40.0,-30.0,-48.0,330.5,True,3,339.0,2.5718608169440245,319.5,-3.3282904689863844,344.0,4.084720121028744,344.0,4.084720121028744
2026-06-23,2382.TW,廣達,技術面,因子轉弱,20.0,-20.0,-40.0,32.0,4.0,372.5,False,,372.0,-0.1342281879194631,362.0,-2.8187919463087248,368.0,-1.2080536912751678,373.0,0.1342281879194631
2026-06-23,2382.TW,廣達,籌碼面,因子轉弱,60.0,30.0,-30.0,32.0,4.0,372.5,False,,372.0,-0.1342281879194631,362.0,-2.8187919463087248,368.0,-1.2080536912751678,373.0,0.1342281879194631
2026-06-23,2408.TW,南亞科,技術面,因子轉弱,70.0,15.0,-55.0,60.0,26.0,454.5,True,10,443.5,-2.42024202420242,449.0,-1.21012101210121,452.5,-0.44004400440044,403.0,-11.331133113311331
2026-06-23,2408.TW,南亞科,籌碼面,因子轉弱,80.0,50.0,-30.0,60.0,26.0,454.5,True,10,443.5,-2.42024202420242,449.0,-1.21012101210121,452.5,-0.44004400440044,403.0,-11.331133113311331
2026-06-23,2409.TW,友達,籌碼面,因子轉弱,60.0,30.0,-30.0,48.0,36.0,29.05,True,3,30.5,4.991394148020651,27.95,-3.7865748709122253,32.7,12.564543889845101,29.35,1.0327022375215171
2026-06-23,2498.TW,宏達電,技術面,因子轉弱,30.0,-10.0,-40.0,36.0,8.0,46.9,True,3,46.65,-0.5330490405117271,42.9,-8.528784648187633,45.35,-3.3049040511727017,44.25,-5.650319829424304
2026-06-23,2498.TW,宏達電,籌碼面,因子轉弱,60.0,30.0,-30.0,36.0,8.0,46.9,True,3,46.65,-0.5330490405117271,42.9,-8.528784648187633,45.35,-3.3049040511727017,44.25,-5.650319829424304
2026-06-23,2618.TW,長榮航,技術面,因子轉弱,80.0,60.0,-20.0,61.0,48.0,42.95,False,,44.0,2.4447031431897486,43.8,1.9790454016297885,44.9,4.540162980209535,42.4,-1.2805587892898818
2026-06-23,2618.TW,長榮航,量價面,因子轉弱,25.0,0.0,-25.0,61.0,48.0,42.95,False,,44.0,2.4447031431897486,43.8,1.9790454016297885,44.9,4.540162980209535,42.4,-1.2805587892898818
2026-06-23,2748.TW,雲品,技術面,因子轉弱,60.0,10.0,-50.0,44.0,20.0,39.9,False,,39.8,-0.2506265664160437,39.3,-1.503759398496244,40.0,0.2506265664160437,39.3,-1.503759398496244
2026-06-23,3037.TW,欣興,技術面,因子轉弱,20.0,-10.0,-30.0,32.0,16.0,974.0,True,1,931.0,-4.414784394250513,975.0,0.10266940451745381,1070.0,9.856262833675565,840.0,-13.75770020533881
2026-06-23,3062.TW,建漢,技術面,因子轉弱,-5.0,-45.0,-40.0,-24.0,-40.0,25.2,True,3,25.1,-0.39682539682538837,24.0,-4.761904761904759,25.0,-0.7936507936507908,24.1,-4.365079365079357
2026-06-23,3163.TWO,波若威,技術面,因子轉弱,5.0,-45.0,-50.0,2.0,-18.0,868.0,True,1,840.0,-3.225806451612903,720.0,-17.050691244239633,792.0,-8.755760368663594,742.0,-14.516129032258066
2026-06-23,3211.TWO,順達,技術面,因子轉弱,20.0,-10.0,-30.0,8.0,-4.0,427.5,True,3,419.0,-1.9883040935672516,390.0,-8.771929824561402,413.0,-3.3918128654970756,389.0,-9.005847953216374
2026-06-23,3231.TW,緯創,技術面,因子轉弱,30.0,-10.0,-40.0,-18.0,-26.0,158.5,True,3,157.5,-0.6309148264984227,153.0,-3.4700315457413247,158.5,0.0,155.5,-1.8927444794952681
2026-06-23,3481.TW,群創,技術面,因子轉弱,85.0,55.0,-30.0,54.0,0.0,66.0,False,,69.4,5.15151515151516,65.0,-1.5151515151515151,68.7,4.090909090909095,64.2,-2.727272727272723
2026-06-23,3481.TW,群創,籌碼面,因子轉弱,50.0,-55.0,-105.0,54.0,0.0,66.0,False,,69.4,5.15151515151516,65.0,-1.5151515151515151,68.7,4.090909090909095,64.2,-2.727272727272723
2026-06-23,3673.TW,TPK-KY,技術面,因子轉弱,10.0,-20.0,-30.0,28.0,-30.0,82.2,True,3,83.6,1.7031630170316197,76.5,-6.934306569343068,80.4,-2.1897810218978067,76.0,-7.542579075425794
2026-06-23,3673.TW,TPK-KY,籌碼面,因子轉弱,60.0,-55.0,-115.0,28.0,-30.0,82.2,True,3,83.6,1.7031630170316197,76.5,-6.934306569343068,80.4,-2.1897810218978067,76.0,-7.542579075425794
2026-06-23,4958.TW,臻鼎-KY,技術面,因子轉弱,60.0,5.0,-55.0,36.0,-20.0,587.0,True,10,587.0,0.0,580.0,-1.192504258943782,630.0,7.325383304940375,548.0,-6.643952299829642
2026-06-23,4958.TW,臻鼎-KY,籌碼面,因子轉弱,30.0,-55.0,-85.0,36.0,-20.0,587.0,True,10,587.0,0.0,580.0,-1.192504258943782,630.0,7.325383304940375,548.0,-6.643952299829642
2026-06-23,4960.TW,誠美材,技術面,因子轉弱,-35.0,-55.0,-20.0,-32.0,-28.0,28.25,True,3,28.35,0.3539823008849608,25.65,-9.203539823008855,26.15,-7.433628318584076,23.9,-15.398230088495579
2026-06-23,6116.TW,彩晶,籌碼面,因子轉弱,60.0,-55.0,-115.0,36.0,-10.0,19.0,True,3,19.4,2.1052631578947296,18.25,-3.9473684210526314,19.6,3.157894736842113,17.15,-9.736842105263166
2026-06-23,6239.TW,力成,技術面,因子轉弱,20.0,-20.0,-40.0,-14.0,-30.0,344.0,True,3,338.0,-1.744186046511628,314.0,-8.720930232558139,337.5,-1.88953488372093,323.5,-5.959302325581396
2026-06-23,6488.TWO,環球晶,技術面,因子轉弱,40.0,5.0,-35.0,21.0,2.0,1010.0,True,1,965.0,-4.455445544554455,936.0,-7.326732673267326,1005.0,-0.49504950495049505,1205.0,19.306930693069308
2026-06-23,6488.TWO,環球晶,量價面,因子轉弱,25.0,0.0,-25.0,21.0,2.0,1010.0,True,1,965.0,-4.455445544554455,936.0,-7.326732673267326,1005.0,-0.49504950495049505,1205.0,19.306930693069308
2026-06-23,6669.TW,緯穎,技術面,因子轉弱,-5.0,-45.0,-40.0,-22.0,-48.0,4675.0,True,3,4605.0,-1.4973262032085561,4280.0,-8.449197860962567,4635.0,-0.8556149732620321,5015.0,7.2727272727272725
2026-06-23,7769.TW,鴻勁,技術面,因子轉弱,20.0,-30.0,-50.0,-2.0,-34.0,6810.0,True,3,6755.0,-0.8076358296622614,6500.0,-4.552129221732746,6470.0,-4.992657856093979,6055.0,-11.086637298091043
2026-06-23,7769.TW,鴻勁,籌碼面,因子轉弱,-25.0,-55.0,-30.0,-2.0,-34.0,6810.0,True,3,6755.0,-0.8076358296622614,6500.0,-4.552129221732746,6470.0,-4.992657856093979,6055.0,-11.086637298091043
2026-06-23,8215.TW,明基材,技術面,因子轉弱,65.0,-20.0,-85.0,14.0,4.0,30.0,True,3,30.25,0.8333333333333334,28.15,-6.166666666666671,30.35,1.1666666666666714,28.75,-4.166666666666666
2026-06-23,8358.TWO,金居,技術面,因子轉弱,45.0,20.0,-25.0,18.0,8.0,657.0,True,3,638.0,-2.89193302891933,570.0,-13.24200913242009,600.0,-8.67579908675799,523.0,-20.395738203957382
2026-06-23,9105.TW,泰金寶-DR,籌碼面,因子轉弱,-30.0,-80.0,-50.0,-20.0,-46.0,9.13,True,10,10.0,9.529025191675784,9.32,2.0810514786418346,9.49,3.943044906900322,8.7,-4.709748083242075
2026-06-24,00403A.TW,主動統一升級50,技術面,因子轉弱,35.0,5.0,-30.0,26.0,14.0,11.04,True,3,11.11,0.6340579710144953,10.62,-3.804347826086956,11.15,0.9963768115942139,10.41,-5.706521739130426
2026-06-24,00878.TW,國泰永續高股息,技術面,因子轉弱,70.0,15.0,-55.0,52.0,18.0,33.66,False,,33.75,0.2673796791443952,32.9,-2.2578728461081345,33.32,-1.0101010101009993,33.2,-1.3666072489601717
2026-06-24,00878.TW,國泰永續高股息,籌碼面,因子轉弱,60.0,30.0,-30.0,52.0,18.0,33.66,False,,33.75,0.2673796791443952,32.9,-2.2578728461081345,33.32,-1.0101010101009993,33.2,-1.3666072489601717
2026-06-24,1303.TW,南亞,籌碼面,因子轉弱,80.0,30.0,-50.0,61.0,30.0,156.0,False,,155.0,-0.641025641025641,151.5,-2.8846153846153846,183.0,17.307692307692307,182.0,16.666666666666664
2026-06-24,1303.TW,南亞,量價面,因子轉弱,25.0,0.0,-25.0,61.0,30.0,156.0,False,,155.0,-0.641025641025641,151.5,-2.8846153846153846,183.0,17.307692307692307,182.0,16.666666666666664
2026-06-24,2303.TW,聯電,籌碼面,因子轉弱,60.0,-80.0,-140.0,55.0,-3.0,178.0,True,3,178.5,0.2808988764044944,164.0,-7.865168539325842,169.0,-5.056179775280898,163.0,-8.426966292134832
2026-06-24,2327.TW,國巨,籌碼面,因子轉弱,-15.0,-80.0,-65.0,12.0,-14.0,1050.0,True,10,1125.0,7.142857142857142,1040.0,-0.9523809523809524,1140.0,8.571428571428571,891.0,-15.142857142857144
2026-06-24,2330.TW,台積電,技術面,因子轉弱,60.0,15.0,-45.0,36.0,-24.0,2390.0,False,,2390.0,0.0,2370.0,-0.8368200836820083,2505.0,4.811715481171548,2465.0,3.1380753138075312
2026-06-24,2330.TW,台積電,籌碼面,因子轉弱,30.0,-75.0,-105.0,36.0,-24.0,2390.0,False,,2390.0,0.0,2370.0,-0.8368200836820083,2505.0,4.811715481171548,2465.0,3.1380753138075312
2026-06-24,2337.TW,旺宏,技術面,因子轉弱,35.0,5.0,-30.0,38.0,14.0,172.0,True,1,161.5,-6.104651162790697,158.5,-7.848837209302325,143.5,-16.569767441860463,138.5,-19.476744186046513
2026-06-24,2337.TW,旺宏,籌碼面,因子轉弱,60.0,30.0,-30.0,38.0,14.0,172.0,True,1,161.5,-6.104651162790697,158.5,-7.848837209302325,143.5,-16.569767441860463,138.5,-19.476744186046513
2026-06-24,2344.TW,華邦電,技術面,因子轉弱,45.0,5.0,-40.0,-4.0,-30.0,205.0,True,5,219.5,7.073170731707316,203.0,-0.975609756097561,190.0,-7.317073170731707,168.5,-17.804878048780488
2026-06-24,2345.TW,智邦,籌碼面,因子轉弱,20.0,-55.0,-75.0,4.0,-30.0,2375.0,False,,2380.0,0.21052631578947367,2340.0,-1.4736842105263157,2660.0,12.0,2415.0,1.6842105263157894
2026-06-24,2368.TW,金像電,技術面,因子轉弱,-5.0,-35.0,-30.0,-32.0,-44.0,1255.0,True,3,1240.0,-1.1952191235059761,1155.0,-7.968127490039841,1220.0,-2.788844621513944,1150.0,-8.366533864541832
2026-06-24,2374.TW,佳能,技術面,因子轉弱,30.0,-20.0,-50.0,10.0,-30.0,75.5,True,3,79.4,5.1655629139072925,73.0,-3.3112582781456954,73.5,-2.6490066225165565,75.0,-0.6622516556291391
2026-06-24,2374.TW,佳能,籌碼面,因子轉弱,-5.0,-55.0,-50.0,10.0,-30.0,75.5,True,3,79.4,5.1655629139072925,73.0,-3.3112582781456954,73.5,-2.6490066225165565,75.0,-0.6622516556291391
2026-06-24,2383.TW,台光電,技術面,因子轉弱,45.0,5.0,-40.0,42.0,14.0,5560.0,True,10,5640.0,1.4388489208633095,5450.0,-1.9784172661870503,5535.0,-0.44964028776978415,5315.0,-4.406474820143885
2026-06-24,2383.TW,台光電,籌碼面,因子轉弱,60.0,30.0,-30.0,42.0,14.0,5560.0,True,10,5640.0,1.4388489208633095,5450.0,-1.9784172661870503,5535.0,-0.44964028776978415,5315.0,-4.406474820143885
2026-06-24,2451.TW,創見,技術面,因子轉弱,-10.0,-30.0,-20.0,-26.0,-34.0,294.0,True,3,288.0,-2.0408163265306123,275.0,-6.462585034013606,250.5,-14.795918367346939,250.0,-14.965986394557824
2026-06-24,2454.TW,聯發科,技術面,因子轉弱,30.0,-10.0,-40.0,36.0,-26.0,4285.0,True,3,4310.0,0.5834305717619603,3910.0,-8.751458576429405,4335.0,1.1668611435239207,3995.0,-6.76779463243874
2026-06-24,2454.TW,聯發科,籌碼面,因子轉弱,60.0,-55.0,-115.0,36.0,-26.0,4285.0,True,3,4310.0,0.5834305717619603,3910.0,-8.751458576429405,4335.0,1.1668611435239207,3995.0,-6.76779463243874
2026-06-24,2881.TW,富邦金,技術面,因子轉弱,45.0,5.0,-40.0,30.0,-38.0,134.5,True,3,136.0,1.1152416356877324,128.5,-4.4609665427509295,122.5,-8.921933085501859,110.0,-18.21561338289963
2026-06-24,2881.TW,富邦金,籌碼面,因子轉弱,30.0,-100.0,-130.0,30.0,-38.0,134.5,True,3,136.0,1.1152416356877324,128.5,-4.4609665427509295,122.5,-8.921933085501859,110.0,-18.21561338289963
2026-06-24,2882.TW,國泰金,技術面,因子轉弱,45.0,5.0,-40.0,-14.0,-28.0,110.0,True,3,111.5,1.3636363636363635,101.5,-7.727272727272727,95.0,-13.636363636363635,98.0,-10.909090909090908
2026-06-24,2886.TW,兆豐金,技術面,因子轉弱,70.0,15.0,-55.0,52.0,30.0,44.55,False,,46.65,4.713804713804717,46.2,3.7037037037037166,46.15,3.591470258136928,46.8,5.050505050505051
2026-06-24,2891.TW,中信金,技術面,因子轉弱,70.0,15.0,-55.0,52.0,-26.0,69.9,False,,70.6,1.0014306151645045,70.3,0.5722460658082853,70.6,1.0014306151645045,71.3,2.002861230329029
2026-06-24,2891.TW,中信金,籌碼面,因子轉弱,60.0,-80.0,-140.0,52.0,-26.0,69.9,False,,70.6,1.0014306151645045,70.3,0.5722460658082853,70.6,1.0014306151645045,71.3,2.002861230329029
2026-06-24,2892.TW,第一金,技術面,因子轉弱,60.0,5.0,-55.0,48.0,26.0,32.05,False,,32.85,2.496099843993773,33.0,2.964118564742599,33.2,3.5881435257410477,34.1,6.396255850234023
2026-06-24,3035.TW,智原,量價面,因子轉弱,25.0,0.0,-25.0,45.0,38.0,230.5,True,3,229.0,-0.6507592190889371,210.5,-8.676789587852495,212.0,-8.026030368763557,216.0,-6.29067245119306
2026-06-24,3037.TW,欣興,籌碼面,因子轉弱,50.0,-80.0,-130.0,16.0,-36.0,931.0,True,10,1020.0,9.559613319011815,976.0,4.833512352309345,1040.0,11.707841031149302,863.0,-7.303974221267455
2026-06-24,3105.TWO,穩懋,技術面,因子轉弱,30.0,-10.0,-40.0,12.0,-4.0,478.0,True,1,463.0,-3.1380753138075312,412.0,-13.807531380753138,417.5,-12.656903765690378,413.5,-13.493723849372385
2026-06-24,3711.TW,日月光投控,籌碼面,因子轉弱,60.0,30.0,-30.0,38.0,34.0,653.0,True,3,641.0,-1.8376722817764166,627.0,-3.9816232771822357,703.0,7.656967840735068,625.0,-4.287901990811639
2026-06-24,4908.TWO,前鼎,技術面,因子轉弱,40.0,5.0,-35.0,16.0,2.0,233.0,True,1,195.5,-16.09442060085837,183.0,-21.45922746781116,173.0,-25.75107296137339,170.0,-27.038626609442062
2026-06-24,4931.TWO,新盛力,技術面,因子轉弱,55.0,5.0,-50.0,22.0,2.0,257.0,True,3,257.0,0.0,232.5,-9.53307392996109,236.0,-8.171206225680933,272.0,5.836575875486381
2026-06-24,4960.TW,誠美材,籌碼面,因子轉弱,-15.0,-45.0,-30.0,-28.0,-40.0,28.35,True,1,27.45,-3.174603174603182,25.7,-9.347442680776021,24.6,-13.227513227513226,23.65,-16.578483245149922
2026-06-24,5469.TW,瀚宇博,籌碼面,因子轉弱,30.0,-70.0,-100.0,18.0,-26.0,85.5,False,,86.1,0.7017543859649056,89.3,4.444444444444441,86.6,1.2865497076023324,83.5,-2.3391812865497075
2026-06-24,5530.TWO,龍巖,技術面,因子轉弱,-10.0,-45.0,-35.0,-4.0,-18.0,48.35,True,1,46.4,-4.033092037228548,47.05,-2.688728024819037,48.2,-0.31023784901757717,49.4,2.171664943123055
2026-06-24,5706.TW,鳳凰,籌碼面,因子轉弱,20.0,-50.0,-70.0,14.0,-18.0,52.7,True,3,52.3,-0.7590132827324586,47.0,-10.815939278937387,46.95,-10.910815939278937,47.25,-10.341555977229607
2026-06-24,6230.TW,超眾,技術面,因子轉弱,-35.0,-55.0,-20.0,2.0,-22.0,131.0,True,3,129.0,-1.5267175572519083,121.0,-7.633587786259542,125.0,-4.580152671755725,124.0,-5.343511450381679
2026-06-24,6230.TW,超眾,籌碼面,因子轉弱,40.0,0.0,-40.0,2.0,-22.0,131.0,True,3,129.0,-1.5267175572519083,121.0,-7.633587786259542,125.0,-4.580152671755725,124.0,-5.343511450381679
2026-06-24,6269.TW,台郡,技術面,因子轉弱,55.0,5.0,-50.0,34.0,14.0,79.0,True,1,75.9,-3.924050632911385,68.4,-13.417721518987335,65.5,-17.088607594936708,63.7,-19.367088607594933
2026-06-24,6275.TWO,元山,技術面,因子轉弱,65.0,20.0,-45.0,26.0,8.0,52.3,True,1,50.0,-4.397705544933073,48.65,-6.978967495219883,49.0,-6.309751434034412,48.6,-7.074569789674944
2026-06-24,7769.TW,鴻勁,技術面,因子轉弱,-30.0,-55.0,-25.0,-34.0,-44.0,6755.0,True,3,6920.0,2.4426350851221317,6395.0,-5.329385640266469,6960.0,3.0347890451517396,6660.0,-1.4063656550703183
2026-06-24,8028.TW,昇陽半導體,技術面,因子轉弱,-20.0,-45.0,-25.0,-38.0,-38.0,309.5,True,3,302.0,-2.4232633279483036,288.5,-6.78513731825525,312.0,0.8077544426494345,312.5,0.9693053311793215
2026-06-24,8150.TW,南茂,技術面,因子轉弱,60.0,5.0,-55.0,48.0,14.0,103.0,True,1,96.0,-6.796116504854369,90.5,-12.135922330097088,107.0,3.8834951456310676,106.5,3.3980582524271843
2026-06-24,8150.TW,南茂,籌碼面,因子轉弱,60.0,30.0,-30.0,48.0,14.0,103.0,True,1,96.0,-6.796116504854369,90.5,-12.135922330097088,107.0,3.8834951456310676,106.5,3.3980582524271843
2026-06-25,0056.TW,元大高股息,技術面,因子轉弱,55.0,5.0,-50.0,34.0,-20.0,53.2,True,1,51.45,-3.289473684210526,53.25,0.09398496240600969,52.6,-1.127819548872183,52.65,-1.0338345864661733
2026-06-25,0056.TW,元大高股息,籌碼面,因子轉弱,30.0,-55.0,-85.0,34.0,-20.0,53.2,True,1,51.45,-3.289473684210526,53.25,0.09398496240600969,52.6,-1.127819548872183,52.65,-1.0338345864661733
2026-06-25,1409.TW,新纖,技術面,因子轉弱,55.0,5.0,-50.0,0.0,-20.0,27.05,True,1,26.1,-3.5120147874306813,26.05,-3.696857670979667,31.0,14.602587800369681,26.55,-1.8484288354898335
2026-06-25,1714.TW,和桐,技術面,因子轉弱,45.0,5.0,-40.0,42.0,26.0,18.5,True,10,18.55,0.2702702702702741,19.65,6.216216216216209,20.7,11.891891891891888,17.25,-6.756756756756757
2026-06-25,2002.TW,中鋼,技術面,因子轉弱,20.0,-30.0,-50.0,32.0,0.0,19.05,False,,19.0,-0.2624671916010536,18.8,-1.3123359580052494,18.6,-2.362204724409445,18.55,-2.6246719160104988
2026-06-25,2002.TW,中鋼,籌碼面,因子轉弱,60.0,30.0,-30.0,32.0,0.0,19.05,False,,19.0,-0.2624671916010536,18.8,-1.3123359580052494,18.6,-2.362204724409445,18.55,-2.6246719160104988
2026-06-25,2027.TW,大成鋼,籌碼面,因子轉弱,-15.0,-55.0,-40.0,-28.0,-44.0,40.2,False,,39.9,-0.7462686567164285,40.35,0.37313432835820537,41.15,2.363184079601979,40.0,-0.4975124378109523
2026-06-25,2303.TW,聯電,量價面,因子轉弱,25.0,0.0,-25.0,-3.0,34.0,178.5,True,1,164.0,-8.123249299719888,164.5,-7.8431372549019605,165.5,-7.282913165266107,156.0,-12.605042016806722
2026-06-25,2312.TW,金寶,籌碼面,因子轉弱,50.0,-75.0,-125.0,36.0,-12.0,38.95,True,1,33.5,-13.992297817715023,35.15,-9.75609756097562,34.85,-10.526315789473687,34.0,-12.708600770218235
2026-06-25,2317.TW,鴻海,技術面,因子轉弱,-30.0,-55.0,-25.0,-42.0,-52.0,257.5,True,1,248.5,-3.4951456310679614,251.0,-2.524271844660194,239.0,-7.184466019417475,237.5,-7.766990291262135
2026-06-25,2324.TW,仁寶,技術面,因子轉弱,30.0,-20.0,-50.0,-18.0,-38.0,36.85,True,1,34.8,-5.563093622795127,35.3,-4.206241519674367,34.8,-5.563093622795127,36.6,-0.6784260515603798
2026-06-25,2331.TW,精英,技術面,因子轉弱,15.0,-45.0,-60.0,2.0,-48.0,21.45,True,1,20.6,-3.962703962703953,21.45,0.0,21.1,-1.631701631701622,20.55,-4.195804195804189
2026-06-25,2331.TW,精英,籌碼面,因子轉弱,-10.0,-75.0,-65.0,2.0,-48.0,21.45,True,1,20.6,-3.962703962703953,21.45,0.0,21.1,-1.631701631701622,20.55,-4.195804195804189
2026-06-25,2337.TW,旺宏,籌碼面,因子轉弱,30.0,-75.0,-105.0,14.0,-24.0,161.5,True,3,162.5,0.6191950464396285,155.5,-3.7151702786377707,155.5,-3.7151702786377707,143.5,-11.145510835913312
2026-06-25,2353.TW,宏碁,籌碼面,因子轉弱,60.0,30.0,-30.0,6.0,-6.0,33.8,True,1,31.9,-5.621301775147925,33.1,-2.071005917159751,32.0,-5.32544378698224,32.5,-3.846153846153838
2026-06-25,2368.TW,金像電,技術面,因子轉弱,-35.0,-55.0,-20.0,-44.0,-34.0,1240.0,True,1,1190.0,-4.032258064516129,1200.0,-3.225806451612903,1235.0,-0.4032258064516129,1075.0,-13.306451612903224
2026-06-25,2382.TW,廣達,技術面,因子轉弱,5.0,-20.0,-25.0,26.0,0.0,366.5,False,,362.0,-1.227830832196453,368.0,0.4092769440654843,369.0,0.6821282401091405,373.5,1.9099590723055935
2026-06-25,2382.TW,廣達,籌碼面,因子轉弱,60.0,20.0,-40.0,26.0,0.0,366.5,False,,362.0,-1.227830832196453,368.0,0.4092769440654843,369.0,0.6821282401091405,373.5,1.9099590723055935
2026-06-25,2401.TW,凌陽,籌碼面,因子轉弱,80.0,50.0,-30.0,56.0,42.0,34.9,True,1,31.65,-9.312320916905446,31.75,-9.025787965616042,34.3,-1.7191977077363938,33.0,-5.444126074498564
2026-06-25,2409.TW,友達,籌碼面,因子轉弱,30.0,-75.0,-105.0,34.0,-12.0,30.4,True,1,27.95,-8.059210526315788,32.7,7.565789473684224,30.5,0.3289473684210573,31.45,3.453947368421055
2026-06-25,2421.TW,建準,技術面,因子轉弱,20.0,-30.0,-50.0,6.0,-42.0,145.5,True,1,137.0,-5.841924398625429,142.0,-2.405498281786942,142.0,-2.405498281786942,142.5,-2.0618556701030926
2026-06-25,2421.TW,建準,籌碼面,因子轉弱,-5.0,-75.0,-70.0,6.0,-42.0,145.5,True,1,137.0,-5.841924398625429,142.0,-2.405498281786942,142.0,-2.405498281786942,142.5,-2.0618556701030926
2026-06-25,2485.TW,兆赫,籌碼面,因子轉弱,10.0,-50.0,-60.0,-14.0,-42.0,57.0,True,1,52.2,-8.421052631578943,55.7,-2.28070175438596,52.3,-8.245614035087725,49.9,-12.456140350877195
2026-06-25,2603.TW,長榮,籌碼面,因子轉弱,60.0,-75.0,-135.0,2.0,-52.0,185.0,False,,213.0,15.135135135135137,184.5,-0.2702702702702703,185.5,0.2702702702702703,194.5,5.135135135135135
2026-06-25,2605.TW,新興,技術面,因子轉弱,-20.0,-80.0,-60.0,-14.0,-54.0,30.95,True,1,29.3,-5.331179321486264,29.5,-4.684975767366718,29.05,-6.1389337641356985,30.45,-1.615508885298869
2026-06-25,2605.TW,新興,籌碼面,因子轉弱,-15.0,-55.0,-40.0,-14.0,-54.0,30.95,True,1,29.3,-5.331179321486264,29.5,-4.684975767366718,29.05,-6.1389337641356985,30.45,-1.615508885298869
2026-06-25,2609.TW,陽明,籌碼面,因子轉弱,60.0,30.0,-30.0,12.0,0.0,51.4,False,,50.1,-2.5291828793774265,52.0,1.167315175097279,51.0,-0.7782101167315147,51.6,0.3891050583657643
2026-06-25,2748.TW,雲品,技術面,因子轉弱,5.0,-20.0,-25.0,18.0,12.0,39.7,False,,39.3,-1.0075566750629865,40.0,0.755667506297222,39.65,-0.12594458438288228,39.55,-0.37783375314862894
2026-06-25,3062.TW,建漢,技術面,因子轉弱,-30.0,-55.0,-25.0,-34.0,-44.0,24.95,True,1,24.0,-3.8076152304609194,25.0,0.20040080160320925,24.65,-1.2024048096192415,24.0,-3.8076152304609194
2026-06-25,3163.TWO,波若威,技術面,因子轉弱,-20.0,-55.0,-35.0,-8.0,-22.0,800.0,True,1,720.0,-10.0,792.0,-1.0,775.0,-3.125,746.0,-6.75
2026-06-25,3189.TW,景碩,籌碼面,因子轉弱,30.0,-30.0,-60.0,24.0,10.0,812.0,False,,797.0,-1.8472906403940887,891.0,9.729064039408868,830.0,2.2167487684729066,795.0,-2.0935960591133003
2026-06-25,3673.TW,TPK-KY,技術面,因子轉弱,5.0,-20.0,-25.0,-20.0,-30.0,81.9,True,1,76.5,-6.5934065934066,80.4,-1.8315018315018312,83.8,2.3199023199023094,77.8,-5.006105006105016
2026-06-25,3711.TW,日月光投控,技術面,因子轉弱,55.0,5.0,-50.0,34.0,14.0,641.0,False,,632.0,-1.40405616224649,680.0,6.084243369734789,727.0,13.416536661466457,677.0,5.61622464898596
2026-06-25,4908.TWO,前鼎,技術面,因子轉弱,5.0,-20.0,-25.0,2.0,-8.0,195.5,True,1,185.0,-5.3708439897698215,233.0,19.18158567774936,172.5,-11.76470588235294,164.0,-16.11253196930946
2026-06-25,4967.TW,十銓,技術面,因子轉弱,20.0,-20.0,-40.0,-4.0,-30.0,276.0,True,1,265.0,-3.985507246376811,263.5,-4.528985507246377,256.0,-7.246376811594203,233.0,-15.579710144927535
2026-06-25,6269.TW,台郡,籌碼面,因子轉弱,30.0,-80.0,-110.0,14.0,-30.0,75.9,True,1,71.6,-5.665349143610028,71.0,-6.4558629776021155,65.7,-13.438735177865615,62.5,-17.654808959156792
2026-06-25,6275.TWO,元山,技術面,因子轉弱,20.0,-20.0,-40.0,8.0,-8.0,50.0,True,1,47.55,-4.900000000000006,52.3,4.599999999999994,49.25,-1.5,48.1,-3.799999999999997
2026-06-25,6285.TW,啟碁,籌碼面,因子轉弱,-30.0,-75.0,-45.0,-34.0,-52.0,256.5,True,1,236.0,-7.992202729044834,259.5,1.1695906432748537,258.0,0.5847953216374269,260.5,1.5594541910331383
2026-06-25,6426.TW,統新,技術面,因子轉弱,20.0,-20.0,-40.0,4.0,-36.0,214.0,True,1,193.0,-9.813084112149532,192.0,-10.2803738317757,201.0,-6.074766355140187,187.5,-12.383177570093459
2026-06-25,6426.TW,統新,籌碼面,因子轉弱,-10.0,-70.0,-60.0,4.0,-36.0,214.0,True,1,193.0,-9.813084112149532,192.0,-10.2803738317757,201.0,-6.074766355140187,187.5,-12.383177570093459
2026-06-25,8039.TW,台虹,籌碼面,因子轉弱,80.0,-70.0,-150.0,40.0,-26.0,143.5,True,1,137.5,-4.181184668989547,149.0,3.8327526132404177,151.0,5.2264808362369335,154.0,7.317073170731707
2026-06-25,8215.TW,明基材,籌碼面,因子轉弱,60.0,-65.0,-125.0,16.0,-24.0,29.55,True,1,28.15,-4.73773265651439,30.35,2.7072758037225064,30.1,1.861252115059224,28.3,-4.230118443316413
2026-06-25,8299.TWO,群聯,技術面,因子轉弱,55.0,-20.0,-75.0,22.0,-8.0,2475.0,True,1,2310.0,-6.666666666666667,2385.0,-3.6363636363636362,2240.0,-9.494949494949495,2220.0,-10.303030303030303
2026-06-25,9105.TW,泰金寶-DR,籌碼面,因子轉弱,30.0,-55.0,-85.0,28.0,-10.0,9.62,True,1,9.32,-3.1185031185031074,9.49,-1.351351351351341,9.3,-3.3264033264033115,8.64,-10.187110187110173
2026-06-26,00403A.TW,主動統一升級50,籌碼面,因子轉弱,30.0,-80.0,-110.0,14.0,-26.0,10.56,False,,10.62,0.568181818181806,11.15,5.587121212121211,11.14,5.492424242424243,10.48,-0.7575757575757582
2026-06-26,00878.TW,國泰永續高股息,籌碼面,因子轉弱,30.0,-80.0,-110.0,14.0,-26.0,32.71,False,,32.9,0.5808621216753217,33.32,1.8648731274839478,33.33,1.8954448180984331,33.19,1.4674411494955575
2026-06-26,1303.TW,南亞,技術面,因子轉弱,45.0,5.0,-40.0,42.0,14.0,148.0,False,,151.5,2.364864864864865,183.0,23.64864864864865,197.0,33.108108108108105,181.5,22.635135135135133
2026-06-26,1303.TW,南亞,籌碼面,因子轉弱,60.0,30.0,-30.0,42.0,14.0,148.0,False,,151.5,2.364864864864865,183.0,23.64864864864865,197.0,33.108108108108105,181.5,22.635135135135133
2026-06-26,2303.TW,聯電,技術面,因子轉弱,55.0,5.0,-50.0,34.0,-30.0,164.0,True,10,164.0,0.0,169.0,3.048780487804878,170.5,3.9634146341463414,156.0,-4.878048780487805
2026-06-26,2303.TW,聯電,籌碼面,因子轉弱,30.0,-80.0,-110.0,34.0,-30.0,164.0,True,10,164.0,0.0,169.0,3.048780487804878,170.5,3.9634146341463414,156.0,-4.878048780487805
2026-06-26,2312.TW,金寶,技術面,因子轉弱,45.0,-30.0,-75.0,-12.0,-42.0,33.5,False,,33.6,0.2985074626865714,34.8,3.880597014925365,35.55,6.119402985074618,34.2,2.0895522388059784
2026-06-26,2324.TW,仁寶,技術面,因子轉弱,-20.0,-45.0,-25.0,-38.0,-48.0,34.8,False,,34.2,-1.7241379310344664,34.6,-0.5747126436781487,34.95,0.4310344827586371,36.6,5.172413793103461
2026-06-26,2327.TW,國巨,技術面,因子轉弱,45.0,15.0,-30.0,42.0,-26.0,1015.0,True,10,1040.0,2.4630541871921183,1140.0,12.31527093596059,1045.0,2.955665024630542,900.0,-11.330049261083744
2026-06-26,2327.TW,國巨,籌碼面,因子轉弱,60.0,-80.0,-140.0,42.0,-26.0,1015.0,True,10,1040.0,2.4630541871921183,1140.0,12.31527093596059,1045.0,2.955665024630542,900.0,-11.330049261083744
2026-06-26,2329.TW,華泰,技術面,因子轉弱,45.0,-20.0,-65.0,30.0,-40.0,53.4,True,10,52.3,-2.0599250936329616,53.1,-0.5617977528089835,54.6,2.2471910112359605,50.6,-5.24344569288389
2026-06-26,2329.TW,華泰,籌碼面,因子轉弱,30.0,-80.0,-110.0,30.0,-40.0,53.4,True,10,52.3,-2.0599250936329616,53.1,-0.5617977528089835,54.6,2.2471910112359605,50.6,-5.24344569288389
2026-06-26,2338.TW,光罩,籌碼面,因子轉弱,30.0,-80.0,-110.0,4.0,-36.0,47.5,False,,47.75,0.5263157894736842,53.2,12.000000000000007,51.5,8.421052631578947,47.7,0.42105263157895334
2026-06-26,2344.TW,華邦電,技術面,因子轉弱,45.0,5.0,-40.0,6.0,-30.0,206.5,True,3,203.0,-1.694915254237288,190.0,-7.990314769975787,184.5,-10.653753026634384,176.5,-14.527845036319611
2026-06-26,2344.TW,華邦電,籌碼面,因子轉弱,-30.0,-80.0,-50.0,6.0,-30.0,206.5,True,3,203.0,-1.694915254237288,190.0,-7.990314769975787,184.5,-10.653753026634384,176.5,-14.527845036319611
2026-06-26,2345.TW,智邦,技術面,因子轉弱,-10.0,-35.0,-25.0,-34.0,-24.0,2380.0,False,,2340.0,-1.680672268907563,2660.0,11.76470588235294,2735.0,14.915966386554622,2470.0,3.7815126050420167
2026-06-26,2356.TW,英業達,技術面,因子轉弱,-20.0,-55.0,-35.0,-22.0,-28.0,63.3,False,,64.3,1.5797788309636653,66.9,5.687203791469208,67.6,6.793048973143756,69.8,10.268562401263823
2026-06-26,2374.TW,佳能,技術面,因子轉弱,40.0,-10.0,-50.0,-2.0,-26.0,74.8,False,,73.0,-2.4064171122994615,73.5,-1.737967914438499,77.1,3.074866310160424,75.0,0.2673796791443888
2026-06-26,2382.TW,廣達,籌碼面,因子轉弱,20.0,-55.0,-75.0,0.0,-36.0,362.0,False,,367.0,1.3812154696132597,372.0,2.7624309392265194,377.0,4.143646408839778,373.5,3.1767955801104977
2026-06-26,2401.TW,凌陽,技術面,因子轉弱,55.0,5.0,-50.0,42.0,22.0,31.65,False,,31.4,-0.7898894154818327,31.2,-1.4218009478672964,33.45,5.687203791469208,33.0,4.2654028436019
2026-06-26,2408.TW,南亞科,技術面,因子轉弱,45.0,15.0,-30.0,30.0,18.0,449.0,True,3,453.0,0.8908685968819599,421.0,-6.23608017817372,409.5,-8.797327394209354,435.5,-3.0066815144766146
2026-06-26,2409.TW,友達,技術面,因子轉弱,45.0,5.0,-40.0,-12.0,-20.0,27.95,False,,30.6,9.481216457960652,30.65,9.660107334525938,30.0,7.334525939177104,31.45,12.522361359570663
2026-06-26,2454.TW,聯發科,技術面,因子轉弱,-20.0,-40.0,-20.0,-30.0,-46.0,3880.0,False,,3910.0,0.7731958762886598,4335.0,11.72680412371134,4195.0,8.118556701030927,3925.0,1.1597938144329898
2026-06-26,2498.TW,宏達電,籌碼面,因子轉弱,30.0,-100.0,-130.0,14.0,-42.0,42.9,False,,43.2,0.6993006993007093,43.45,1.2820512820512922,44.45,3.6130536130536233,45.15,5.244755244755245
2026-06-26,2606.TW,裕民,技術面,因子轉弱,-15.0,-45.0,-30.0,18.0,-6.0,59.6,False,,60.1,0.8389261744966443,59.5,-0.16778523489933125,61.8,3.6912751677852276,63.1,5.87248322147651
2026-06-26,2606.TW,裕民,籌碼面,因子轉弱,60.0,30.0,-30.0,18.0,-6.0,59.6,False,,60.1,0.8389261744966443,59.5,-0.16778523489933125,61.8,3.6912751677852276,63.1,5.87248322147651
2026-06-26,2607.TW,榮運,技術面,因子轉弱,35.0,-20.0,-55.0,12.0,-26.0,48.45,True,5,48.65,0.4127966976264102,48.65,0.4127966976264102,46.25,-4.5407636738906145,46.35,-4.334365325077402
2026-06-26,2607.TW,榮運,籌碼面,因子轉弱,-5.0,-45.0,-40.0,12.0,-26.0,48.45,True,5,48.65,0.4127966976264102,48.65,0.4127966976264102,46.25,-4.5407636738906145,46.35,-4.334365325077402
2026-06-26,2707.TW,晶華,技術面,因子轉弱,35.0,-15.0,-50.0,34.0,14.0,178.5,False,,180.0,0.8403361344537815,178.0,-0.2801120448179272,180.0,0.8403361344537815,180.0,0.8403361344537815
2026-06-26,3013.TW,晟銘電,技術面,因子轉弱,-20.0,-45.0,-25.0,12.0,-10.0,103.0,False,,122.0,18.446601941747574,107.0,3.8834951456310676,111.5,8.25242718446602,102.0,-0.9708737864077669
2026-06-26,3013.TW,晟銘電,籌碼面,因子轉弱,50.0,20.0,-30.0,12.0,-10.0,103.0,False,,122.0,18.446601941747574,107.0,3.8834951456310676,111.5,8.25242718446602,102.0,-0.9708737864077669
2026-06-26,3017.TW,奇鋐,技術面,因子轉弱,20.0,-20.0,-40.0,20.0,-38.0,2255.0,False,,2300.0,1.9955654101995564,2620.0,16.186252771618626,2760.0,22.394678492239468,2350.0,4.212860310421286
2026-06-26,3017.TW,奇鋐,籌碼面,因子轉弱,30.0,-75.0,-105.0,20.0,-38.0,2255.0,False,,2300.0,1.9955654101995564,2620.0,16.186252771618626,2760.0,22.394678492239468,2350.0,4.212860310421286
2026-06-26,3035.TW,智原,技術面,因子轉弱,45.0,5.0,-40.0,38.0,22.0,206.5,False,,210.5,1.937046004842615,212.0,2.663438256658596,222.5,7.74818401937046,216.0,4.600484261501211
2026-06-26,3037.TW,欣興,籌碼面,因子轉弱,80.0,30.0,-50.0,44.0,18.0,975.0,True,10,976.0,0.10256410256410256,1040.0,6.666666666666667,969.0,-0.6153846153846154,875.0,-10.256410256410255
2026-06-26,3037.TW,欣興,量價面,因子轉弱,0.0,-20.0,-20.0,44.0,18.0,975.0,True,10,976.0,0.10256410256410256,1040.0,6.666666666666667,969.0,-0.6153846153846154,875.0,-10.256410256410255
2026-06-26,3105.TWO,穩懋,技術面,因子轉弱,5.0,-45.0,-50.0,2.0,-18.0,424.0,True,5,412.0,-2.8301886792452833,417.5,-1.5330188679245282,411.0,-3.0660377358490565,406.0,-4.245283018867925
2026-06-26,3211.TWO,順達,技術面,因子轉弱,-20.0,-80.0,-60.0,-8.0,-32.0,390.0,False,,392.5,0.641025641025641,408.0,4.615384615384616,436.0,11.794871794871794,454.0,16.41025641025641
2026-06-26,3231.TW,緯創,技術面,因子轉弱,-10.0,-45.0,-35.0,-26.0,-40.0,153.0,True,10,154.5,0.9803921568627451,159.5,4.248366013071895,159.0,3.9215686274509802,144.5,-5.555555555555555
2026-06-26,3260.TWO,威剛,技術面,因子轉弱,-20.0,-45.0,-25.0,-8.0,-18.0,397.5,False,,404.0,1.6352201257861636,398.5,0.25157232704402516,411.5,3.5220125786163523,410.0,3.1446540880503147
2026-06-26,3324.TWO,雙鴻,技術面,因子轉弱,30.0,-45.0,-75.0,12.0,-18.0,970.0,True,10,995.0,2.5773195876288657,1010.0,4.123711340206185,1020.0,5.154639175257731,920.0,-5.154639175257731
2026-06-26,3481.TW,群創,技術面,因子轉弱,45.0,5.0,-40.0,6.0,-20.0,65.0,False,,67.0,3.076923076923077,67.4,3.692307692307701,66.0,1.5384615384615385,65.3,0.4615384615384572
2026-06-26,4908.TWO,前鼎,技術面,因子轉弱,-20.0,-55.0,-35.0,-8.0,-22.0,185.0,True,3,183.0,-1.0810810810810811,173.0,-6.486486486486487,181.0,-2.1621621621621623,164.0,-11.351351351351353
2026-06-26,4966.TWO,譜瑞-KY,技術面,因子轉弱,-20.0,-45.0,-25.0,-8.0,-18.0,608.0,False,,631.0,3.7828947368421053,623.0,2.4671052631578947,654.0,7.565789473684211,655.0,7.730263157894737
2026-06-26,4967.TW,十銓,技術面,因子轉弱,-20.0,-45.0,-25.0,-30.0,-40.0,265.0,True,3,264.0,-0.37735849056603776,250.5,-5.471698113207547,260.0,-1.8867924528301887,233.0,-12.075471698113208
2026-06-26,4979.TWO,華星光,技術面,因子轉弱,-10.0,-45.0,-35.0,-4.0,-18.0,459.0,True,10,456.5,-0.5446623093681917,450.5,-1.8518518518518516,474.0,3.2679738562091507,432.5,-5.773420479302832
2026-06-26,5289.TWO,宜鼎,技術面,因子轉弱,5.0,-45.0,-50.0,2.0,-18.0,1605.0,True,10,1595.0,-0.6230529595015576,1575.0,-1.8691588785046727,1615.0,0.6230529595015576,1530.0,-4.672897196261682
2026-06-26,5530.TWO,龍巖,技術面,因子轉弱,0.0,-45.0,-45.0,0.0,-18.0,47.15,False,,47.05,-0.21208907741251626,48.2,2.2269353128313982,49.15,4.241781548250265,49.7,5.408271474019098
2026-06-26,5706.TW,鳳凰,技術面,因子轉弱,15.0,-15.0,-30.0,-22.0,-28.0,51.5,True,1,47.0,-8.737864077669903,46.95,-8.834951456310675,47.95,-6.89320388349514,47.2,-8.34951456310679
2026-06-26,6230.TW,超眾,籌碼面,因子轉弱,0.0,-50.0,-50.0,-18.0,-38.0,122.0,False,,121.0,-0.819672131147541,125.0,2.459016393442623,126.5,3.6885245901639343,120.0,-1.639344262295082
2026-06-26,6239.TW,力成,技術面,因子轉弱,5.0,-45.0,-50.0,-20.0,-38.0,314.0,False,,311.0,-0.9554140127388535,335.5,6.8471337579617835,338.0,7.643312101910828,320.0,1.910828025477707
2026-06-26,7769.TW,鴻勁,技術面,因子轉弱,-15.0,-55.0,-40.0,-28.0,-40.0,6500.0,False,,6395.0,-1.6153846153846154,6960.0,7.076923076923077,6800.0,4.615384615384616,6705.0,3.1538461538461537
2026-06-26,8039.TW,台虹,技術面,因子轉弱,5.0,-20.0,-25.0,-26.0,12.0,137.5,False,,137.5,0.0,145.5,5.818181818181818,149.5,8.727272727272728,169.0,22.90909090909091
2026-06-26,8150.TW,南茂,籌碼面,因子轉弱,30.0,-20.0,-50.0,14.0,-2.0,97.5,True,1,90.5,-7.179487179487179,107.0,9.743589743589745,105.0,7.6923076923076925,117.0,20.0
2026-06-26,8215.TW,明基材,技術面,因子轉弱,5.0,-45.0,-50.0,-24.0,-10.0,28.15,False,,28.9,2.664298401420959,29.15,3.5523978685612794,29.5,4.795737122557732,28.3,0.5328596802841994
2026-06-26,9105.TW,泰金寶-DR,技術面,因子轉弱,30.0,-45.0,-75.0,-10.0,-40.0,9.32,True,10,9.33,0.1072961373390535,9.41,0.9656652360515007,9.2,-1.28755364806868,8.88,-4.72103004291845
2026-06-29,00403A.TW,主動統一升級50,技術面,因子轉弱,15.0,-20.0,-35.0,-26.0,-30.0,10.62,False,,11.02,3.766478342749533,11.14,4.896421845574401,10.93,2.91902071563089,10.38,-2.259887005649703
2026-06-29,1718.TW,中纖,技術面,因子轉弱,90.0,70.0,-20.0,65.0,52.0,12.25,True,3,13.45,9.795918367346932,6.62,-45.95918367346939,15.2,24.08163265306122,14.35,17.14285714285714
2026-06-29,1718.TW,中纖,量價面,因子轉弱,25.0,0.0,-25.0,65.0,52.0,12.25,True,3,13.45,9.795918367346932,6.62,-45.95918367346939,15.2,24.08163265306122,14.35,17.14285714285714
2026-06-29,1802.TW,台玻,技術面,因子轉弱,5.0,-20.0,-25.0,22.0,-30.0,68.0,True,10,74.8,9.999999999999996,70.4,3.5294117647058907,67.9,-0.14705882352940342,64.2,-5.588235294117643
2026-06-29,1802.TW,台玻,籌碼面,因子轉弱,50.0,-55.0,-105.0,22.0,-30.0,68.0,True,10,74.8,9.999999999999996,70.4,3.5294117647058907,67.9,-0.14705882352940342,64.2,-5.588235294117643
2026-06-29,2002.TW,中鋼,籌碼面,因子轉弱,60.0,-75.0,-135.0,22.0,-32.0,19.05,True,10,18.8,-1.3123359580052494,18.6,-2.362204724409445,19.0,-0.2624671916010536,18.4,-3.4120734908136594
2026-06-29,2312.TW,金寶,技術面,因子轉弱,-30.0,-55.0,-25.0,-42.0,-44.0,33.6,False,,35.15,4.613095238095229,34.85,3.7202380952380953,34.1,1.488095238095238,32.8,-2.380952380952394
2026-06-29,2329.TW,華泰,技術面,因子轉弱,-20.0,-80.0,-60.0,-40.0,-54.0,52.3,True,10,53.7,2.6768642447418847,53.0,1.3384321223709423,51.7,-1.1472275334607922,48.45,-7.361376673040143
2026-06-29,2330.TW,台積電,技術面,因子轉弱,15.0,-20.0,-35.0,-16.0,-20.0,2370.0,False,,2410.0,1.6877637130801686,2465.0,4.008438818565401,2460.0,3.79746835443038,2440.0,2.9535864978902953
2026-06-29,2331.TW,精英,技術面,因子轉弱,-30.0,-55.0,-25.0,-42.0,-52.0,20.95,False,,21.45,2.386634844868735,21.1,0.7159904534606307,21.3,1.6706443914081215,20.9,-0.2386634844868769
2026-06-29,2337.TW,旺宏,技術面,因子轉弱,15.0,-20.0,-35.0,18.0,-48.0,158.5,True,5,155.5,-1.8927444794952681,155.5,-1.8927444794952681,144.5,-8.832807570977918,138.0,-12.933753943217665
2026-06-29,2337.TW,旺宏,籌碼面,因子轉弱,30.0,-100.0,-130.0,18.0,-48.0,158.5,True,5,155.5,-1.8927444794952681,155.5,-1.8927444794952681,144.5,-8.832807570977918,138.0,-12.933753943217665
2026-06-29,2345.TW,智邦,籌碼面,因子轉弱,-25.0,-75.0,-50.0,-24.0,-48.0,2340.0,False,,2495.0,6.623931623931624,2750.0,17.52136752136752,2645.0,13.034188034188036,2405.0,2.7777777777777777
2026-06-29,2374.TW,佳能,技術面,因子轉弱,-10.0,-30.0,-20.0,-26.0,-42.0,73.0,False,,83.2,13.972602739726032,77.0,5.47945205479452,77.4,6.027397260273981,75.5,3.4246575342465753
2026-06-29,2382.TW,廣達,技術面,因子轉弱,-35.0,-55.0,-20.0,-36.0,-34.0,367.0,False,,368.0,0.2724795640326975,369.0,0.544959128065395,378.0,2.997275204359673,378.0,2.997275204359673
2026-06-29,2408.TW,南亞科,籌碼面,因子轉弱,30.0,-30.0,-60.0,18.0,-10.0,453.0,True,3,452.5,-0.11037527593818984,407.0,-10.154525386313466,420.5,-7.174392935982341,423.0,-6.622516556291391
2026-06-29,2421.TW,建準,技術面,因子轉弱,-20.0,-55.0,-35.0,-38.0,-42.0,138.0,False,,142.0,2.898550724637681,142.0,2.898550724637681,148.5,7.608695652173914,138.0,0.0
2026-06-29,2498.TW,宏達電,技術面,因子轉弱,-5.0,-55.0,-50.0,-42.0,-52.0,43.2,False,,45.35,4.9768518518518485,43.5,0.6944444444444378,45.0,4.16666666666666,43.8,1.3888888888888755
2026-06-29,2603.TW,長榮,技術面,因子轉弱,30.0,-55.0,-85.0,36.0,-44.0,184.0,False,,184.5,0.2717391304347826,185.5,0.8152173913043478,195.5,6.25,195.0,5.978260869565218
2026-06-29,2603.TW,長榮,籌碼面,因子轉弱,60.0,-55.0,-115.0,36.0,-44.0,184.0,False,,184.5,0.2717391304347826,185.5,0.8152173913043478,195.5,6.25,195.0,5.978260869565218
2026-06-29,2606.TW,裕民,籌碼面,因子轉弱,30.0,-80.0,-110.0,-6.0,-54.0,60.1,False,,60.3,0.33277870216305444,60.0,-0.16638935108153316,62.2,3.4941763727121486,63.9,6.322795341098166
2026-06-29,2609.TW,陽明,籌碼面,因子轉弱,50.0,-50.0,-100.0,2.0,-22.0,51.4,False,,52.0,1.167315175097279,51.0,-0.7782101167315147,53.0,3.1128404669260727,50.1,-2.5291828793774265
2026-06-29,2610.TW,華航,技術面,因子轉弱,45.0,5.0,-40.0,50.0,34.0,23.1,True,10,23.7,2.597402597402588,22.85,-1.0822510822510822,22.45,-2.813852813852823,21.05,-8.874458874458876
2026-06-29,2881.TW,富邦金,技術面,因子轉弱,15.0,-10.0,-25.0,-24.0,-44.0,128.5,True,3,129.5,0.7782101167315175,119.5,-7.003891050583658,121.5,-5.447470817120623,127.0,-1.1673151750972763
2026-06-29,2882.TW,國泰金,技術面,因子轉弱,20.0,-5.0,-25.0,-14.0,-24.0,101.5,True,1,98.3,-3.1527093596059137,93.5,-7.8817733990147785,93.4,-7.980295566502457,96.7,-4.729064039408864
2026-06-29,2891.TW,中信金,技術面,因子轉弱,5.0,-20.0,-25.0,-28.0,16.0,70.3,True,10,71.0,0.9957325746799472,69.9,-0.5689900426742411,71.4,1.5647226173542084,66.5,-5.405405405405402
2026-06-29,3035.TW,智原,籌碼面,因子轉弱,50.0,-55.0,-105.0,22.0,-20.0,210.5,False,,211.0,0.23752969121140144,224.0,6.413301662707839,211.0,0.23752969121140144,213.0,1.187648456057007
2026-06-29,3037.TW,欣興,籌碼面,因子轉弱,30.0,-30.0,-60.0,18.0,-4.0,976.0,True,5,1070.0,9.631147540983607,979.0,0.3073770491803279,917.0,-6.045081967213115,903.0,-7.479508196721311
2026-06-29,3189.TW,景碩,籌碼面,因子轉弱,60.0,30.0,-30.0,48.0,30.0,810.0,True,5,891.0,10.0,830.0,2.4691358024691357,763.0,-5.802469135802469,819.0,1.1111111111111112
2026-06-29,3673.TW,TPK-KY,技術面,因子轉弱,-30.0,-55.0,-25.0,-24.0,-34.0,76.5,False,,80.4,5.098039215686282,83.8,9.542483660130715,81.2,6.1437908496732065,78.0,1.9607843137254901
2026-06-29,3711.TW,日月光投控,籌碼面,因子轉弱,30.0,-80.0,-110.0,18.0,-30.0,627.0,False,,680.0,8.452950558213717,727.0,15.94896331738437,679.0,8.293460925039872,670.0,6.8580542264752795
2026-06-29,4903.TWO,聯光通,技術面,因子轉弱,30.0,-30.0,-60.0,12.0,-12.0,39.2,False,,40.5,3.3163265306122374,40.05,2.1683673469387608,40.6,3.5714285714285676,39.0,-0.5102040816326603
2026-06-29,4931.TWO,新盛力,技術面,因子轉弱,5.0,-55.0,-60.0,2.0,-22.0,232.5,False,,239.0,2.795698924731183,239.0,2.795698924731183,261.0,12.258064516129032,237.0,1.935483870967742
2026-06-29,5469.TW,瀚宇博,技術面,因子轉弱,60.0,40.0,-20.0,56.0,28.0,89.3,True,10,89.3,0.0,87.5,-2.0156774916013407,88.0,-1.4557670772676339,80.1,-10.302351623740206
2026-06-29,5469.TW,瀚宇博,籌碼面,因子轉弱,80.0,30.0,-50.0,56.0,28.0,89.3,True,10,89.3,0.0,87.5,-2.0156774916013407,88.0,-1.4557670772676339,80.1,-10.302351623740206
2026-06-29,5706.TW,鳳凰,技術面,因子轉弱,-15.0,-45.0,-30.0,-28.0,-40.0,47.0,False,,47.0,0.0,46.85,-0.3191489361702098,48.05,2.2340425531914834,47.05,0.1063829787233982
2026-06-29,6191.TW,精成科,技術面,因子轉弱,65.0,40.0,-25.0,58.0,48.0,106.0,True,10,106.5,0.4716981132075472,108.0,1.8867924528301887,103.5,-2.358490566037736,96.2,-9.245283018867923
2026-06-29,6213.TW,聯茂,籌碼面,因子轉弱,80.0,50.0,-30.0,54.0,38.0,344.0,False,,370.5,7.703488372093023,394.0,14.534883720930234,379.0,10.174418604651162,348.5,1.308139534883721
2026-06-29,6269.TW,台郡,技術面,因子轉弱,5.0,-20.0,-25.0,-30.0,-38.0,68.4,True,3,71.0,3.8011695906432665,65.7,-3.9473684210526354,66.7,-2.4853801169590684,61.9,-9.502923976608196
2026-06-29,6274.TWO,台燿,技術面,因子轉弱,5.0,-20.0,-25.0,2.0,-8.0,1555.0,False,,1680.0,8.038585209003216,1690.0,8.681672025723474,1630.0,4.823151125401929,1550.0,-0.3215434083601286
2026-06-29,6426.TW,統新,技術面,因子轉弱,-20.0,-55.0,-35.0,-16.0,-30.0,190.0,True,5,192.0,1.0526315789473684,201.0,5.7894736842105265,183.0,-3.684210526315789,174.5,-8.157894736842106
2026-06-29,8039.TW,台虹,籌碼面,因子轉弱,50.0,-55.0,-105.0,12.0,-30.0,137.5,False,,149.0,8.363636363636363,151.0,9.818181818181818,141.0,2.5454545454545454,185.5,34.909090909090914
2026-06-29,8046.TW,南電,技術面,因子轉弱,70.0,45.0,-25.0,60.0,50.0,1080.0,False,,1185.0,9.722222222222223,1145.0,6.018518518518518,1075.0,-0.4629629629629629,1270.0,17.59259259259259
2026-06-29,8150.TW,南茂,技術面,因子轉弱,15.0,-20.0,-35.0,-2.0,-38.0,90.5,False,,99.5,9.94475138121547,108.5,19.88950276243094,115.5,27.624309392265197,115.0,27.071823204419886
2026-06-29,8150.TW,南茂,籌碼面,因子轉弱,-20.0,-75.0,-55.0,-2.0,-38.0,90.5,False,,99.5,9.94475138121547,108.5,19.88950276243094,115.5,27.624309392265197,115.0,27.071823204419886
2026-06-29,8215.TW,明基材,籌碼面,因子轉弱,20.0,-50.0,-70.0,-10.0,-28.0,28.9,True,10,30.35,5.017301038062294,30.1,4.152249134948107,30.25,4.6712802768166135,27.4,-5.190311418685122
2026-06-29,8299.TWO,群聯,技術面,因子轉弱,-20.0,-70.0,-50.0,-8.0,-28.0,2340.0,True,3,2385.0,1.9230769230769231,2240.0,-4.273504273504273,2290.0,-2.1367521367521367,2170.0,-7.264957264957266
2026-06-29,8358.TWO,金居,技術面,因子轉弱,15.0,-45.0,-60.0,6.0,-18.0,546.0,True,10,600.0,9.89010989010989,570.0,4.395604395604396,563.0,3.1135531135531136,498.0,-8.791208791208792
2026-06-30,1409.TW,新纖,技術面,因子轉弱,5.0,-20.0,-25.0,-28.0,-38.0,26.05,False,,25.65,-1.5355086372360927,30.25,16.122840690978883,29.25,12.284069097888672,25.9,-0.5758157389635399
2026-06-30,1714.TW,和桐,籌碼面,因子轉弱,80.0,-45.0,-125.0,50.0,0.0,19.65,True,5,19.3,-1.781170483460549,22.75,15.776081424936395,18.85,-4.071246819338408,17.05,-13.231552162849864
2026-06-30,2327.TW,國巨,籌碼面,因子轉弱,30.0,-55.0,-85.0,14.0,6.0,1140.0,True,3,1140.0,0.0,1045.0,-8.333333333333332,905.0,-20.614035087719298,778.0,-31.75438596491228
2026-06-30,2344.TW,華邦電,技術面,因子轉弱,5.0,-20.0,-25.0,-20.0,-30.0,207.5,True,1,190.0,-8.433734939759036,184.5,-11.08433734939759,174.0,-16.14457831325301,164.5,-20.722891566265062
2026-06-30,2353.TW,宏碁,籌碼面,因子轉弱,30.0,-55.0,-85.0,-10.0,-24.0,33.1,True,1,32.1,-3.021148036253776,32.9,-0.6042296072507639,32.0,-3.3232628398791584,30.75,-7.099697885196378
2026-06-30,2356.TW,英業達,籌碼面,因子轉弱,80.0,-55.0,-135.0,10.0,-20.0,66.6,True,10,66.9,0.45045045045046755,67.6,1.5015015015015016,65.4,-1.8018018018017847,63.7,-4.354354354354342
2026-06-30,2376.TW,技嘉,籌碼面,因子轉弱,-5.0,-55.0,-50.0,-24.0,-20.0,344.0,False,,337.5,-1.88953488372093,338.5,-1.5988372093023258,344.0,0.0,334.0,-2.9069767441860463
2026-06-30,2383.TW,台光電,技術面,因子轉弱,5.0,-20.0,-25.0,26.0,16.0,5390.0,True,5,5535.0,2.6901669758812616,6080.0,12.80148423005566,5220.0,-3.153988868274583,4970.0,-7.792207792207792
2026-06-30,2408.TW,南亞科,技術面,因子轉弱,5.0,-20.0,-25.0,-10.0,16.0,452.5,True,1,421.0,-6.961325966850829,409.5,-9.502762430939226,403.0,-10.939226519337018,448.0,-0.9944751381215469
2026-06-30,2485.TW,兆赫,籌碼面,因子轉弱,60.0,30.0,-30.0,2.0,10.0,55.7,True,1,52.5,-5.745062836624781,53.6,-3.770197486535011,50.0,-10.233393177737886,47.3,-15.080789946140044
2026-06-30,2607.TW,榮運,籌碼面,因子轉弱,-20.0,-55.0,-35.0,-20.0,-40.0,48.6,True,3,48.65,0.10288065843620814,46.25,-4.835390946502061,45.9,-5.555555555555562,46.1,-5.1440329218107
2026-06-30,2707.TW,晶華,技術面,因子轉弱,60.0,10.0,-50.0,52.0,20.0,178.5,False,,178.0,-0.2801120448179272,180.0,0.8403361344537815,179.5,0.5602240896358543,180.0,0.8403361344537815
2026-06-30,2707.TW,晶華,籌碼面,因子轉弱,70.0,40.0,-30.0,52.0,20.0,178.5,False,,178.0,-0.2801120448179272,180.0,0.8403361344537815,179.5,0.5602240896358543,180.0,0.8403361344537815
2026-06-30,2748.TW,雲品,籌碼面,因子轉弱,50.0,20.0,-30.0,24.0,12.0,40.0,False,,39.85,-0.37499999999999645,40.1,0.25000000000000355,39.3,-1.750000000000007,39.4,-1.5000000000000036
2026-06-30,3013.TW,晟銘電,技術面,因子轉弱,45.0,-5.0,-50.0,38.0,-28.0,108.0,True,10,107.0,-0.9259259259259258,111.5,3.2407407407407405,105.5,-2.314814814814815,96.3,-10.833333333333336
2026-06-30,3013.TW,晟銘電,籌碼面,因子轉弱,50.0,-65.0,-115.0,38.0,-28.0,108.0,True,10,107.0,-0.9259259259259258,111.5,3.2407407407407405,105.5,-2.314814814814815,96.3,-10.833333333333336
2026-06-30,6191.TW,精成科,籌碼面,因子轉弱,80.0,50.0,-30.0,48.0,44.0,106.5,True,10,103.5,-2.8169014084507045,107.0,0.4694835680751174,105.5,-0.9389671361502347,96.9,-9.014084507042249
2026-06-30,6214.TW,精誠,籌碼面,因子轉弱,70.0,-45.0,-115.0,6.0,-14.0,134.0,False,,131.0,-2.2388059701492535,136.5,1.8656716417910446,135.0,0.7462686567164178,141.0,5.223880597014925
2026-06-30,6269.TW,台郡,技術面,因子轉弱,-20.0,-45.0,-25.0,-38.0,-48.0,71.0,True,1,65.5,-7.746478873239436,66.8,-5.9154929577464825,62.5,-11.971830985915492,60.0,-15.492957746478872
2026-06-30,7769.TW,鴻勁,籌碼面,因子轉弱,-20.0,-65.0,-45.0,-26.0,-44.0,6470.0,True,5,6960.0,7.573415765069552,6800.0,5.1004636785162285,6055.0,-6.414219474497681,6720.0,3.863987635239567
2026-06-30,8046.TW,南電,籌碼面,因子轉弱,80.0,50.0,-30.0,50.0,48.0,1185.0,True,5,1175.0,-0.8438818565400843,1185.0,0.0,1030.0,-13.080168776371309,1290.0,8.860759493670885
2026-07-01,0056.TW,元大高股息,籌碼面,因子轉弱,-30.0,-75.0,-45.0,-4.0,-18.0,52.75,False,,52.6,-0.284360189573457,53.25,0.9478672985781991,52.35,-0.7582938388625565,53.0,0.47393364928909953
2026-07-01,00878.TW,國泰永續高股息,籌碼面,因子轉弱,30.0,-30.0,-60.0,20.0,-4.0,33.32,False,,33.22,-0.30012004801921194,33.49,0.5102040816326582,33.2,-0.3601440576230415,33.21,-0.33013205282112673
2026-07-01,1718.TW,中纖,籌碼面,因子轉弱,60.0,-55.0,-115.0,56.0,0.0,12.4,True,1,6.62,-46.61290322580645,15.2,22.580645161290313,14.25,14.919354838709676,14.9,20.161290322580644
2026-07-01,1718.TW,中纖,量價面,因子轉弱,0.0,-20.0,-20.0,56.0,0.0,12.4,True,1,6.62,-46.61290322580645,15.2,22.580645161290313,14.25,14.919354838709676,14.9,20.161290322580644
2026-07-01,1802.TW,台玻,籌碼面,因子轉弱,80.0,30.0,-50.0,46.0,24.0,71.1,True,3,70.4,-0.9845288326300825,67.9,-4.500703234880434,66.0,-7.1729957805907105,63.2,-11.1111111111111
2026-07-01,2002.TW,中鋼,技術面,因子轉弱,5.0,-30.0,-35.0,26.0,-52.0,18.65,False,,18.6,-0.2680965147452931,19.0,1.876675603217166,18.7,0.26809651474531215,18.65,0.0
2026-07-01,2002.TW,中鋼,籌碼面,因子轉弱,60.0,-100.0,-160.0,26.0,-52.0,18.65,False,,18.6,-0.2680965147452931,19.0,1.876675603217166,18.7,0.26809651474531215,18.65,0.0
2026-07-01,2313.TW,華通,技術面,因子轉弱,-5.0,-55.0,-50.0,-32.0,-52.0,220.0,False,,228.5,3.8636363636363633,235.0,6.8181818181818175,224.0,1.8181818181818181,248.0,12.727272727272727
2026-07-01,2331.TW,精英,技術面,因子轉弱,-5.0,-55.0,-50.0,-22.0,-52.0,20.8,False,,21.1,1.4423076923076956,21.3,2.4038461538461537,20.5,-1.4423076923076956,20.65,-0.7211538461538564
2026-07-01,2337.TW,旺宏,技術面,因子轉弱,-20.0,-45.0,-25.0,16.0,-48.0,143.5,True,5,155.5,8.362369337979095,144.5,0.6968641114982579,138.5,-3.484320557491289,148.5,3.484320557491289
2026-07-01,2337.TW,旺宏,籌碼面,因子轉弱,60.0,-75.0,-135.0,16.0,-48.0,143.5,True,5,155.5,8.362369337979095,144.5,0.6968641114982579,138.5,-3.484320557491289,148.5,3.484320557491289
2026-07-01,2353.TW,宏碁,技術面,因子轉弱,-5.0,-45.0,-40.0,-24.0,-6.0,32.1,True,10,32.0,-0.31152647975078324,32.8,2.1806853582554386,32.3,0.6230529595015444,31.05,-3.2710280373831795
2026-07-01,2374.TW,佳能,技術面,因子轉弱,60.0,-45.0,-105.0,-6.0,-48.0,73.5,False,,77.0,4.761904761904762,77.4,5.3061224489795995,75.0,2.0408163265306123,72.8,-0.9523809523809563
2026-07-01,2383.TW,台光電,籌碼面,因子轉弱,60.0,0.0,-60.0,16.0,8.0,5535.0,True,5,5655.0,2.168021680216802,5475.0,-1.084010840108401,5315.0,-3.9747064137308037,5080.0,-8.220415537488709
2026-07-01,2401.TW,凌陽,技術面,因子轉弱,5.0,-20.0,-25.0,34.0,-20.0,31.2,False,,34.3,9.935897435897429,32.7,4.807692307692319,32.0,2.5641025641025665,31.2,0.0
2026-07-01,2401.TW,凌陽,籌碼面,因子轉弱,80.0,-30.0,-110.0,34.0,-20.0,31.2,False,,34.3,9.935897435897429,32.7,4.807692307692319,32.0,2.5641025641025665,31.2,0.0
2026-07-01,2408.TW,南亞科,籌碼面,因子轉弱,60.0,-55.0,-115.0,16.0,-30.0,421.0,True,1,407.0,-3.32541567695962,420.5,-0.11876484560570072,396.0,-5.938242280285035,481.0,14.251781472684085
2026-07-01,2409.TW,友達,籌碼面,因子轉弱,60.0,30.0,-30.0,52.0,34.0,30.65,True,5,30.5,-0.48939641109298065,31.7,3.425774877650899,29.55,-3.5889070146818858,28.3,-7.667210440456763
2026-07-01,2485.TW,兆赫,技術面,因子轉弱,-5.0,-45.0,-40.0,10.0,-6.0,52.5,True,5,52.3,-0.38095238095238637,53.1,1.1428571428571457,50.2,-4.380952380952376,49.4,-5.904761904761908
2026-07-01,2498.TW,宏達電,技術面,因子轉弱,20.0,-20.0,-40.0,-12.0,-38.0,43.45,False,,43.5,0.11507479861909586,45.0,3.567318757192168,44.95,3.452243958573072,44.3,1.956271576524728
2026-07-01,2603.TW,長榮,籌碼面,因子轉弱,-15.0,-80.0,-65.0,-12.0,-38.0,185.5,False,,185.5,0.0,195.5,5.3908355795148255,196.0,5.660377358490567,199.5,7.547169811320755
2026-07-01,2606.TW,裕民,籌碼面,因子轉弱,60.0,-100.0,-160.0,2.0,-58.0,59.5,False,,60.0,0.8403361344537815,62.2,4.5378151260504245,63.0,5.88235294117647,64.2,7.899159663865552
2026-07-01,2609.TW,陽明,技術面,因子轉弱,-15.0,-45.0,-30.0,-36.0,-58.0,50.7,False,,51.0,0.5917159763313553,53.0,4.536489151873761,52.3,3.1558185404339136,50.2,-0.9861932938856016
2026-07-01,2610.TW,華航,技術面,因子轉弱,45.0,15.0,-30.0,42.0,26.0,22.55,True,10,22.85,1.3303769401330408,22.45,-0.44345898004435214,22.05,-2.2172949002217295,21.2,-5.986696230598676
2026-07-01,2618.TW,長榮航,技術面,因子轉弱,70.0,15.0,-55.0,52.0,18.0,43.9,True,5,43.9,0.0,43.55,-0.7972665148063813,39.85,-9.225512528473798,42.15,-3.986332574031891
2026-07-01,2618.TW,長榮航,籌碼面,因子轉弱,60.0,30.0,-30.0,52.0,18.0,43.9,True,5,43.9,0.0,43.55,-0.7972665148063813,39.85,-9.225512528473798,42.15,-3.986332574031891
2026-07-01,2707.TW,晶華,技術面,因子轉弱,10.0,-30.0,-40.0,20.0,16.0,178.0,False,,178.5,0.2808988764044944,182.0,2.247191011235955,179.5,0.8426966292134831,180.0,1.1235955056179776
2026-07-01,2748.TW,雲品,技術面,因子轉弱,10.0,-15.0,-25.0,12.0,14.0,39.85,False,,39.65,-0.5018820577164437,40.0,0.3764115432873239,39.45,-1.0037641154328698,40.3,1.1292346298619718
2026-07-01,2882.TW,國泰金,技術面,因子轉弱,-5.0,-35.0,-30.0,-24.0,-2.0,95.0,False,,93.5,-1.5789473684210527,93.4,-1.6842105263157836,98.0,3.1578947368421053,96.6,1.6842105263157836
2026-07-01,2886.TW,兆豐金,技術面,因子轉弱,55.0,20.0,-35.0,46.0,32.0,46.15,False,,46.0,-0.3250270855904628,46.3,0.3250270855904628,46.8,1.4084507042253491,46.0,-0.3250270855904628
2026-07-01,2891.TW,中信金,籌碼面,因子轉弱,60.0,-55.0,-115.0,36.0,-10.0,70.6,True,10,69.9,-0.9915014164305789,71.4,1.1331444759206961,71.3,0.9915014164305991,63.5,-10.056657223796027
2026-07-01,3035.TW,智原,技術面,因子轉弱,5.0,-20.0,-25.0,-10.0,-20.0,212.0,False,,224.0,5.660377358490567,211.0,-0.4716981132075472,216.0,1.8867924528301887,207.0,-2.358490566037736
2026-07-01,3062.TW,建漢,技術面,因子轉弱,-15.0,-55.0,-40.0,-28.0,-44.0,24.45,True,10,24.65,0.817995910020447,24.9,1.8404907975460092,24.2,-1.0224948875255624,23.25,-4.907975460122697
2026-07-01,3081.TWO,聯亞,技術面,因子轉弱,20.0,-55.0,-75.0,8.0,-22.0,1980.0,True,10,1940.0,-2.0202020202020203,2000.0,1.0101010101010102,2095.0,5.808080808080808,1755.0,-11.363636363636363
2026-07-01,3163.TWO,波若威,技術面,因子轉弱,-5.0,-45.0,-40.0,-2.0,-18.0,750.0,False,,775.0,3.3333333333333335,799.0,6.533333333333332,777.0,3.5999999999999996,754.0,0.5333333333333333
2026-07-01,3260.TWO,威剛,技術面,因子轉弱,5.0,-35.0,-40.0,2.0,-14.0,398.5,False,,409.0,2.6348808030112925,410.5,3.0112923462986196,404.0,1.3801756587202008,408.0,2.3839397741530743
2026-07-01,3481.TW,群創,技術面,因子轉弱,45.0,5.0,-40.0,-4.0,-12.0,67.4,True,5,67.6,0.2967359050444935,69.2,2.670623145400589,65.2,-3.264094955489618,58.5,-13.204747774480719
2026-07-01,3673.TW,TPK-KY,技術面,因子轉弱,-5.0,-45.0,-40.0,-24.0,-40.0,76.2,False,,83.8,9.973753280839887,81.2,6.561679790026247,78.1,2.493438320209963,74.2,-2.6246719160104988
2026-07-01,4908.TWO,前鼎,技術面,因子轉弱,5.0,-45.0,-50.0,2.0,-18.0,173.0,True,10,172.5,-0.2890173410404624,175.0,1.1560693641618496,170.0,-1.7341040462427744,155.5,-10.115606936416185
2026-07-01,4931.TWO,新盛力,技術面,因子轉弱,-20.0,-45.0,-25.0,-8.0,-18.0,236.0,True,10,239.0,1.2711864406779663,261.0,10.59322033898305,272.0,15.254237288135593,224.0,-5.084745762711865
2026-07-01,4967.TW,十銓,籌碼面,因子轉弱,-20.0,-55.0,-35.0,-26.0,-40.0,250.5,True,5,256.0,2.19560878243513,261.0,4.191616766467066,233.0,-6.986027944111776,230.5,-7.984031936127744
2026-07-01,4979.TWO,華星光,技術面,因子轉弱,-5.0,-55.0,-50.0,-2.0,-22.0,450.5,True,5,445.0,-1.2208657047724751,457.0,1.4428412874583796,434.5,-3.551609322974473,410.0,-8.990011098779133
2026-07-01,5469.TW,瀚宇博,技術面,因子轉弱,45.0,5.0,-40.0,50.0,14.0,86.6,True,5,87.5,1.039260969976912,88.0,1.6166281755196372,83.5,-3.5796766743648902,76.7,-11.43187066974595
2026-07-01,5469.TW,瀚宇博,籌碼面,因子轉弱,80.0,30.0,-50.0,50.0,14.0,86.6,True,5,87.5,1.039260969976912,88.0,1.6166281755196372,83.5,-3.5796766743648902,76.7,-11.43187066974595
2026-07-01,6116.TW,彩晶,技術面,因子轉弱,45.0,-10.0,-55.0,-4.0,-26.0,18.35,True,5,18.5,0.8174386920980847,18.2,-0.8174386920981042,17.25,-5.994550408719354,16.7,-8.99182561307903
2026-07-01,6213.TW,聯茂,籌碼面,因子轉弱,80.0,50.0,-30.0,56.0,38.0,360.0,True,10,394.0,9.444444444444445,379.0,5.277777777777778,385.0,6.944444444444445,325.0,-9.722222222222223
2026-07-01,6285.TW,啟碁,籌碼面,因子轉弱,60.0,-45.0,-105.0,26.0,-16.0,249.0,False,,258.0,3.614457831325301,258.5,3.815261044176707,251.5,1.0040160642570282,267.0,7.228915662650602
2026-07-01,8039.TW,台虹,技術面,因子轉弱,60.0,35.0,-25.0,2.0,34.0,145.5,True,3,151.0,3.7800687285223367,141.0,-3.0927835051546393,154.0,5.841924398625429,199.5,37.11340206185567
2026-07-01,8046.TW,南電,技術面,因子轉弱,70.0,45.0,-25.0,48.0,50.0,1175.0,True,3,1145.0,-2.553191489361702,1075.0,-8.51063829787234,1105.0,-5.957446808510639,1415.0,20.425531914893615
2026-07-01,8215.TW,明基材,技術面,因子轉弱,20.0,-20.0,-40.0,-14.0,-4.0,29.15,True,10,30.1,3.2590051457976084,30.25,3.773584905660382,28.55,-2.0583190394511077,27.4,-6.003430531732419
2026-07-02,1718.TW,中纖,技術面,因子轉弱,65.0,10.0,-55.0,0.0,28.0,6.62,False,,14.95,125.83081570996977,14.95,125.83081570996977,14.2,114.50151057401811,14.65,121.29909365558913
2026-07-02,1802.TW,台玻,籌碼面,因子轉弱,30.0,-75.0,-105.0,24.0,-22.0,70.4,True,3,68.8,-2.2727272727272845,64.6,-8.23863636363638,65.0,-7.670454545454552,61.7,-12.357954545454549
2026-07-02,2303.TW,聯電,技術面,因子轉弱,45.0,20.0,-25.0,6.0,-22.0,165.5,True,3,170.5,3.0211480362537766,155.0,-6.3444108761329305,156.0,-5.740181268882175,160.0,-3.3232628398791544
2026-07-02,2303.TW,聯電,籌碼面,因子轉弱,-30.0,-75.0,-45.0,6.0,-22.0,165.5,True,3,170.5,3.0211480362537766,155.0,-6.3444108761329305,156.0,-5.740181268882175,160.0,-3.3232628398791544
2026-07-02,2327.TW,國巨,技術面,因子轉弱,55.0,5.0,-50.0,10.0,-28.0,1055.0,True,3,1045.0,-0.9478672985781991,905.0,-14.218009478672986,900.0,-14.691943127962084,776.0,-26.445497630331754
2026-07-02,2327.TW,國巨,籌碼面,因子轉弱,-30.0,-75.0,-45.0,10.0,-28.0,1055.0,True,3,1045.0,-0.9478672985781991,905.0,-14.218009478672986,900.0,-14.691943127962084,776.0,-26.445497630331754
2026-07-02,2330.TW,台積電,籌碼面,因子轉弱,-15.0,-55.0,-40.0,8.0,-14.0,2465.0,False,,2445.0,-0.8113590263691683,2440.0,-1.0141987829614605,2415.0,-2.028397565922921,2470.0,0.2028397565922921
2026-07-02,2338.TW,光罩,技術面,因子轉弱,40.0,20.0,-20.0,40.0,-14.0,51.4,True,3,51.5,0.19455252918288216,48.15,-6.3229571984435795,47.7,-7.198443579766529,48.0,-6.614785992217896
2026-07-02,2338.TW,光罩,籌碼面,因子轉弱,60.0,-55.0,-115.0,40.0,-14.0,51.4,True,3,51.5,0.19455252918288216,48.15,-6.3229571984435795,47.7,-7.198443579766529,48.0,-6.614785992217896
2026-07-02,2345.TW,智邦,籌碼面,因子轉弱,60.0,-25.0,-85.0,46.0,18.0,2750.0,True,3,2735.0,-0.5454545454545455,2455.0,-10.727272727272727,2470.0,-10.181818181818182,2320.0,-15.636363636363637
2026-07-02,2353.TW,宏碁,籌碼面,因子轉弱,30.0,-55.0,-85.0,-6.0,-44.0,32.0,True,10,32.9,2.8124999999999956,32.0,0.0,32.5,1.5625,30.75,-3.90625
2026-07-02,2368.TW,金像電,籌碼面,因子轉弱,30.0,-65.0,-95.0,-10.0,-24.0,1235.0,True,3,1305.0,5.668016194331984,1135.0,-8.097165991902834,1075.0,-12.955465587044534,1005.0,-18.62348178137652
2026-07-02,2376.TW,技嘉,籌碼面,因子轉弱,30.0,-55.0,-85.0,10.0,-24.0,338.5,False,,338.5,0.0,344.0,1.6248153618906942,336.5,-0.5908419497784343,337.0,-0.4431314623338257
2026-07-02,2409.TW,友達,籌碼面,因子轉弱,30.0,-55.0,-85.0,34.0,-4.0,30.5,True,3,30.0,-1.639344262295082,29.35,-3.770491803278684,31.45,3.1147540983606534,27.65,-9.344262295081972
2026-07-02,2421.TW,建準,技術面,因子轉弱,-5.0,-55.0,-50.0,-8.0,6.0,142.0,True,10,149.0,4.929577464788732,144.0,1.4084507042253522,142.5,0.35211267605633806,135.0,-4.929577464788732
2026-07-02,2618.TW,長榮航,籌碼面,因子轉弱,30.0,-55.0,-85.0,18.0,-4.0,43.9,True,3,43.85,-0.11389521640090469,42.4,-3.416856492027335,39.6,-9.794988610478354,41.9,-4.555808656036446
2026-07-02,2707.TW,晶華,籌碼面,因子轉弱,70.0,30.0,-40.0,16.0,16.0,178.5,False,,180.0,0.8403361344537815,179.5,0.5602240896358543,180.0,0.8403361344537815,179.5,0.5602240896358543
2026-07-02,2731.TW,雄獅,技術面,因子轉弱,-5.0,-55.0,-50.0,-14.0,-40.0,148.0,False,,150.0,1.3513513513513513,148.0,0.0,145.5,-1.6891891891891893,146.5,-1.0135135135135136
2026-07-02,2881.TW,富邦金,技術面,因子轉弱,-5.0,-35.0,-30.0,22.0,10.0,119.5,False,,121.0,1.2552301255230125,123.0,2.928870292887029,124.5,4.184100418410042,125.0,4.602510460251046
2026-07-02,2891.TW,中信金,技術面,因子轉弱,30.0,-10.0,-40.0,-10.0,20.0,69.9,True,10,70.6,1.0014306151645045,70.2,0.4291845493562191,69.9,0.0,63.0,-9.871244635193142
2026-07-02,2892.TW,第一金,技術面,因子轉弱,80.0,5.0,-75.0,56.0,-20.0,32.1,False,,32.4,0.9345794392523276,33.3,3.7383177570093324,33.6,4.672897196261682,33.95,5.763239875389412
2026-07-02,2892.TW,第一金,籌碼面,因子轉弱,60.0,-55.0,-115.0,56.0,-20.0,32.1,False,,32.4,0.9345794392523276,33.3,3.7383177570093324,33.6,4.672897196261682,33.95,5.763239875389412
2026-07-02,3037.TW,欣興,技術面,因子轉弱,45.0,5.0,-40.0,42.0,-20.0,979.0,True,3,969.0,-1.0214504596527068,840.0,-14.198161389172625,875.0,-10.623084780388151,882.0,-9.908069458631257
2026-07-02,3037.TW,欣興,籌碼面,因子轉弱,60.0,-55.0,-115.0,42.0,-20.0,979.0,True,3,969.0,-1.0214504596527068,840.0,-14.198161389172625,875.0,-10.623084780388151,882.0,-9.908069458631257
2026-07-02,3189.TW,景碩,技術面,因子轉弱,45.0,5.0,-40.0,30.0,-20.0,830.0,True,3,833.0,0.3614457831325301,687.0,-17.2289156626506,795.0,-4.216867469879518,770.0,-7.228915662650602
2026-07-02,3189.TW,景碩,籌碼面,因子轉弱,30.0,-55.0,-85.0,30.0,-20.0,830.0,True,3,833.0,0.3614457831325301,687.0,-17.2289156626506,795.0,-4.216867469879518,770.0,-7.228915662650602
2026-07-02,3231.TW,緯創,籌碼面,因子轉弱,-15.0,-55.0,-40.0,-4.0,-4.0,158.5,True,5,159.0,0.31545741324921134,155.5,-1.8927444794952681,144.5,-8.832807570977918,146.5,-7.570977917981073
2026-07-02,4903.TWO,聯光通,技術面,因子轉弱,-20.0,-55.0,-35.0,-8.0,-22.0,40.05,True,10,41.8,4.369538077403246,39.25,-1.9975031210986198,39.5,-1.3732833957552988,38.5,-3.8701622971285827
2026-07-02,5439.TWO,高技,技術面,因子轉弱,0.0,-55.0,-55.0,0.0,-22.0,310.5,True,10,310.5,0.0,331.0,6.602254428341385,325.5,4.830917874396135,289.0,-6.924315619967794
2026-07-02,6239.TW,力成,籌碼面,因子轉弱,60.0,-55.0,-115.0,32.0,-14.0,333.5,True,5,338.0,1.3493253373313343,323.5,-2.998500749625187,320.0,-4.0479760119940025,316.5,-5.097451274362818
2026-07-02,8046.TW,南電,籌碼面,因子轉弱,80.0,-55.0,-135.0,50.0,-4.0,1145.0,True,3,1185.0,3.4934497816593884,1030.0,-10.043668122270741,1215.0,6.11353711790393,1275.0,11.353711790393014
2026-07-02,8150.TW,南茂,技術面,因子轉弱,60.0,30.0,-30.0,56.0,-10.0,108.5,True,1,105.0,-3.225806451612903,109.0,0.4608294930875576,117.0,7.834101382488479,122.5,12.903225806451612
2026-07-02,8150.TW,南茂,籌碼面,因子轉弱,80.0,-55.0,-135.0,56.0,-10.0,108.5,True,1,105.0,-3.225806451612903,109.0,0.4608294930875576,117.0,7.834101382488479,122.5,12.903225806451612
2026-07-02,8299.TWO,群聯,技術面,因子轉弱,-10.0,-30.0,-20.0,-4.0,-12.0,2240.0,True,3,2295.0,2.455357142857143,2145.0,-4.241071428571429,2220.0,-0.8928571428571428,1980.0,-11.607142857142858
2026-07-02,8358.TWO,金居,技術面,因子轉弱,30.0,5.0,-25.0,12.0,2.0,570.0,True,3,590.0,3.508771929824561,523.0,-8.24561403508772,533.0,-6.491228070175438,439.0,-22.982456140350877
2026-07-03,2027.TW,大成鋼,籌碼面,因子轉弱,60.0,-30.0,-90.0,30.0,-8.0,41.15,False,,41.3,0.36452004860266973,40.55,-1.458080194410696,40.0,-2.794653705953824,40.65,-1.2150668286755772
2026-07-03,2329.TW,華泰,籌碼面,因子轉弱,-30.0,-70.0,-40.0,-30.0,-36.0,53.0,True,5,54.6,3.0188679245283048,52.1,-1.698113207547167,51.4,-3.0188679245283048,45.15,-14.811320754716984
2026-07-03,2344.TW,華邦電,籌碼面,因子轉弱,60.0,-75.0,-135.0,16.0,-38.0,184.5,True,3,183.0,-0.8130081300813009,168.5,-8.672086720867208,176.5,-4.336043360433604,155.0,-15.989159891598916
2026-07-03,2345.TW,智邦,技術面,因子轉弱,70.0,45.0,-25.0,18.0,38.0,2735.0,True,1,2645.0,-3.2906764168190126,2415.0,-11.70018281535649,2470.0,-9.689213893967093,2090.0,-23.583180987202926
2026-07-03,2408.TW,南亞科,籌碼面,因子轉弱,60.0,-75.0,-135.0,16.0,-38.0,409.5,True,3,420.5,2.6862026862026864,396.0,-3.296703296703297,435.5,6.349206349206349,395.5,-3.418803418803419
2026-07-03,2409.TW,友達,技術面,因子轉弱,45.0,5.0,-40.0,-4.0,-28.0,30.0,True,10,31.7,5.666666666666664,29.55,-1.4999999999999978,31.45,4.833333333333331,25.8,-13.999999999999998
2026-07-03,2451.TW,創見,籌碼面,因子轉弱,70.0,-55.0,-125.0,10.0,-24.0,263.0,True,3,270.5,2.8517110266159698,250.0,-4.942965779467681,253.5,-3.6121673003802277,230.0,-12.547528517110266
2026-07-03,2454.TW,聯發科,技術面,因子轉弱,-5.0,-35.0,-30.0,-24.0,-44.0,4195.0,True,3,4125.0,-1.66865315852205,3995.0,-4.767580452920143,3925.0,-6.436233611442193,3370.0,-19.66626936829559
2026-07-03,2485.TW,兆赫,籌碼面,因子轉弱,60.0,20.0,-40.0,2.0,2.0,53.6,True,3,53.1,-0.9328358208955223,50.2,-6.3432835820895495,49.9,-6.90298507462687,43.4,-19.02985074626866
2026-07-03,2610.TW,華航,技術面,因子轉弱,5.0,-20.0,-25.0,26.0,-40.0,22.55,True,5,22.45,-0.44345898004435214,22.05,-2.2172949002217295,21.4,-5.099778270509987,20.75,-7.982261640798229
2026-07-03,2610.TW,華航,籌碼面,因子轉弱,60.0,-80.0,-140.0,26.0,-40.0,22.55,True,5,22.45,-0.44345898004435214,22.05,-2.2172949002217295,21.4,-5.099778270509987,20.75,-7.982261640798229
2026-07-03,2618.TW,長榮航,技術面,因子轉弱,45.0,5.0,-40.0,-4.0,14.0,43.85,True,3,43.55,-0.6841505131128945,39.85,-9.122006841505131,39.6,-9.692132269099202,41.2,-6.043329532497146
2026-07-03,2882.TW,國泰金,技術面,因子轉弱,-30.0,-55.0,-25.0,12.0,2.0,93.6,False,,93.4,-0.21367521367520156,98.0,4.700854700854707,96.3,2.8846153846153877,94.3,0.747863247863251
2026-07-03,2891.TW,中信金,籌碼面,因子轉弱,60.0,-30.0,-90.0,20.0,-4.0,70.6,True,10,71.4,1.1331444759206961,71.3,0.9915014164305991,69.9,-0.9915014164305789,62.1,-12.039660056657214
2026-07-03,3231.TW,緯創,技術面,因子轉弱,45.0,-5.0,-50.0,-4.0,-24.0,159.0,True,3,158.0,-0.628930817610063,146.5,-7.861635220125786,144.5,-9.119496855345911,139.0,-12.578616352201259
2026-07-03,3481.TW,群創,技術面,因子轉弱,20.0,-20.0,-40.0,-14.0,-38.0,66.0,True,10,69.2,4.848484848484853,65.2,-1.2121212121212077,65.3,-1.0606060606060648,52.6,-20.3030303030303
2026-07-03,3673.TW,TPK-KY,量價面,因子轉弱,0.0,-20.0,-20.0,26.0,26.0,82.4,True,3,81.2,-1.4563106796116538,78.1,-5.2184466019417615,77.8,-5.582524271844671,65.5,-20.50970873786408
2026-07-03,3711.TW,日月光投控,技術面,因子轉弱,60.0,20.0,-40.0,56.0,-24.0,682.0,True,3,679.0,-0.43988269794721413,625.0,-8.357771260997067,677.0,-0.7331378299120235,614.0,-9.970674486803519
2026-07-03,3711.TW,日月光投控,籌碼面,因子轉弱,80.0,-80.0,-160.0,56.0,-24.0,682.0,True,3,679.0,-0.43988269794721413,625.0,-8.357771260997067,677.0,-0.7331378299120235,614.0,-9.970674486803519
2026-07-03,4960.TW,誠美材,籌碼面,因子轉弱,60.0,-55.0,-115.0,6.0,-34.0,25.75,True,3,25.45,-1.1650485436893232,23.9,-7.1844660194174805,23.65,-8.155339805825248,21.55,-16.31067961165048
2026-07-03,4967.TW,十銓,籌碼面,因子轉弱,80.0,-55.0,-135.0,14.0,-24.0,260.0,True,3,261.0,0.38461538461538464,233.0,-10.384615384615385,233.0,-10.384615384615385,209.0,-19.615384615384617
2026-07-03,5289.TWO,宜鼎,技術面,因子轉弱,30.0,-55.0,-85.0,12.0,-22.0,1615.0,True,3,1645.0,1.8575851393188854,1515.0,-6.191950464396285,1530.0,-5.263157894736842,1275.0,-21.052631578947366
2026-07-03,5469.TW,瀚宇博,籌碼面,因子轉弱,30.0,-45.0,-75.0,14.0,-16.0,87.5,True,3,88.0,0.5714285714285714,83.5,-4.571428571428571,80.6,-7.8857142857142914,68.0,-22.285714285714285
2026-07-03,6285.TW,啟碁,籌碼面,因子轉弱,80.0,-75.0,-155.0,30.0,-32.0,258.0,True,10,258.5,0.1937984496124031,251.5,-2.5193798449612403,260.5,0.9689922480620154,234.5,-9.108527131782946
2026-07-03,7769.TW,鴻勁,籌碼面,因子轉弱,15.0,-45.0,-60.0,8.0,-20.0,6865.0,True,3,6800.0,-0.9468317552804079,6055.0,-11.798980335032775,6660.0,-2.986161689730517,6070.0,-11.580480699198835
2026-07-03,8215.TW,明基材,技術面,因子轉弱,30.0,-20.0,-50.0,32.0,0.0,29.5,True,3,30.25,2.5423728813559325,28.55,-3.220338983050845,28.3,-4.06779661016949,25.3,-14.237288135593218
2026-07-03,8215.TW,明基材,籌碼面,因子轉弱,50.0,20.0,-30.0,32.0,0.0,29.5,True,3,30.25,2.5423728813559325,28.55,-3.220338983050845,28.3,-4.06779661016949,25.3,-14.237288135593218
2026-07-03,9105.TW,泰金寶-DR,技術面,因子轉弱,-35.0,-55.0,-20.0,-36.0,-44.0,9.3,True,3,9.2,-1.0752688172043163,8.7,-6.451612903225821,8.64,-7.096774193548389,8.39,-9.78494623655914
2026-07-06,00403A.TW,主動統一升級50,籌碼面,因子轉弱,60.0,30.0,-30.0,32.0,14.0,10.93,True,1,10.45,-4.391582799634039,10.48,-4.117108874656901,10.38,-5.032021957913988,9.28,-15.096065873741999
2026-07-06,1303.TW,南亞,技術面,因子轉弱,60.0,5.0,-55.0,56.0,22.0,185.0,True,1,166.5,-10.0,181.5,-1.891891891891892,199.5,7.837837837837839,186.5,0.8108108108108109
2026-07-06,1303.TW,南亞,籌碼面,因子轉弱,80.0,50.0,-30.0,56.0,22.0,185.0,True,1,166.5,-10.0,181.5,-1.891891891891892,199.5,7.837837837837839,186.5,0.8108108108108109
2026-07-06,1409.TW,新纖,技術面,因子轉弱,90.0,65.0,-25.0,73.0,54.0,30.25,True,3,31.7,4.7933884297520635,26.55,-12.231404958677683,25.8,-14.710743801652889,23.7,-21.65289256198347
2026-07-06,1409.TW,新纖,量價面,因子轉弱,25.0,-20.0,-45.0,73.0,54.0,30.25,True,3,31.7,4.7933884297520635,26.55,-12.231404958677683,25.8,-14.710743801652889,23.7,-21.65289256198347
2026-07-06,1714.TW,和桐,技術面,因子轉弱,85.0,65.0,-20.0,63.0,0.0,20.9,True,1,18.85,-9.808612440191375,17.25,-17.46411483253588,16.65,-20.334928229665074,15.0,-28.22966507177033
2026-07-06,1714.TW,和桐,籌碼面,因子轉弱,60.0,-55.0,-115.0,63.0,0.0,20.9,True,1,18.85,-9.808612440191375,17.25,-17.46411483253588,16.65,-20.334928229665074,15.0,-28.22966507177033
2026-07-06,1714.TW,和桐,量價面,因子轉弱,25.0,-20.0,-45.0,63.0,0.0,20.9,True,1,18.85,-9.808612440191375,17.25,-17.46411483253588,16.65,-20.334928229665074,15.0,-28.22966507177033
2026-07-06,1718.TW,中纖,技術面,因子轉弱,80.0,60.0,-20.0,56.0,23.0,15.2,True,3,14.95,-1.644736842105263,14.2,-6.578947368421052,14.35,-5.592105263157893,13.0,-14.473684210526311
2026-07-06,1718.TW,中纖,籌碼面,因子轉弱,60.0,-15.0,-75.0,56.0,23.0,15.2,True,3,14.95,-1.644736842105263,14.2,-6.578947368421052,14.35,-5.592105263157893,13.0,-14.473684210526311
2026-07-06,2303.TW,聯電,技術面,因子轉弱,20.0,-20.0,-40.0,2.0,-30.0,166.0,True,1,155.0,-6.626506024096386,156.0,-6.024096385542169,153.5,-7.530120481927711,130.0,-21.686746987951807
2026-07-06,2303.TW,聯電,籌碼面,因子轉弱,-15.0,-55.0,-40.0,2.0,-30.0,166.0,True,1,155.0,-6.626506024096386,156.0,-6.024096385542169,153.5,-7.530120481927711,130.0,-21.686746987951807
2026-07-06,2308.TW,台達電,技術面,因子轉弱,5.0,-20.0,-25.0,-18.0,-38.0,1995.0,True,1,1890.0,-5.263157894736842,1880.0,-5.764411027568922,1890.0,-5.263157894736842,1705.0,-14.536340852130325
2026-07-06,2338.TW,光罩,技術面,因子轉弱,45.0,5.0,-40.0,42.0,14.0,50.6,True,1,48.15,-4.841897233201586,47.7,-5.731225296442685,46.5,-8.102766798418976,41.75,-17.4901185770751
2026-07-06,2338.TW,光罩,籌碼面,因子轉弱,60.0,30.0,-30.0,42.0,14.0,50.6,True,1,48.15,-4.841897233201586,47.7,-5.731225296442685,46.5,-8.102766798418976,41.75,-17.4901185770751
2026-07-06,2345.TW,智邦,技術面,因子轉弱,45.0,5.0,-40.0,38.0,22.0,2645.0,True,1,2455.0,-7.183364839319471,2470.0,-6.61625708884688,2405.0,-9.073724007561438,2090.0,-20.982986767485823
2026-07-06,2356.TW,英業達,籌碼面,因子轉弱,60.0,30.0,-30.0,32.0,30.0,67.2,True,5,65.4,-2.6785714285714244,69.8,3.86904761904761,64.7,-3.7202380952380953,57.2,-14.880952380952381
2026-07-06,2368.TW,金像電,籌碼面,因子轉弱,60.0,-55.0,-115.0,26.0,-26.0,1225.0,True,1,1135.0,-7.346938775510205,1075.0,-12.244897959183673,1045.0,-14.69387755102041,927.0,-24.3265306122449
2026-07-06,2376.TW,技嘉,技術面,因子轉弱,20.0,-20.0,-40.0,16.0,-26.0,336.5,False,,344.0,2.2288261515601784,336.5,0.0,335.5,-0.2971768202080238,331.0,-1.634472511144131
2026-07-06,2376.TW,技嘉,籌碼面,因子轉弱,20.0,-45.0,-65.0,16.0,-26.0,336.5,False,,344.0,2.2288261515601784,336.5,0.0,335.5,-0.2971768202080238,331.0,-1.634472511144131
2026-07-06,2382.TW,廣達,籌碼面,因子轉弱,80.0,30.0,-50.0,44.0,36.0,378.0,True,10,373.0,-1.3227513227513228,373.5,-1.1904761904761905,378.0,0.0,316.0,-16.402116402116402
2026-07-06,2383.TW,台光電,技術面,因子轉弱,90.0,20.0,-70.0,61.0,-22.0,5475.0,True,1,5220.0,-4.657534246575342,5295.0,-3.287671232876712,5125.0,-6.392694063926941,4395.0,-19.726027397260275
2026-07-06,2383.TW,台光電,籌碼面,因子轉弱,50.0,-75.0,-125.0,61.0,-22.0,5475.0,True,1,5220.0,-4.657534246575342,5295.0,-3.287671232876712,5125.0,-6.392694063926941,4395.0,-19.726027397260275
2026-07-06,2383.TW,台光電,量價面,因子轉弱,25.0,0.0,-25.0,61.0,-22.0,5475.0,True,1,5220.0,-4.657534246575342,5295.0,-3.287671232876712,5125.0,-6.392694063926941,4395.0,-19.726027397260275
2026-07-06,2485.TW,兆赫,技術面,因子轉弱,-15.0,-55.0,-40.0,2.0,-18.0,53.1,True,1,50.0,-5.8380414312617726,49.9,-6.026365348399252,49.55,-6.6854990583804215,40.95,-22.881355932203387
2026-07-06,2731.TW,雄獅,籌碼面,因子轉弱,50.0,20.0,-30.0,18.0,2.0,150.5,True,3,148.0,-1.6611295681063125,145.5,-3.322259136212625,145.0,-3.6544850498338874,143.0,-4.983388704318937
2026-07-06,2748.TW,雲品,技術面,因子轉弱,40.0,10.0,-30.0,32.0,8.0,40.0,False,,39.3,-1.750000000000007,39.55,-1.125000000000007,39.75,-0.625,39.7,-0.7499999999999929
2026-07-06,2748.TW,雲品,籌碼面,因子轉弱,40.0,10.0,-30.0,32.0,8.0,40.0,False,,39.3,-1.750000000000007,39.55,-1.125000000000007,39.75,-0.625,39.7,-0.7499999999999929
2026-07-06,2881.TW,富邦金,籌碼面,因子轉弱,60.0,30.0,-30.0,16.0,4.0,121.5,False,,123.0,1.2345679012345678,124.5,2.4691358024691357,127.0,4.526748971193416,123.5,1.646090534979424
2026-07-06,3013.TW,晟銘電,技術面,因子轉弱,5.0,-20.0,-25.0,34.0,4.0,109.0,True,1,105.5,-3.211009174311927,102.0,-6.422018348623854,99.5,-8.715596330275229,85.3,-21.74311926605505
2026-07-06,3013.TW,晟銘電,籌碼面,因子轉弱,80.0,30.0,-50.0,34.0,4.0,109.0,True,1,105.5,-3.211009174311927,102.0,-6.422018348623854,99.5,-8.715596330275229,85.3,-21.74311926605505
2026-07-06,3017.TW,奇鋐,技術面,因子轉弱,70.0,20.0,-50.0,60.0,28.0,2525.0,True,3,2450.0,-2.9702970297029703,2350.0,-6.9306930693069315,2225.0,-11.881188118811881,2135.0,-15.445544554455445
2026-07-06,3017.TW,奇鋐,籌碼面,因子轉弱,80.0,50.0,-30.0,60.0,28.0,2525.0,True,3,2450.0,-2.9702970297029703,2350.0,-6.9306930693069315,2225.0,-11.881188118811881,2135.0,-15.445544554455445
2026-07-06,3035.TW,智原,技術面,因子轉弱,20.0,-10.0,-30.0,32.0,-36.0,211.0,True,1,199.0,-5.687203791469194,216.0,2.3696682464454977,213.0,0.9478672985781991,182.5,-13.507109004739338
2026-07-06,3035.TW,智原,籌碼面,因子轉弱,60.0,-80.0,-140.0,32.0,-36.0,211.0,True,1,199.0,-5.687203791469194,216.0,2.3696682464454977,213.0,0.9478672985781991,182.5,-13.507109004739338
2026-07-06,3081.TWO,聯亞,技術面,因子轉弱,5.0,-45.0,-50.0,2.0,-18.0,2000.0,True,1,1905.0,-4.75,2005.0,0.25,1990.0,-0.5,1435.0,-28.249999999999996
2026-07-06,3163.TWO,波若威,量價面,因子轉弱,0.0,-20.0,-20.0,-8.0,2.0,799.0,True,1,742.0,-7.133917396745932,746.0,-6.633291614518148,750.0,-6.132665832290362,622.0,-22.152690863579476
2026-07-06,3231.TW,緯創,技術面,因子轉弱,-5.0,-30.0,-25.0,-24.0,-34.0,158.0,True,3,155.5,-1.5822784810126582,144.5,-8.544303797468354,143.5,-9.177215189873419,143.5,-9.177215189873419
2026-07-06,3324.TWO,雙鴻,技術面,因子轉弱,5.0,-20.0,-25.0,2.0,-8.0,1010.0,True,1,970.0,-3.9603960396039604,920.0,-8.91089108910891,905.0,-10.396039603960396,858.0,-15.049504950495049
2026-07-06,3673.TW,TPK-KY,籌碼面,因子轉弱,60.0,-15.0,-75.0,26.0,2.0,81.2,True,1,76.0,-6.403940886699511,77.8,-4.187192118226608,78.0,-3.940886699507393,62.4,-23.152709359605915
2026-07-06,4908.TWO,前鼎,技術面,因子轉弱,10.0,-45.0,-55.0,4.0,-18.0,175.0,True,1,162.0,-7.428571428571429,164.0,-6.2857142857142865,159.0,-9.142857142857142,135.0,-22.857142857142858
2026-07-06,4958.TW,臻鼎-KY,技術面,因子轉弱,45.0,15.0,-30.0,-12.0,-24.0,579.0,True,1,548.0,-5.354058721934369,588.0,1.5544041450777202,646.0,11.57167530224525,478.5,-17.357512953367877
2026-07-06,4960.TW,誠美材,技術面,因子轉弱,-30.0,-55.0,-25.0,-34.0,-44.0,25.45,True,1,23.95,-5.893909626719057,23.65,-7.072691552062871,23.35,-8.251473477406671,20.95,-17.68172888015717
2026-07-06,4966.TWO,譜瑞-KY,技術面,因子轉弱,-5.0,-30.0,-25.0,-2.0,-12.0,639.0,True,10,650.0,1.7214397496087637,655.0,2.503912363067293,647.0,1.2519561815336464,567.0,-11.267605633802818
2026-07-06,4979.TWO,華星光,技術面,因子轉弱,-5.0,-45.0,-40.0,-2.0,-18.0,457.0,True,1,428.0,-6.3457330415754925,432.5,-5.361050328227571,419.0,-8.315098468271334,340.0,-25.601750547045953
2026-07-06,6191.TW,精成科,技術面,因子轉弱,45.0,5.0,-40.0,42.0,26.0,107.0,True,1,103.5,-3.2710280373831773,101.0,-5.607476635514018,101.5,-5.14018691588785,90.5,-15.42056074766355
2026-07-06,6213.TW,聯茂,技術面,因子轉弱,80.0,55.0,-25.0,56.0,-10.0,396.0,True,1,379.0,-4.292929292929292,385.0,-2.7777777777777777,359.5,-9.217171717171716,322.5,-18.560606060606062
2026-07-06,6213.TW,聯茂,籌碼面,因子轉弱,60.0,-80.0,-140.0,56.0,-10.0,396.0,True,1,379.0,-4.292929292929292,385.0,-2.7777777777777777,359.5,-9.217171717171716,322.5,-18.560606060606062
2026-07-06,6269.TW,台郡,技術面,因子轉弱,-20.0,-45.0,-25.0,-30.0,-40.0,66.7,True,1,62.5,-6.296851574212897,62.5,-6.296851574212897,61.9,-7.196401799100456,54.1,-18.890554722638683
2026-07-06,6275.TWO,元山,技術面,因子轉弱,55.0,30.0,-25.0,22.0,12.0,50.3,True,3,48.8,-2.9821073558648115,48.1,-4.3737574552683816,47.8,-4.970178926441352,44.3,-11.928429423459246
2026-07-06,6426.TW,統新,技術面,因子轉弱,5.0,-55.0,-60.0,8.0,-2.0,192.0,True,1,183.0,-4.6875,187.5,-2.34375,182.0,-5.208333333333334,153.5,-20.052083333333336
2026-07-06,6669.TW,緯穎,籌碼面,因子轉弱,50.0,20.0,-30.0,28.0,16.0,5035.0,True,10,5015.0,-0.3972194637537239,5040.0,0.09930486593843098,4960.0,-1.4895729890764648,4685.0,-6.951340615690168
2026-07-06,8046.TW,南電,技術面,因子轉弱,45.0,15.0,-30.0,30.0,-26.0,1075.0,True,1,1030.0,-4.186046511627907,1215.0,13.023255813953488,1270.0,18.13953488372093,1105.0,2.7906976744186047
2026-07-06,8046.TW,南電,籌碼面,因子轉弱,30.0,-80.0,-110.0,30.0,-26.0,1075.0,True,1,1030.0,-4.186046511627907,1215.0,13.023255813953488,1270.0,18.13953488372093,1105.0,2.7906976744186047
2026-07-06,8358.TWO,金居,技術面,因子轉弱,20.0,-35.0,-55.0,8.0,-14.0,563.0,True,1,523.0,-7.104795737122557,533.0,-5.328596802841918,498.0,-11.545293072824157,371.0,-34.10301953818828
2026-07-07,0056.TW,元大高股息,技術面,因子轉弱,55.0,20.0,-35.0,0.0,-22.0,52.15,True,10,52.35,0.38350910834132856,52.65,0.9587727708533078,51.75,-0.7670182166826435,49.55,-4.985618408437204
2026-07-07,00878.TW,國泰永續高股息,技術面,因子轉弱,30.0,-10.0,-40.0,36.0,-26.0,32.97,False,,33.2,0.6976038823172702,33.19,0.6672732787382435,32.72,-0.7582650894752806,32.05,-2.790415529269038
2026-07-07,00878.TW,國泰永續高股息,籌碼面,因子轉弱,60.0,-55.0,-115.0,36.0,-26.0,32.97,False,,33.2,0.6976038823172702,33.19,0.6672732787382435,32.72,-0.7582650894752806,32.05,-2.790415529269038
2026-07-07,1714.TW,和桐,技術面,因子轉弱,65.0,20.0,-45.0,0.0,-14.0,18.85,True,1,17.75,-5.835543766578256,17.25,-8.48806366047746,17.05,-9.54907161803714,15.2,-19.3633952254642
2026-07-07,1718.TW,中纖,量價面,因子轉弱,25.0,0.0,-25.0,23.0,6.0,14.95,True,1,14.25,-4.682274247491634,14.2,-5.016722408026756,13.9,-7.023411371237451,13.2,-11.705685618729097
2026-07-07,1802.TW,台玻,技術面,因子轉弱,5.0,-20.0,-25.0,14.0,-38.0,64.6,True,5,66.0,2.1671826625387087,65.0,0.6191950464396374,62.3,-3.5603715170278596,54.1,-16.253869969040238
2026-07-07,1802.TW,台玻,籌碼面,因子轉弱,30.0,-75.0,-105.0,14.0,-38.0,64.6,True,5,66.0,2.1671826625387087,65.0,0.6191950464396374,62.3,-3.5603715170278596,54.1,-16.253869969040238
2026-07-07,2002.TW,中鋼,技術面,因子轉弱,10.0,-45.0,-55.0,-10.0,-32.0,18.6,False,,18.7,0.5376344086021391,18.55,-0.2688172043010791,18.5,-0.5376344086021582,18.8,1.0752688172042972
2026-07-07,2027.TW,大成鋼,技術面,因子轉弱,10.0,-30.0,-40.0,16.0,12.0,40.9,True,5,40.55,-0.855745721271397,40.0,-2.200488997555009,39.1,-4.400977995110018,41.15,0.6112469437652812
2026-07-07,2312.TW,金寶,技術面,因子轉弱,-5.0,-55.0,-50.0,22.0,-36.0,34.1,True,5,34.15,0.14662756598239635,34.0,-0.29325513196481356,32.8,-3.8123167155425346,33.1,-2.9325513196480935
2026-07-07,2312.TW,金寶,籌碼面,因子轉弱,60.0,-35.0,-95.0,22.0,-36.0,34.1,True,5,34.15,0.14662756598239635,34.0,-0.29325513196481356,32.8,-3.8123167155425346,33.1,-2.9325513196480935
2026-07-07,2313.TW,華通,技術面,因子轉弱,5.0,-55.0,-60.0,-18.0,-52.0,218.0,True,10,224.0,2.7522935779816518,223.0,2.293577981651376,225.5,3.4403669724770642,210.0,-3.669724770642202
2026-07-07,2329.TW,華泰,技術面,因子轉弱,10.0,-45.0,-55.0,16.0,-40.0,51.7,True,5,52.1,0.7736943907156646,51.4,-0.5802707930367587,48.45,-6.286266924564797,45.2,-12.572533849129593
2026-07-07,2329.TW,華泰,籌碼面,因子轉弱,30.0,-55.0,-85.0,16.0,-40.0,51.7,True,5,52.1,0.7736943907156646,51.4,-0.5802707930367587,48.45,-6.286266924564797,45.2,-12.572533849129593
2026-07-07,2330.TW,台積電,技術面,因子轉弱,45.0,5.0,-40.0,6.0,-10.0,2440.0,False,,2465.0,1.0245901639344261,2415.0,-1.0245901639344261,2420.0,-0.819672131147541,2410.0,-1.2295081967213115
2026-07-07,2331.TW,精英,技術面,因子轉弱,5.0,-45.0,-50.0,26.0,-40.0,20.55,False,,20.5,-0.24330900243309345,20.55,0.0,20.4,-0.7299270072992805,20.0,-2.6763990267639937
2026-07-07,2331.TW,精英,籌碼面,因子轉弱,60.0,-55.0,-115.0,26.0,-40.0,20.55,False,,20.5,-0.24330900243309345,20.55,0.0,20.4,-0.7299270072992805,20.0,-2.6763990267639937
2026-07-07,2337.TW,旺宏,技術面,因子轉弱,-20.0,-55.0,-35.0,-38.0,-52.0,139.0,True,10,138.5,-0.3597122302158274,143.5,3.237410071942446,139.5,0.3597122302158274,123.0,-11.510791366906476
2026-07-07,2338.TW,光罩,技術面,因子轉弱,5.0,-20.0,-25.0,14.0,4.0,48.15,True,10,48.0,-0.31152647975077585,47.7,-0.9345794392523277,48.95,1.6614745586708293,42.9,-10.903426791277258
2026-07-07,2345.TW,智邦,籌碼面,因子轉弱,50.0,-25.0,-75.0,22.0,-4.0,2455.0,True,5,2415.0,-1.6293279022403258,2470.0,0.6109979633401221,2280.0,-7.128309572301425,2220.0,-9.572301425661914
2026-07-07,2353.TW,宏碁,技術面,因子轉弱,-15.0,-55.0,-40.0,-38.0,-34.0,32.0,True,5,32.3,0.9374999999999911,32.5,1.5625,30.75,-3.90625,30.2,-5.625000000000002
2026-07-07,2356.TW,英業達,技術面,因子轉弱,45.0,-30.0,-75.0,30.0,0.0,65.4,True,10,66.2,1.2232415902140628,69.8,6.727828746177357,63.7,-2.599388379204897,60.1,-8.103975535168201
2026-07-07,2368.TW,金像電,技術面,因子轉弱,-10.0,-30.0,-20.0,-26.0,-44.0,1135.0,True,3,1150.0,1.3215859030837005,1075.0,-5.286343612334802,1015.0,-10.572687224669604,980.0,-13.656387665198238
2026-07-07,2374.TW,佳能,技術面,因子轉弱,45.0,5.0,-40.0,50.0,22.0,74.8,True,5,75.0,0.2673796791443888,75.0,0.2673796791443888,72.3,-3.342245989304813,67.2,-10.160427807486624
2026-07-07,2374.TW,佳能,籌碼面,因子轉弱,80.0,50.0,-30.0,50.0,22.0,74.8,True,5,75.0,0.2673796791443888,75.0,0.2673796791443888,72.3,-3.342245989304813,67.2,-10.160427807486624
2026-07-07,2376.TW,技嘉,籌碼面,因子轉弱,-45.0,-80.0,-35.0,-26.0,-30.0,344.0,False,,335.0,-2.616279069767442,336.5,-2.1802325581395348,334.0,-2.9069767441860463,341.0,-0.872093023255814
2026-07-07,2382.TW,廣達,技術面,因子轉弱,60.0,-20.0,-80.0,36.0,4.0,373.0,True,10,377.0,1.0723860589812333,373.5,0.13404825737265416,380.0,1.876675603217158,324.0,-13.136729222520108
2026-07-07,2401.TW,凌陽,技術面,因子轉弱,20.0,-20.0,-40.0,40.0,12.0,31.25,True,10,32.0,2.4,33.0,5.6000000000000005,31.2,-0.16000000000000228,27.6,-11.679999999999996
2026-07-07,2401.TW,凌陽,籌碼面,因子轉弱,80.0,50.0,-30.0,40.0,12.0,31.25,True,10,32.0,2.4,33.0,5.6000000000000005,31.2,-0.16000000000000228,27.6,-11.679999999999996
2026-07-07,2409.TW,友達,技術面,因子轉弱,45.0,15.0,-30.0,-2.0,-24.0,29.35,True,5,29.55,0.6814310051107301,31.45,7.155025553662685,27.55,-6.132879045996595,25.6,-12.776831345826235
2026-07-07,2421.TW,建準,技術面,因子轉弱,45.0,-10.0,-55.0,50.0,16.0,144.0,True,5,143.5,-0.3472222222222222,142.5,-1.0416666666666665,133.5,-7.291666666666667,128.5,-10.76388888888889
2026-07-07,2421.TW,建準,籌碼面,因子轉弱,80.0,50.0,-30.0,50.0,16.0,144.0,True,5,143.5,-0.3472222222222222,142.5,-1.0416666666666665,133.5,-7.291666666666667,128.5,-10.76388888888889
2026-07-07,2451.TW,創見,技術面,因子轉弱,-5.0,-45.0,-40.0,-8.0,-24.0,256.0,True,5,250.0,-2.34375,253.5,-0.9765625,239.0,-6.640625,235.0,-8.203125
2026-07-07,2498.TW,宏達電,技術面,因子轉弱,30.0,5.0,-25.0,6.0,-4.0,44.25,True,10,44.95,1.5819209039548088,45.15,2.0338983050847426,43.0,-2.824858757062147,41.85,-5.423728813559319
2026-07-07,2603.TW,長榮,技術面,因子轉弱,20.0,-15.0,-35.0,32.0,-18.0,188.0,False,,196.0,4.25531914893617,194.5,3.4574468085106385,194.5,3.4574468085106385,203.0,7.9787234042553195
2026-07-07,2603.TW,長榮,籌碼面,因子轉弱,60.0,-30.0,-90.0,32.0,-18.0,188.0,False,,196.0,4.25531914893617,194.5,3.4574468085106385,194.5,3.4574468085106385,203.0,7.9787234042553195
2026-07-07,2605.TW,新興,技術面,因子轉弱,-5.0,-55.0,-50.0,30.0,-2.0,29.85,False,,31.0,3.8525963149078675,29.5,-1.1725293132328356,30.15,1.0050251256281313,31.05,4.02010050251256
2026-07-07,2605.TW,新興,籌碼面,因子轉弱,80.0,50.0,-30.0,30.0,-2.0,29.85,False,,31.0,3.8525963149078675,29.5,-1.1725293132328356,30.15,1.0050251256281313,31.05,4.02010050251256
2026-07-07,2609.TW,陽明,技術面,因子轉弱,85.0,-5.0,-90.0,66.0,-8.0,51.1,True,5,52.3,2.348336594911929,51.6,0.9784735812133072,48.0,-6.066536203522507,50.9,-0.3913894324853284
2026-07-07,2609.TW,陽明,籌碼面,因子轉弱,80.0,-15.0,-95.0,66.0,-8.0,51.1,True,5,52.3,2.348336594911929,51.6,0.9784735812133072,48.0,-6.066536203522507,50.9,-0.3913894324853284
2026-07-07,2707.TW,晶華,技術面,因子轉弱,65.0,10.0,-55.0,46.0,16.0,179.5,False,,179.5,0.0,180.0,0.2785515320334262,180.0,0.2785515320334262,180.5,0.5571030640668524
2026-07-07,2731.TW,雄獅,技術面,因子轉弱,-15.0,-45.0,-30.0,2.0,-18.0,148.0,False,,146.5,-1.0135135135135136,145.5,-1.6891891891891893,144.5,-2.364864864864865,146.0,-1.3513513513513513
2026-07-07,2748.TW,雲品,技術面,因子轉弱,10.0,-15.0,-25.0,8.0,-26.0,39.3,False,,39.45,0.38167938931299156,39.55,0.6361323155216285,39.4,0.254452926208655,39.9,1.526717557251912
2026-07-07,2748.TW,雲品,籌碼面,因子轉弱,10.0,-50.0,-60.0,8.0,-26.0,39.3,False,,39.45,0.38167938931299156,39.55,0.6361323155216285,39.4,0.254452926208655,39.9,1.526717557251912
2026-07-07,2891.TW,中信金,籌碼面,因子轉弱,-15.0,-55.0,-40.0,2.0,-16.0,70.2,True,5,71.3,1.5669515669515588,69.9,-0.42735042735042333,65.0,-7.407407407407411,62.7,-10.683760683760683
2026-07-07,3037.TW,欣興,技術面,因子轉弱,5.0,-45.0,-50.0,-20.0,-40.0,840.0,False,,863.0,2.738095238095238,875.0,4.166666666666666,874.0,4.0476190476190474,825.0,-1.7857142857142856
2026-07-07,3062.TW,建漢,技術面,因子轉弱,-5.0,-45.0,-40.0,-24.0,-40.0,24.1,True,5,24.2,0.41493775933609073,24.0,-0.4149377593361055,23.2,-3.734439834024905,21.45,-10.995850622406648
2026-07-07,3105.TWO,穩懋,技術面,因子轉弱,5.0,-40.0,-45.0,2.0,-16.0,409.5,True,5,413.5,0.9768009768009768,406.0,-0.8547008547008548,378.5,-7.57020757020757,339.5,-17.094017094017094
2026-07-07,3189.TW,景碩,技術面,因子轉弱,5.0,-20.0,-25.0,-20.0,-14.0,687.0,False,,891.0,29.694323144104807,795.0,15.72052401746725,805.0,17.17612809315866,746.0,8.58806404657933
2026-07-07,3211.TWO,順達,技術面,因子轉弱,35.0,-10.0,-45.0,14.0,-8.0,389.0,False,,427.5,9.897172236503856,454.0,16.709511568123396,440.0,13.110539845758353,380.0,-2.313624678663239
2026-07-07,3211.TWO,順達,量價面,因子轉弱,0.0,-20.0,-20.0,14.0,-8.0,389.0,False,,427.5,9.897172236503856,454.0,16.709511568123396,440.0,13.110539845758353,380.0,-2.313624678663239
2026-07-07,3260.TWO,威剛,技術面,因子轉弱,20.0,-20.0,-40.0,8.0,-8.0,404.0,True,10,404.0,0.0,410.0,1.4851485148514851,403.0,-0.24752475247524752,368.5,-8.787128712871286
2026-07-07,3481.TW,群創,技術面,因子轉弱,55.0,-10.0,-65.0,46.0,-34.0,64.2,True,5,65.2,1.557632398753894,65.3,1.7133956386292746,57.2,-10.903426791277258,50.7,-21.02803738317757
2026-07-07,3481.TW,群創,籌碼面,因子轉弱,60.0,-75.0,-135.0,46.0,-34.0,64.2,True,5,65.2,1.557632398753894,65.3,1.7133956386292746,57.2,-10.903426791277258,50.7,-21.02803738317757
2026-07-07,3673.TW,TPK-KY,技術面,因子轉弱,20.0,-30.0,-50.0,2.0,-34.0,76.0,True,5,78.1,2.763157894736835,77.8,2.368421052631575,72.2,-4.9999999999999964,63.6,-16.31578947368421
2026-07-07,3673.TW,TPK-KY,籌碼面,因子轉弱,-15.0,-55.0,-40.0,2.0,-34.0,76.0,True,5,78.1,2.763157894736835,77.8,2.368421052631575,72.2,-4.9999999999999964,63.6,-16.31578947368421
2026-07-07,4903.TWO,聯光通,技術面,因子轉弱,45.0,-30.0,-75.0,18.0,-12.0,39.25,True,10,40.2,2.4203821656051026,39.5,0.6369426751592357,38.2,-2.6751592356687826,34.6,-11.84713375796178
2026-07-07,4931.TWO,新盛力,量價面,因子轉弱,0.0,-20.0,-20.0,6.0,12.0,247.5,True,5,272.0,9.8989898989899,255.0,3.0303030303030303,221.0,-10.707070707070706,209.0,-15.555555555555555
2026-07-07,4967.TW,十銓,技術面,因子轉弱,-5.0,-55.0,-50.0,-8.0,-24.0,249.5,True,1,233.0,-6.613226452905812,233.0,-6.613226452905812,224.5,-10.02004008016032,214.0,-14.228456913827655
2026-07-07,5289.TWO,宜鼎,技術面,因子轉弱,-5.0,-45.0,-40.0,-2.0,-18.0,1590.0,True,1,1515.0,-4.716981132075472,1530.0,-3.7735849056603774,1445.0,-9.119496855345911,1300.0,-18.238993710691823
2026-07-07,5439.TWO,高技,技術面,因子轉弱,45.0,-20.0,-65.0,18.0,-8.0,331.0,True,5,338.0,2.1148036253776437,325.5,-1.6616314199395772,293.0,-11.48036253776435,256.5,-22.507552870090635
2026-07-07,5469.TW,瀚宇博,技術面,因子轉弱,45.0,-20.0,-65.0,38.0,-16.0,83.1,True,3,83.5,0.4813477737665532,80.6,-3.008423586040915,74.8,-9.987966305655833,70.5,-15.162454873646203
2026-07-07,5469.TW,瀚宇博,籌碼面,因子轉弱,50.0,-20.0,-70.0,38.0,-16.0,83.1,True,3,83.5,0.4813477737665532,80.6,-3.008423586040915,74.8,-9.987966305655833,70.5,-15.162454873646203
2026-07-07,5706.TW,鳳凰,籌碼面,因子轉弱,-5.0,-45.0,-40.0,-8.0,-24.0,47.5,False,,47.25,-0.5263157894736842,47.2,-0.631578947368415,46.35,-2.4210526315789442,46.4,-2.3157894736842133
2026-07-07,6214.TW,精誠,技術面,因子轉弱,20.0,-20.0,-40.0,40.0,24.0,133.0,False,,135.0,1.5037593984962405,143.5,7.894736842105263,140.5,5.639097744360902,141.5,6.390977443609022
2026-07-07,6230.TW,超眾,技術面,因子轉弱,-5.0,-45.0,-40.0,14.0,-18.0,122.5,True,5,121.5,-0.8163265306122449,124.0,1.2244897959183674,117.0,-4.489795918367347,116.0,-5.3061224489795915
2026-07-07,6230.TW,超眾,籌碼面,因子轉弱,40.0,0.0,-40.0,14.0,-18.0,122.5,True,5,121.5,-0.8163265306122449,124.0,1.2244897959183674,117.0,-4.489795918367347,116.0,-5.3061224489795915
2026-07-07,6239.TW,力成,技術面,因子轉弱,60.0,-10.0,-70.0,48.0,8.0,323.5,True,5,318.0,-1.7001545595054095,320.0,-1.0819165378670788,304.0,-6.0278207109737245,272.0,-15.919629057187018
2026-07-07,6239.TW,力成,籌碼面,因子轉弱,60.0,30.0,-30.0,48.0,8.0,323.5,True,5,318.0,-1.7001545595054095,320.0,-1.0819165378670788,304.0,-6.0278207109737245,272.0,-15.919629057187018
2026-07-07,6275.TWO,元山,技術面,因子轉弱,30.0,-20.0,-50.0,12.0,-8.0,48.8,True,5,48.6,-0.40983606557376173,48.1,-1.434426229508188,47.2,-3.2786885245901525,44.7,-8.401639344262284
2026-07-07,6285.TW,啟碁,技術面,因子轉弱,20.0,-30.0,-50.0,-22.0,-42.0,243.5,False,,251.5,3.285420944558522,260.5,6.981519507186857,247.5,1.642710472279261,245.0,0.6160164271047228
2026-07-07,6426.TW,統新,籌碼面,因子轉弱,50.0,20.0,-30.0,-2.0,-10.0,183.0,True,5,189.0,3.278688524590164,187.5,2.459016393442623,174.5,-4.644808743169399,155.5,-15.027322404371585
2026-07-07,6488.TWO,環球晶,技術面,因子轉弱,65.0,15.0,-50.0,31.0,6.0,1205.0,False,,1230.0,2.0746887966804977,1350.0,12.033195020746888,1515.0,25.72614107883817,1205.0,0.0
2026-07-07,6488.TWO,環球晶,量價面,因子轉弱,25.0,0.0,-25.0,31.0,6.0,1205.0,False,,1230.0,2.0746887966804977,1350.0,12.033195020746888,1515.0,25.72614107883817,1205.0,0.0
2026-07-07,6669.TW,緯穎,技術面,因子轉弱,20.0,-10.0,-30.0,16.0,20.0,5015.0,False,,5050.0,0.6979062811565304,5040.0,0.4985044865403789,4905.0,-2.1934197407776668,5000.0,-0.29910269192422734
2026-07-07,8028.TW,昇陽半導體,技術面,因子轉弱,30.0,-20.0,-50.0,44.0,16.0,309.5,True,5,305.5,-1.2924071082390953,312.5,0.9693053311793215,291.5,-5.815831987075929,305.0,-1.4539579967689822
2026-07-07,8039.TW,台虹,技術面,因子轉弱,55.0,15.0,-40.0,46.0,-24.0,141.0,False,,140.0,-0.7092198581560284,154.0,9.219858156028367,185.5,31.560283687943265,212.0,50.35460992907801
2026-07-07,8039.TW,台虹,籌碼面,因子轉弱,60.0,-75.0,-135.0,46.0,-24.0,141.0,False,,140.0,-0.7092198581560284,154.0,9.219858156028367,185.5,31.560283687943265,212.0,50.35460992907801
2026-07-07,8150.TW,南茂,技術面,因子轉弱,70.0,15.0,-55.0,60.0,26.0,109.0,True,5,106.5,-2.293577981651376,117.0,7.339449541284404,104.0,-4.587155963302752,104.0,-4.587155963302752
2026-07-07,8150.TW,南茂,籌碼面,因子轉弱,80.0,50.0,-30.0,60.0,26.0,109.0,True,5,106.5,-2.293577981651376,117.0,7.339449541284404,104.0,-4.587155963302752,104.0,-4.587155963302752
2026-07-07,8215.TW,明基材,技術面,因子轉弱,60.0,-45.0,-105.0,48.0,-48.0,28.75,True,5,28.55,-0.695652173913041,28.3,-1.5652173913043455,26.45,-8.000000000000004,24.8,-13.739130434782606
2026-07-07,8215.TW,明基材,籌碼面,因子轉弱,60.0,-75.0,-135.0,48.0,-48.0,28.75,True,5,28.55,-0.695652173913041,28.3,-1.5652173913043455,26.45,-8.000000000000004,24.8,-13.739130434782606
2026-07-07,8299.TWO,群聯,技術面,因子轉弱,-10.0,-45.0,-35.0,-4.0,-18.0,2145.0,True,5,2140.0,-0.2331002331002331,2220.0,3.4965034965034967,2050.0,-4.428904428904429,1855.0,-13.51981351981352
2026-07-08,00403A.TW,主動統一升級50,技術面,因子轉弱,15.0,-20.0,-35.0,18.0,-30.0,10.41,True,10,10.48,0.6724303554274763,10.38,-0.28818443804033966,10.41,0.0,9.99,-4.034582132564841
2026-07-08,00403A.TW,主動統一升級50,籌碼面,因子轉弱,30.0,-55.0,-85.0,18.0,-30.0,10.41,True,10,10.48,0.6724303554274763,10.38,-0.28818443804033966,10.41,0.0,9.99,-4.034582132564841
2026-07-08,1303.TW,南亞,籌碼面,因子轉弱,50.0,-55.0,-105.0,22.0,-12.0,182.0,False,,181.5,-0.27472527472527475,199.5,9.615384615384617,227.5,25.0,208.0,14.285714285714285
2026-07-08,1409.TW,新纖,技術面,因子轉弱,65.0,5.0,-60.0,58.0,22.0,29.25,True,1,26.55,-9.230769230769228,25.8,-11.794871794871792,25.9,-11.452991452991458,24.4,-16.581196581196586
2026-07-08,1409.TW,新纖,籌碼面,因子轉弱,80.0,50.0,-30.0,58.0,22.0,29.25,True,1,26.55,-9.230769230769228,25.8,-11.794871794871792,25.9,-11.452991452991458,24.4,-16.581196581196586
2026-07-08,1718.TW,中纖,技術面,因子轉弱,45.0,5.0,-40.0,6.0,-10.0,14.25,True,10,14.2,-0.3508771929824611,14.35,0.7017543859649098,14.9,4.5614035087719325,12.35,-13.333333333333336
2026-07-08,1802.TW,台玻,技術面,因子轉弱,-20.0,-45.0,-25.0,-38.0,-48.0,66.0,True,5,65.0,-1.5151515151515151,64.2,-2.727272727272723,63.2,-4.242424242424238,55.6,-15.757575757575756
2026-07-08,2327.TW,國巨,技術面,因子轉弱,-10.0,-35.0,-25.0,20.0,-2.0,891.0,True,3,900.0,1.0101010101010102,816.0,-8.417508417508419,798.0,-10.437710437710438,703.0,-21.099887766554435
2026-07-08,2327.TW,國巨,籌碼面,因子轉弱,60.0,30.0,-30.0,20.0,-2.0,891.0,True,3,900.0,1.0101010101010102,816.0,-8.417508417508419,798.0,-10.437710437710438,703.0,-21.099887766554435
2026-07-08,2338.TW,光罩,技術面,因子轉弱,-20.0,-45.0,-25.0,4.0,-40.0,48.0,True,3,47.7,-0.624999999999994,46.5,-3.125,48.1,0.20833333333333628,43.4,-9.583333333333337
2026-07-08,2338.TW,光罩,籌碼面,因子轉弱,30.0,-55.0,-85.0,4.0,-40.0,48.0,True,3,47.7,-0.624999999999994,46.5,-3.125,48.1,0.20833333333333628,43.4,-9.583333333333337
2026-07-08,2356.TW,英業達,籌碼面,因子轉弱,30.0,-30.0,-60.0,0.0,-24.0,66.2,True,5,69.8,5.438066465256789,64.7,-2.2658610271903323,61.1,-7.703927492447132,61.7,-6.797583081570997
2026-07-08,2374.TW,佳能,籌碼面,因子轉弱,50.0,-10.0,-60.0,22.0,-2.0,75.0,True,10,75.0,0.0,75.5,0.6666666666666667,72.8,-2.933333333333337,67.7,-9.73333333333333
2026-07-08,2382.TW,廣達,籌碼面,因子轉弱,30.0,-55.0,-85.0,4.0,-14.0,377.0,True,10,373.5,-0.9283819628647214,378.0,0.2652519893899204,381.0,1.0610079575596816,329.0,-12.73209549071618
2026-07-08,2401.TW,凌陽,籌碼面,因子轉弱,50.0,-15.0,-65.0,12.0,-4.0,32.0,True,10,33.0,3.125,31.9,-0.31250000000000444,31.2,-2.500000000000002,29.9,-6.562500000000004
2026-07-08,2409.TW,友達,技術面,因子轉弱,15.0,-20.0,-35.0,-24.0,12.0,29.55,True,5,31.45,6.4297800338409425,29.25,-1.0152284263959415,28.3,-4.230118443316413,25.8,-12.690355329949238
2026-07-08,2605.TW,新興,籌碼面,因子轉弱,50.0,-50.0,-100.0,-2.0,-8.0,31.0,False,,30.45,-1.7741935483870992,30.6,-1.2903225806451568,31.65,2.0967741935483826,31.45,1.451612903225804
2026-07-08,2606.TW,裕民,籌碼面,因子轉弱,60.0,30.0,-30.0,32.0,24.0,63.0,False,,63.1,0.158730158730161,63.9,1.4285714285714262,64.2,1.9047619047619095,64.1,1.7460317460317372
2026-07-08,2731.TW,雄獅,籌碼面,因子轉弱,0.0,-40.0,-40.0,-18.0,-34.0,146.5,False,,145.5,-0.6825938566552902,145.0,-1.023890784982935,146.0,-0.3412969283276451,145.0,-1.023890784982935
2026-07-08,2748.TW,雲品,技術面,因子轉弱,-15.0,-55.0,-40.0,-26.0,-30.0,39.45,False,,39.55,0.2534854245880718,39.75,0.7604562737642513,40.3,2.154626108998718,39.85,1.013941698352341
2026-07-08,2881.TW,富邦金,籌碼面,因子轉弱,60.0,30.0,-30.0,22.0,40.0,110.0,False,,124.5,13.18181818181818,127.0,15.454545454545453,128.5,16.818181818181817,127.0,15.454545454545453
2026-07-08,2882.TW,國泰金,籌碼面,因子轉弱,60.0,30.0,-30.0,18.0,10.0,98.0,False,,96.3,-1.7346938775510232,96.7,-1.3265306122448952,96.6,-1.4285714285714344,96.8,-1.2244897959183703
2026-07-08,2886.TW,兆豐金,籌碼面,因子轉弱,60.0,30.0,-30.0,48.0,36.0,46.8,False,,46.7,-0.21367521367520156,47.0,0.4273504273504335,46.0,-1.7094017094017033,48.2,2.991452991453004
2026-07-08,3013.TW,晟銘電,籌碼面,因子轉弱,60.0,-65.0,-125.0,12.0,-38.0,105.5,True,1,102.0,-3.3175355450236967,99.5,-5.687203791469194,98.0,-7.109004739336493,89.7,-14.97630331753554
2026-07-08,3017.TW,奇鋐,籌碼面,因子轉弱,50.0,-55.0,-105.0,22.0,-24.0,2325.0,True,3,2350.0,1.0752688172043012,2225.0,-4.301075268817205,2165.0,-6.881720430107527,2265.0,-2.5806451612903225
2026-07-08,3035.TW,智原,籌碼面,因子轉弱,20.0,-55.0,-75.0,0.0,0.0,216.0,True,5,216.0,0.0,213.0,-1.3888888888888888,207.0,-4.166666666666666,199.0,-7.87037037037037
2026-07-08,3189.TW,景碩,籌碼面,因子轉弱,-15.0,-50.0,-35.0,-14.0,4.0,891.0,True,1,795.0,-10.774410774410773,819.0,-8.080808080808081,845.0,-5.16273849607183,796.0,-10.662177328843995
2026-07-08,3231.TW,緯創,技術面,因子轉弱,-20.0,-40.0,-20.0,-30.0,-28.0,146.5,False,,144.5,-1.3651877133105803,143.5,-2.04778156996587,145.5,-0.6825938566552902,164.0,11.945392491467576
2026-07-08,3324.TWO,雙鴻,技術面,因子轉弱,-20.0,-40.0,-20.0,-8.0,-16.0,925.0,True,5,920.0,-0.5405405405405406,905.0,-2.1621621621621623,896.0,-3.135135135135135,908.0,-1.8378378378378377
2026-07-08,4958.TW,臻鼎-KY,技術面,因子轉弱,15.0,-35.0,-50.0,-24.0,-34.0,565.0,False,,588.0,4.070796460176991,646.0,14.33628318584071,618.0,9.380530973451327,559.0,-1.0619469026548671
2026-07-08,5706.TW,鳳凰,技術面,因子轉弱,-15.0,-55.0,-40.0,-24.0,-32.0,47.25,False,,47.2,-0.1058201058200998,47.05,-0.4232804232804293,46.8,-0.9523809523809583,45.85,-2.96296296296296
2026-07-08,6191.TW,精成科,籌碼面,因子轉弱,60.0,30.0,-30.0,26.0,14.0,105.5,True,1,101.0,-4.265402843601896,101.5,-3.7914691943127963,96.9,-8.151658767772506,91.0,-13.744075829383887
2026-07-08,6214.TW,精誠,籌碼面,因子轉弱,80.0,30.0,-50.0,24.0,20.0,135.0,False,,143.5,6.296296296296296,141.0,4.444444444444445,141.0,4.444444444444445,141.5,4.814814814814815
2026-07-08,6239.TW,力成,技術面,因子轉弱,-10.0,-45.0,-35.0,8.0,-6.0,318.0,True,10,320.0,0.628930817610063,312.5,-1.729559748427673,314.0,-1.257861635220126,294.0,-7.547169811320755
2026-07-08,6669.TW,緯穎,籌碼面,因子轉弱,60.0,20.0,-40.0,20.0,0.0,5050.0,False,,5040.0,-0.19801980198019803,4960.0,-1.782178217821782,5095.0,0.891089108910891,5500.0,8.91089108910891
2026-07-08,7769.TW,鴻勁,技術面,因子轉弱,-20.0,-55.0,-35.0,-26.0,-30.0,6055.0,False,,6660.0,9.991742361684558,6705.0,10.734929810074318,6720.0,10.982658959537572,6405.0,5.780346820809249
2026-07-08,8028.TW,昇陽半導體,籌碼面,因子轉弱,60.0,30.0,-30.0,16.0,4.0,305.5,False,,312.5,2.2913256955810146,303.0,-0.8183306055646482,318.5,4.25531914893617,308.0,0.8183306055646482
2026-07-08,8046.TW,南電,技術面,因子轉弱,15.0,-10.0,-25.0,14.0,-22.0,1105.0,False,,1215.0,9.95475113122172,1270.0,14.93212669683258,1415.0,28.054298642533936,1305.0,18.099547511312217
2026-07-08,8046.TW,南電,籌碼面,因子轉弱,20.0,-45.0,-65.0,14.0,-22.0,1105.0,False,,1215.0,9.95475113122172,1270.0,14.93212669683258,1415.0,28.054298642533936,1305.0,18.099547511312217
2026-07-09,00403A.TW,主動統一升級50,技術面,因子轉弱,-20.0,-70.0,-50.0,-30.0,-40.0,10.48,True,3,10.48,0.0,10.11,-3.5305343511450475,10.28,-1.9083969465648956,9.97,-4.866412213740456
2026-07-09,1409.TW,新纖,籌碼面,因子轉弱,50.0,-55.0,-105.0,22.0,-20.0,26.55,True,10,26.55,0.0,26.4,-0.5649717514124374,26.0,-2.0715630885122436,23.8,-10.357815442561206
2026-07-09,2002.TW,中鋼,技術面,因子轉弱,-30.0,-55.0,-25.0,-32.0,-52.0,18.55,False,,18.55,0.0,18.5,-0.26954177897574505,18.8,1.3477088948787062,19.1,2.9649595687331574
2026-07-09,2027.TW,大成鋼,籌碼面,因子轉弱,50.0,-55.0,-105.0,8.0,-30.0,40.0,False,,40.0,0.0,39.1,-2.2499999999999964,41.0,2.5,44.4,10.999999999999996
2026-07-09,2312.TW,金寶,籌碼面,因子轉弱,30.0,-75.0,-105.0,0.0,-38.0,34.0,True,3,34.0,0.0,32.8,-3.5294117647058907,33.6,-1.17647058823529,32.5,-4.411764705882353
2026-07-09,2330.TW,台積電,技術面,因子轉弱,45.0,15.0,-30.0,30.0,-16.0,2415.0,False,,2415.0,0.0,2420.0,0.2070393374741201,2470.0,2.2774327122153206,2405.0,-0.4140786749482402
2026-07-09,2330.TW,台積電,籌碼面,因子轉弱,30.0,-55.0,-85.0,30.0,-16.0,2415.0,False,,2415.0,0.0,2420.0,0.2070393374741201,2470.0,2.2774327122153206,2405.0,-0.4140786749482402
2026-07-09,2382.TW,廣達,技術面,因子轉弱,20.0,-5.0,-25.0,-14.0,-34.0,373.5,True,5,373.5,0.0,380.0,1.7402945113788488,352.0,-5.756358768406962,336.0,-10.040160642570282
2026-07-09,2408.TW,南亞科,籌碼面,因子轉弱,40.0,-15.0,-55.0,8.0,-4.0,435.5,False,,435.5,0.0,448.0,2.8702640642939152,439.0,0.8036739380022963,426.0,-2.1814006888633752
2026-07-09,2421.TW,建準,籌碼面,因子轉弱,30.0,-25.0,-55.0,4.0,-22.0,142.5,True,3,142.5,0.0,133.5,-6.315789473684211,135.0,-5.263157894736842,133.5,-6.315789473684211
2026-07-09,2451.TW,創見,籌碼面,因子轉弱,20.0,-55.0,-75.0,-14.0,-44.0,253.5,True,3,253.5,0.0,239.0,-5.719921104536489,247.5,-2.366863905325444,244.5,-3.5502958579881656
2026-07-09,2454.TW,聯發科,技術面,因子轉弱,-30.0,-55.0,-25.0,-20.0,-44.0,3925.0,True,3,3925.0,0.0,3660.0,-6.751592356687898,3700.0,-5.7324840764331215,3875.0,-1.2738853503184715
2026-07-09,2454.TW,聯發科,籌碼面,因子轉弱,-20.0,-55.0,-35.0,-20.0,-44.0,3925.0,True,3,3925.0,0.0,3660.0,-6.751592356687898,3700.0,-5.7324840764331215,3875.0,-1.2738853503184715
2026-07-09,2605.TW,新興,技術面,因子轉弱,30.0,-20.0,-50.0,-8.0,12.0,30.45,True,1,29.5,-3.119868637110014,30.15,-0.9852216748768498,31.25,2.627257799671595,32.5,6.732348111658459
2026-07-09,2609.TW,陽明,技術面,因子轉弱,35.0,-5.0,-40.0,2.0,18.0,51.6,True,3,51.6,0.0,48.0,-6.976744186046514,50.2,-2.7131782945736407,50.5,-2.131782945736437
2026-07-09,2610.TW,華航,籌碼面,因子轉弱,30.0,-55.0,-85.0,8.0,-26.0,21.4,True,3,21.4,0.0,20.4,-4.672897196261683,20.9,-2.3364485981308416,20.6,-3.738317757009333
2026-07-09,2618.TW,長榮航,技術面,因子轉弱,-5.0,-35.0,-30.0,18.0,10.0,39.6,False,,39.6,0.0,40.8,3.030303030303019,41.9,5.8080808080808,40.85,3.1565656565656566
2026-07-09,2748.TW,雲品,籌碼面,因子轉弱,-20.0,-60.0,-40.0,-30.0,-46.0,39.55,False,,39.55,0.0,39.4,-0.3792667509481633,40.3,1.8963337547408345,39.75,0.5056890012642298
2026-07-09,2881.TW,富邦金,技術面,因子轉弱,70.0,5.0,-65.0,40.0,14.0,124.5,False,,124.5,0.0,125.0,0.4016064257028112,125.0,0.4016064257028112,128.5,3.2128514056224895
2026-07-09,2891.TW,中信金,技術面,因子轉弱,55.0,15.0,-40.0,10.0,-16.0,69.9,True,3,69.9,0.0,65.0,-7.010014306151653,63.0,-9.871244635193142,63.5,-9.155937052932767
2026-07-09,3037.TW,欣興,技術面,因子轉弱,-10.0,-35.0,-25.0,-24.0,-36.0,875.0,False,,875.0,0.0,874.0,-0.1142857142857143,882.0,0.8,896.0,2.4
2026-07-09,3105.TWO,穩懋,技術面,因子轉弱,-15.0,-55.0,-40.0,-6.0,-22.0,406.0,True,3,406.0,0.0,378.5,-6.773399014778326,369.0,-9.113300492610838,364.5,-10.22167487684729
2026-07-09,3189.TW,景碩,技術面,因子轉弱,60.0,20.0,-40.0,4.0,32.0,795.0,True,5,795.0,0.0,805.0,1.257861635220126,770.0,-3.1446540880503147,785.0,-1.257861635220126
2026-07-09,3481.TW,群創,籌碼面,因子轉弱,-10.0,-50.0,-40.0,-12.0,-28.0,65.3,True,3,65.3,0.0,57.2,-12.404287901990802,57.3,-12.251148545176111,51.9,-20.520673813169985
2026-07-09,4931.TWO,新盛力,技術面,因子轉弱,60.0,35.0,-25.0,24.0,14.0,255.0,True,3,255.0,0.0,221.0,-13.333333333333334,221.0,-13.333333333333334,212.0,-16.862745098039216
2026-07-09,4967.TW,十銓,籌碼面,因子轉弱,-20.0,-55.0,-35.0,-24.0,-44.0,233.0,True,3,233.0,0.0,224.5,-3.648068669527897,225.5,-3.2188841201716736,217.0,-6.866952789699571
2026-07-09,5469.TW,瀚宇博,籌碼面,因子轉弱,-20.0,-80.0,-60.0,-16.0,-44.0,80.6,True,3,80.6,0.0,74.8,-7.196029776674935,73.2,-9.181141439205945,71.6,-11.166253101736974
2026-07-09,5530.TWO,龍巖,技術面,因子轉弱,45.0,20.0,-25.0,18.0,8.0,49.7,True,3,49.7,0.0,47.6,-4.225352112676059,48.5,-2.4144869215291807,48.6,-2.213279678068413
2026-07-09,6116.TW,彩晶,技術面,因子轉弱,-20.0,-45.0,-25.0,-20.0,-26.0,17.2,True,3,17.2,0.0,15.7,-8.720930232558139,16.1,-6.39534883720929,14.35,-16.569767441860463
2026-07-09,6191.TW,精成科,技術面,因子轉弱,5.0,-20.0,-25.0,14.0,-40.0,101.0,True,3,101.0,0.0,96.2,-4.75247524752475,93.5,-7.425742574257425,89.8,-11.089108910891092
2026-07-09,6191.TW,精成科,籌碼面,因子轉弱,30.0,-80.0,-110.0,14.0,-40.0,101.0,True,3,101.0,0.0,96.2,-4.75247524752475,93.5,-7.425742574257425,89.8,-11.089108910891092
2026-07-09,6213.TW,聯茂,技術面,因子轉弱,55.0,5.0,-50.0,0.0,-20.0,385.0,True,3,385.0,0.0,348.5,-9.480519480519481,325.0,-15.584415584415584,343.5,-10.779220779220779
2026-07-09,6239.TW,力成,籌碼面,因子轉弱,30.0,-55.0,-85.0,-6.0,-30.0,320.0,True,3,320.0,0.0,304.0,-5.0,316.5,-1.09375,294.0,-8.125
2026-07-09,6274.TWO,台燿,技術面,因子轉弱,5.0,-45.0,-50.0,2.0,-18.0,1570.0,True,3,1570.0,0.0,1395.0,-11.146496815286625,1295.0,-17.51592356687898,1335.0,-14.968152866242038
2026-07-09,6275.TWO,元山,技術面,因子轉弱,5.0,-30.0,-35.0,2.0,-12.0,48.1,True,10,48.1,0.0,47.2,-1.871101871101868,47.2,-1.871101871101868,44.35,-7.796257796257796
2026-07-09,6426.TW,統新,籌碼面,因子轉弱,10.0,-45.0,-55.0,-14.0,-36.0,187.5,True,3,187.5,0.0,174.5,-6.933333333333333,171.0,-8.799999999999999,164.0,-12.533333333333333
2026-07-09,8150.TW,南茂,籌碼面,因子轉弱,50.0,-15.0,-65.0,22.0,22.0,117.0,True,3,117.0,0.0,104.0,-11.11111111111111,122.5,4.700854700854701,98.2,-16.068376068376068
2026-07-09,8215.TW,明基材,技術面,因子轉弱,-30.0,-55.0,-25.0,-28.0,-52.0,28.3,True,3,28.3,0.0,26.45,-6.537102473498238,27.15,-4.063604240282693,24.95,-11.837455830388697
2026-07-09,8215.TW,明基材,籌碼面,因子轉弱,-40.0,-75.0,-35.0,-28.0,-52.0,28.3,True,3,28.3,0.0,26.45,-6.537102473498238,27.15,-4.063604240282693,24.95,-11.837455830388697
2026-07-10,2303.TW,聯電,技術面,因子轉弱,5.0,-20.0,-25.0,14.0,-30.0,156.0,True,5,153.5,-1.6025641025641024,166.0,6.41025641025641,144.0,-7.6923076923076925,128.0,-17.94871794871795
2026-07-10,2303.TW,聯電,籌碼面,因子轉弱,30.0,-55.0,-85.0,14.0,-30.0,156.0,True,5,153.5,-1.6025641025641024,166.0,6.41025641025641,144.0,-7.6923076923076925,128.0,-17.94871794871795
2026-07-10,2368.TW,金像電,籌碼面,因子轉弱,30.0,-80.0,-110.0,-6.0,-50.0,1075.0,True,3,1045.0,-2.7906976744186047,1025.0,-4.651162790697675,927.0,-13.767441860465116,901.0,-16.186046511627907
2026-07-10,2383.TW,台光電,籌碼面,因子轉弱,20.0,-55.0,-75.0,10.0,-20.0,5295.0,True,1,5125.0,-3.210576015108593,5080.0,-4.0604343720491025,4495.0,-15.108593012275731,4755.0,-10.198300283286118
2026-07-10,2605.TW,新興,技術面,因子轉弱,-20.0,-45.0,-25.0,12.0,-6.0,29.5,False,,30.6,3.728813559322039,31.65,7.288135593220334,31.0,5.084745762711865,32.3,9.491525423728804
2026-07-10,3017.TW,奇鋐,籌碼面,因子轉弱,20.0,-50.0,-70.0,10.0,-18.0,2350.0,True,1,2225.0,-5.319148936170213,2165.0,-7.872340425531915,2200.0,-6.382978723404255,2380.0,1.276595744680851
2026-07-10,8046.TW,南電,技術面,因子轉弱,55.0,30.0,-25.0,46.0,36.0,1215.0,True,5,1270.0,4.526748971193416,1415.0,16.46090534979424,1150.0,-5.349794238683128,1110.0,-8.641975308641975
2026-07-13,0056.TW,元大高股息,技術面,因子轉弱,5.0,-30.0,-35.0,-12.0,-34.0,52.4,True,5,51.75,-1.240458015267173,52.65,0.4770992366412214,49.95,-4.675572519083961,50.0,-4.580152671755722
2026-07-13,00878.TW,國泰永續高股息,技術面,因子轉弱,5.0,-55.0,-60.0,26.0,-34.0,33.13,True,5,32.72,-1.2375490492001318,32.95,-0.5433142167220033,31.36,-5.342589797766384,32.55,-1.7506791427709187
2026-07-13,00878.TW,國泰永續高股息,籌碼面,因子轉弱,60.0,-30.0,-90.0,26.0,-34.0,33.13,True,5,32.72,-1.2375490492001318,32.95,-0.5433142167220033,31.36,-5.342589797766384,32.55,-1.7506791427709187
2026-07-13,1714.TW,和桐,技術面,因子轉弱,5.0,-45.0,-50.0,-20.0,-40.0,16.65,True,5,17.05,2.4024024024024158,16.2,-2.7027027027026986,15.0,-9.909909909909901,14.45,-13.21321321321321
2026-07-13,2027.TW,大成鋼,技術面,因子轉弱,-20.0,-40.0,-20.0,4.0,-38.0,39.5,False,,39.1,-1.0126582278480976,41.0,3.79746835443038,40.45,2.405063291139248,44.55,12.784810126582272
2026-07-13,2027.TW,大成鋼,籌碼面,因子轉弱,30.0,-55.0,-85.0,4.0,-38.0,39.5,False,,39.1,-1.0126582278480976,41.0,3.79746835443038,40.45,2.405063291139248,44.55,12.784810126582272
2026-07-13,2308.TW,台達電,技術面,因子轉弱,-20.0,-45.0,-25.0,-38.0,-38.0,1890.0,True,5,1855.0,-1.8518518518518516,1905.0,0.7936507936507936,1705.0,-9.788359788359788,1755.0,-7.142857142857142
2026-07-13,2312.TW,金寶,技術面,因子轉弱,-20.0,-45.0,-25.0,4.0,6.0,34.2,True,1,32.8,-4.093567251462005,33.6,-1.7543859649122848,30.1,-11.988304093567255,31.95,-6.578947368421062
2026-07-13,2324.TW,仁寶,籌碼面,因子轉弱,60.0,30.0,-30.0,38.0,24.0,36.65,True,1,35.55,-3.001364256480222,35.95,-1.909959072305582,34.4,-6.139154160982265,37.15,1.364256480218281
2026-07-13,2327.TW,國巨,技術面,因子轉弱,-20.0,-45.0,-25.0,4.0,-6.0,816.0,True,1,778.0,-4.6568627450980395,776.0,-4.901960784313726,630.0,-22.794117647058822,625.0,-23.40686274509804
2026-07-13,2337.TW,旺宏,技術面,因子轉弱,5.0,-55.0,-60.0,-10.0,-44.0,138.0,True,5,139.5,1.0869565217391304,136.5,-1.0869565217391304,117.5,-14.855072463768115,125.5,-9.057971014492754
2026-07-13,2344.TW,華邦電,技術面,因子轉弱,-35.0,-55.0,-20.0,-44.0,-52.0,167.0,True,5,164.5,-1.4970059880239521,172.0,2.9940119760479043,151.0,-9.580838323353294,160.0,-4.191616766467066
2026-07-13,2345.TW,智邦,技術面,因子轉弱,5.0,-20.0,-25.0,-30.0,-30.0,2405.0,True,1,2280.0,-5.197505197505198,2320.0,-3.5343035343035343,2090.0,-13.097713097713099,2240.0,-6.860706860706861
2026-07-13,2353.TW,宏碁,技術面,因子轉弱,-20.0,-55.0,-35.0,16.0,-10.0,31.95,True,1,30.75,-3.7558685446009368,30.75,-3.7558685446009368,29.25,-8.45070422535211,30.1,-5.790297339593107
2026-07-13,2353.TW,宏碁,籌碼面,因子轉弱,60.0,30.0,-30.0,16.0,-10.0,31.95,True,1,30.75,-3.7558685446009368,30.75,-3.7558685446009368,29.25,-8.45070422535211,30.1,-5.790297339593107
2026-07-13,2356.TW,英業達,技術面,因子轉弱,40.0,5.0,-35.0,40.0,-20.0,64.7,True,3,63.7,-1.545595054095827,60.7,-6.182380216383308,57.2,-11.591962905718702,63.8,-1.391035548686253
2026-07-13,2356.TW,英業達,籌碼面,因子轉弱,60.0,-55.0,-115.0,40.0,-20.0,64.7,True,3,63.7,-1.545595054095827,60.7,-6.182380216383308,57.2,-11.591962905718702,63.8,-1.391035548686253
2026-07-13,2374.TW,佳能,技術面,因子轉弱,5.0,-15.0,-20.0,10.0,18.0,75.5,True,1,72.3,-4.238410596026494,72.0,-4.635761589403973,65.2,-13.642384105960263,68.1,-9.801324503311266
2026-07-13,2376.TW,技嘉,技術面,因子轉弱,20.0,-5.0,-25.0,32.0,22.0,335.5,False,,334.0,-0.44709388971684055,337.0,0.44709388971684055,331.0,-1.3412816691505216,349.5,4.172876304023846
2026-07-13,2383.TW,台光電,技術面,因子轉弱,5.0,-45.0,-50.0,-20.0,-24.0,5125.0,True,1,4970.0,-3.024390243902439,4990.0,-2.6341463414634148,4395.0,-14.243902439024389,4815.0,-6.048780487804878
2026-07-13,2401.TW,凌陽,技術面,因子轉弱,55.0,-10.0,-65.0,54.0,16.0,31.9,True,3,31.2,-2.194357366771158,30.0,-5.956112852664573,26.4,-17.24137931034483,27.45,-13.949843260188086
2026-07-13,2401.TW,凌陽,籌碼面,因子轉弱,80.0,50.0,-30.0,54.0,16.0,31.9,True,3,31.2,-2.194357366771158,30.0,-5.956112852664573,26.4,-17.24137931034483,27.45,-13.949843260188086
2026-07-13,2408.TW,南亞科,籌碼面,因子轉弱,60.0,-55.0,-115.0,26.0,-18.0,423.0,True,5,448.0,5.91016548463357,439.0,3.7825059101654848,381.0,-9.929078014184398,436.0,3.0732860520094563
2026-07-13,2409.TW,友達,技術面,因子轉弱,30.0,-10.0,-40.0,44.0,16.0,29.25,True,1,27.55,-5.811965811965809,27.65,-5.470085470085475,25.4,-13.162393162393169,23.9,-18.290598290598297
2026-07-13,2409.TW,友達,籌碼面,因子轉弱,80.0,50.0,-30.0,44.0,16.0,29.25,True,1,27.55,-5.811965811965809,27.65,-5.470085470085475,25.4,-13.162393162393169,23.9,-18.290598290598297
2026-07-13,2421.TW,建準,技術面,因子轉弱,-30.0,-70.0,-40.0,-4.0,-60.0,138.0,True,1,133.5,-3.260869565217391,135.0,-2.1739130434782608,125.5,-9.057971014492754,131.5,-4.710144927536232
2026-07-13,2421.TW,建準,籌碼面,因子轉弱,20.0,-80.0,-100.0,-4.0,-60.0,138.0,True,1,133.5,-3.260869565217391,135.0,-2.1739130434782608,125.5,-9.057971014492754,131.5,-4.710144927536232
2026-07-13,2498.TW,宏達電,技術面,因子轉弱,20.0,-20.0,-40.0,40.0,12.0,43.8,True,5,43.0,-1.8264840182648339,43.35,-1.027397260273963,41.6,-5.022831050228302,41.6,-5.022831050228302
2026-07-13,2498.TW,宏達電,籌碼面,因子轉弱,80.0,50.0,-30.0,40.0,12.0,43.8,True,5,43.0,-1.8264840182648339,43.35,-1.027397260273963,41.6,-5.022831050228302,41.6,-5.022831050228302
2026-07-13,2609.TW,陽明,籌碼面,因子轉弱,50.0,-55.0,-105.0,18.0,-18.0,50.1,True,1,48.0,-4.191616766467068,50.2,0.19960079840319644,49.0,-2.1956087824351327,51.1,1.996007984031936
2026-07-13,2891.TW,中信金,技術面,因子轉弱,15.0,-65.0,-80.0,-16.0,6.0,66.5,True,3,65.0,-2.2556390977443606,63.0,-5.263157894736842,61.5,-7.518796992481203,63.0,-5.263157894736842
2026-07-13,3013.TW,晟銘電,技術面,因子轉弱,-20.0,-40.0,-20.0,0.0,-20.0,99.5,True,1,96.3,-3.2160804020100535,96.5,-3.015075376884422,85.3,-14.2713567839196,84.9,-14.673366834170848
2026-07-13,3013.TW,晟銘電,籌碼面,因子轉弱,20.0,-10.0,-30.0,0.0,-20.0,99.5,True,1,96.3,-3.2160804020100535,96.5,-3.015075376884422,85.3,-14.2713567839196,84.9,-14.673366834170848
2026-07-13,3017.TW,奇鋐,技術面,因子轉弱,5.0,-55.0,-60.0,-18.0,-54.0,2225.0,True,1,2120.0,-4.719101123595506,2225.0,0.0,2135.0,-4.044943820224719,2400.0,7.865168539325842
2026-07-13,3017.TW,奇鋐,籌碼面,因子轉弱,-50.0,-80.0,-30.0,-18.0,-54.0,2225.0,True,1,2120.0,-4.719101123595506,2225.0,0.0,2135.0,-4.044943820224719,2400.0,7.865168539325842
2026-07-13,3035.TW,智原,技術面,因子轉弱,45.0,-5.0,-50.0,50.0,18.0,213.0,True,3,207.0,-2.8169014084507045,203.5,-4.460093896713615,182.5,-14.319248826291082,200.5,-5.868544600938967
2026-07-13,3035.TW,智原,籌碼面,因子轉弱,80.0,50.0,-30.0,50.0,18.0,213.0,True,3,207.0,-2.8169014084507045,203.5,-4.460093896713615,182.5,-14.319248826291082,200.5,-5.868544600938967
2026-07-13,3081.TWO,聯亞,技術面,因子轉弱,-20.0,-45.0,-25.0,-8.0,-18.0,1990.0,True,1,1925.0,-3.2663316582914574,1620.0,-18.592964824120603,1435.0,-27.889447236180903,1805.0,-9.296482412060302
2026-07-13,3163.TWO,波若威,技術面,因子轉弱,-20.0,-45.0,-25.0,-8.0,-18.0,750.0,True,1,719.0,-4.133333333333333,724.0,-3.4666666666666663,622.0,-17.066666666666666,743.0,-0.9333333333333335
2026-07-13,3211.TWO,順達,技術面,因子轉弱,65.0,30.0,-35.0,26.0,12.0,457.5,True,1,440.0,-3.825136612021858,426.5,-6.775956284153005,354.0,-22.62295081967213,374.0,-18.251366120218577
2026-07-13,3260.TWO,威剛,技術面,因子轉弱,30.0,-20.0,-50.0,12.0,-8.0,405.0,True,5,403.0,-0.49382716049382713,400.5,-1.1111111111111112,348.5,-13.950617283950617,402.0,-0.7407407407407408
2026-07-13,3363.TWO,上詮,技術面,因子轉弱,20.0,-20.0,-40.0,8.0,-8.0,601.0,True,1,579.0,-3.6605657237936775,555.0,-7.653910149750416,503.0,-16.306156405990016,598.0,-0.49916805324459235
2026-07-13,3673.TW,TPK-KY,籌碼面,因子轉弱,20.0,-15.0,-35.0,-4.0,-20.0,78.0,True,1,72.2,-7.435897435897432,71.6,-8.205128205128212,62.4,-20.0,61.4,-21.282051282051285
2026-07-13,4903.TWO,聯光通,技術面,因子轉弱,-5.0,-30.0,-25.0,-2.0,-12.0,39.0,True,5,38.2,-2.051282051282044,38.5,-1.282051282051282,33.7,-13.589743589743582,38.8,-0.5128205128205201
2026-07-13,4931.TWO,新盛力,技術面,因子轉弱,35.0,-30.0,-65.0,14.0,-12.0,237.0,True,1,221.0,-6.751054852320674,221.0,-6.751054852320674,202.5,-14.556962025316455,203.0,-14.345991561181433
2026-07-13,4966.TWO,譜瑞-KY,技術面,因子轉弱,20.0,-20.0,-40.0,8.0,-8.0,647.0,True,5,628.0,-2.936630602782071,631.0,-2.472952086553323,567.0,-12.364760432766616,615.0,-4.945904173106646
2026-07-13,5469.TW,瀚宇博,技術面,因子轉弱,-30.0,-55.0,-25.0,-44.0,-44.0,80.1,True,1,74.8,-6.616729088639198,73.2,-8.614232209737818,68.1,-14.981273408239701,71.4,-10.86142322097377
2026-07-13,5530.TWO,龍巖,技術面,因子轉弱,20.0,-30.0,-50.0,8.0,-12.0,48.8,False,,47.6,-2.459016393442614,48.5,-0.6147540983606499,48.4,-0.8196721311475381,48.35,-0.9221311475409749
2026-07-13,6191.TW,精成科,籌碼面,因子轉弱,20.0,-70.0,-90.0,0.0,-36.0,101.5,True,1,96.2,-5.221674876847287,93.5,-7.8817733990147785,90.5,-10.83743842364532,88.4,-12.906403940886694
2026-07-13,6214.TW,精誠,技術面,因子轉弱,65.0,20.0,-45.0,50.0,32.0,141.0,False,,140.5,-0.3546099290780142,140.0,-0.7092198581560284,137.5,-2.4822695035460995,145.5,3.1914893617021276
2026-07-13,6230.TW,超眾,籌碼面,因子轉弱,0.0,-50.0,-50.0,-12.0,-36.0,120.0,True,5,117.0,-2.5,118.0,-1.6666666666666667,110.0,-8.333333333333332,114.5,-4.583333333333333
2026-07-13,6239.TW,力成,技術面,因子轉弱,-20.0,-55.0,-35.0,4.0,-10.0,312.5,True,5,304.0,-2.7199999999999998,316.5,1.28,266.5,-14.719999999999999,279.0,-10.72
2026-07-13,6275.TWO,元山,技術面,因子轉弱,-30.0,-70.0,-40.0,-12.0,-28.0,47.8,True,5,47.2,-1.2552301255230007,47.2,-1.2552301255230007,44.3,-7.322175732217574,43.2,-9.623430962343086
2026-07-13,6285.TW,啟碁,籌碼面,因子轉弱,60.0,-15.0,-75.0,40.0,6.0,259.0,True,1,247.5,-4.440154440154441,257.0,-0.7722007722007722,235.0,-9.266409266409266,249.5,-3.667953667953668
2026-07-13,8028.TW,昇陽半導體,籌碼面,因子轉弱,60.0,-70.0,-130.0,16.0,-36.0,303.0,True,1,291.5,-3.7953795379537953,350.0,15.51155115511551,300.0,-0.9900990099009901,311.0,2.6402640264026402
2026-07-13,8039.TW,台虹,籌碼面,因子轉弱,60.0,30.0,-30.0,38.0,40.0,169.0,False,,185.5,9.763313609467456,199.5,18.04733727810651,193.0,14.201183431952662,216.0,27.810650887573964
2026-07-13,8046.TW,南電,籌碼面,因子轉弱,60.0,30.0,-30.0,36.0,24.0,1270.0,True,5,1290.0,1.574803149606299,1275.0,0.39370078740157477,1105.0,-12.992125984251967,1075.0,-15.354330708661418
2026-07-13,8150.TW,南茂,籌碼面,因子轉弱,80.0,50.0,-30.0,60.0,42.0,115.0,True,1,104.0,-9.565217391304348,122.5,6.521739130434782,103.0,-10.434782608695652,89.9,-21.826086956521735
2026-07-13,8299.TWO,群聯,技術面,因子轉弱,-5.0,-55.0,-50.0,-2.0,-22.0,2170.0,True,1,2050.0,-5.529953917050691,1980.0,-8.755760368663594,1735.0,-20.046082949308754,1820.0,-16.129032258064516
2026-07-14,00403A.TW,主動統一升級50,量價面,因子轉弱,0.0,-20.0,-20.0,-34.0,-40.0,10.11,True,3,10.41,2.967359050445111,9.52,-5.835806132542037,9.75,-3.5608308605341192,9.0,-10.979228486646878
2026-07-14,2312.TW,金寶,籌碼面,因子轉弱,60.0,-100.0,-160.0,6.0,-58.0,32.8,True,3,34.6,5.487804878048793,31.3,-4.5731707317073065,33.1,0.9146341463414766,29.7,-9.451219512195117
2026-07-14,2313.TW,華通,技術面,因子轉弱,35.0,5.0,-30.0,46.0,-4.0,225.5,True,3,248.0,9.977827050997783,212.0,-5.986696230598669,210.0,-6.873614190687362,182.0,-19.290465631929045
2026-07-14,2313.TW,華通,籌碼面,因子轉弱,80.0,-15.0,-95.0,46.0,-4.0,225.5,True,3,248.0,9.977827050997783,212.0,-5.986696230598669,210.0,-6.873614190687362,182.0,-19.290465631929045
2026-07-14,2317.TW,鴻海,籌碼面,因子轉弱,-15.0,-55.0,-40.0,-28.0,-40.0,235.5,False,,239.0,1.48619957537155,234.0,-0.6369426751592357,246.0,4.45859872611465,238.0,1.0615711252653928
2026-07-14,2324.TW,仁寶,技術面,因子轉弱,30.0,-30.0,-60.0,24.0,0.0,35.55,False,,36.15,1.6877637130801728,36.0,1.2658227848101347,36.0,1.2658227848101347,34.7,-2.3909985935302234
2026-07-14,2330.TW,台積電,技術面,因子轉弱,15.0,-20.0,-35.0,-16.0,-30.0,2420.0,True,3,2440.0,0.8264462809917356,2290.0,-5.371900826446281,2410.0,-0.4132231404958678,2280.0,-5.785123966942149
2026-07-14,2331.TW,精英,技術面,因子轉弱,-15.0,-45.0,-30.0,-10.0,-32.0,20.4,True,3,20.65,1.2254901960784315,19.4,-4.901960784313726,20.0,-1.9607843137254832,18.5,-9.313725490196072
2026-07-14,2356.TW,英業達,技術面,因子轉弱,5.0,-55.0,-60.0,-20.0,-34.0,63.7,True,1,61.1,-4.081632653061226,58.5,-8.163265306122453,60.1,-5.651491365777082,58.8,-7.692307692307701
2026-07-14,2374.TW,佳能,技術面,因子轉弱,-15.0,-70.0,-55.0,18.0,-68.0,72.3,True,3,72.8,0.6915629322268327,67.7,-6.362378976486853,67.2,-7.053941908713686,63.9,-11.618257261410788
2026-07-14,2374.TW,佳能,籌碼面,因子轉弱,60.0,-100.0,-160.0,18.0,-68.0,72.3,True,3,72.8,0.6915629322268327,67.7,-6.362378976486853,67.2,-7.053941908713686,63.9,-11.618257261410788
2026-07-14,2401.TW,凌陽,技術面,因子轉弱,-10.0,-45.0,-35.0,16.0,14.0,31.2,True,3,31.2,0.0,27.4,-12.179487179487182,27.6,-11.538461538461533,25.85,-17.14743589743589
2026-07-14,2409.TW,友達,籌碼面,因子轉弱,50.0,-15.0,-65.0,16.0,-14.0,27.55,True,3,28.3,2.722323049001815,25.8,-6.352087114337568,25.6,-7.078039927404715,23.9,-13.248638838475507
2026-07-14,2498.TW,宏達電,技術面,因子轉弱,-20.0,-45.0,-25.0,12.0,-28.0,43.0,True,3,44.3,3.0232558139534818,41.05,-4.534883720930239,41.85,-2.6744186046511595,39.9,-7.209302325581398
2026-07-14,2498.TW,宏達電,籌碼面,因子轉弱,50.0,-25.0,-75.0,12.0,-28.0,43.0,True,3,44.3,3.0232558139534818,41.05,-4.534883720930239,41.85,-2.6744186046511595,39.9,-7.209302325581398
2026-07-14,2605.TW,新興,技術面,因子轉弱,20.0,-10.0,-30.0,32.0,16.0,30.15,False,,31.65,4.975124378109453,31.0,2.8192371475953615,31.05,2.985074626865679,31.1,3.150912106135996
2026-07-14,2606.TW,裕民,技術面,因子轉弱,30.0,-20.0,-50.0,36.0,4.0,62.5,False,,64.2,2.7200000000000046,60.8,-2.7200000000000046,63.0,0.8,62.1,-0.6399999999999977
2026-07-14,2606.TW,裕民,籌碼面,因子轉弱,60.0,30.0,-30.0,36.0,4.0,62.5,False,,64.2,2.7200000000000046,60.8,-2.7200000000000046,63.0,0.8,62.1,-0.6399999999999977
2026-07-14,2607.TW,榮運,技術面,因子轉弱,-15.0,-45.0,-30.0,14.0,2.0,46.1,False,,47.0,1.9522776572668081,46.1,0.0,47.5,3.03687635574837,47.2,2.386117136659439
2026-07-14,2609.TW,陽明,技術面,因子轉弱,10.0,-70.0,-80.0,-18.0,-50.0,48.0,False,,50.2,4.583333333333339,49.2,2.500000000000006,50.9,6.041666666666664,50.7,5.625000000000005
2026-07-14,2610.TW,華航,技術面,因子轉弱,-20.0,-45.0,-25.0,24.0,-6.0,20.4,False,,21.2,3.921568627450984,20.75,1.715686274509811,21.45,5.147058823529416,21.75,6.617647058823536
2026-07-14,2610.TW,華航,籌碼面,因子轉弱,80.0,30.0,-50.0,24.0,-6.0,20.4,False,,21.2,3.921568627450984,20.75,1.715686274509811,21.45,5.147058823529416,21.75,6.617647058823536
2026-07-14,2748.TW,雲品,技術面,因子轉弱,-15.0,-35.0,-20.0,-14.0,-16.0,39.4,False,,40.3,2.2842639593908594,39.6,0.5076142131979768,39.9,1.2690355329949239,39.5,0.2538071065989884
2026-07-14,2748.TW,雲品,量價面,因子轉弱,0.0,-20.0,-20.0,-14.0,-16.0,39.4,False,,40.3,2.2842639593908594,39.6,0.5076142131979768,39.9,1.2690355329949239,39.5,0.2538071065989884
2026-07-14,2881.TW,富邦金,技術面,因子轉弱,30.0,-10.0,-40.0,36.0,8.0,125.0,False,,128.5,2.8000000000000003,124.5,-0.4,123.5,-1.2,125.5,0.4
2026-07-14,2881.TW,富邦金,籌碼面,因子轉弱,60.0,30.0,-30.0,36.0,8.0,125.0,False,,128.5,2.8000000000000003,124.5,-0.4,123.5,-1.2,125.5,0.4
2026-07-14,2892.TW,第一金,技術面,因子轉弱,60.0,20.0,-40.0,56.0,40.0,33.55,False,,33.1,-1.341281669150509,34.1,1.639344262295095,34.45,2.6825633383010605,34.8,3.7257824143070053
2026-07-14,3035.TW,智原,技術面,因子轉弱,-5.0,-35.0,-30.0,18.0,6.0,207.0,True,3,207.0,0.0,184.0,-11.11111111111111,194.5,-6.038647342995169,185.5,-10.38647342995169
2026-07-14,3673.TW,TPK-KY,籌碼面,因子轉弱,-15.0,-55.0,-40.0,-20.0,-40.0,72.2,True,3,74.2,2.7700831024930745,65.5,-9.279778393351803,63.6,-11.911357340720222,57.0,-21.052631578947373
2026-07-14,3711.TW,日月光投控,技術面,因子轉弱,30.0,-20.0,-50.0,-10.0,-30.0,641.0,True,3,683.0,6.5522620904836195,614.0,-4.212168486739469,633.0,-1.24804992199688,554.0,-13.57254290171607
2026-07-14,4931.TWO,新盛力,技術面,因子轉弱,-30.0,-55.0,-25.0,-12.0,-22.0,221.0,True,3,224.0,1.3574660633484164,199.0,-9.95475113122172,209.0,-5.429864253393665,185.0,-16.289592760180994
2026-07-14,4958.TW,臻鼎-KY,技術面,因子轉弱,25.0,5.0,-20.0,42.0,34.0,629.0,True,3,618.0,-1.7488076311605723,521.0,-17.170111287758345,509.0,-19.07790143084261,427.5,-32.034976152623216
2026-07-14,5439.TWO,高技,技術面,因子轉弱,5.0,-45.0,-50.0,2.0,-18.0,293.0,True,3,296.0,1.023890784982935,262.0,-10.580204778156997,256.5,-12.457337883959044,212.0,-27.64505119453925
2026-07-14,5706.TW,鳳凰,籌碼面,因子轉弱,30.0,0.0,-30.0,0.0,-16.0,46.35,True,10,46.8,0.9708737864077577,45.9,-0.9708737864077731,46.4,0.10787486515641241,44.85,-3.2362459546925564
2026-07-14,6191.TW,精成科,技術面,因子轉弱,-20.0,-45.0,-25.0,-36.0,-50.0,96.2,True,3,96.9,0.7276507276507306,89.2,-7.276507276507277,90.5,-5.925155925155928,84.0,-12.681912681912685
2026-07-14,6213.TW,聯茂,技術面,因子轉弱,5.0,-20.0,-25.0,-20.0,-14.0,348.5,True,1,335.0,-3.873744619799139,319.0,-8.464849354375897,354.5,1.721664275466284,276.5,-20.65997130559541
2026-07-14,6239.TW,力成,籌碼面,因子轉弱,30.0,-75.0,-105.0,-10.0,-44.0,304.0,True,3,314.0,3.289473684210526,288.0,-5.263157894736842,272.0,-10.526315789473683,251.5,-17.269736842105264
2026-07-14,6285.TW,啟碁,技術面,因子轉弱,30.0,-45.0,-75.0,6.0,2.0,247.5,True,3,267.0,7.878787878787878,234.5,-5.252525252525253,245.0,-1.0101010101010102,230.0,-7.07070707070707
2026-07-14,6669.TW,緯穎,技術面,因子轉弱,5.0,-20.0,-25.0,26.0,16.0,4905.0,True,3,5095.0,3.873598369011213,4620.0,-5.81039755351682,5000.0,1.9367991845056065,5315.0,8.35881753312946
2026-07-14,7769.TW,鴻勁,技術面,因子轉弱,5.0,-45.0,-50.0,14.0,-6.0,6395.0,True,3,6720.0,5.08209538702111,6070.0,-5.08209538702111,6500.0,1.6419077404222049,5750.0,-10.086004691164971
2026-07-14,8028.TW,昇陽半導體,技術面,因子轉弱,-20.0,-45.0,-25.0,-36.0,-58.0,291.5,True,10,318.5,9.262435677530018,315.0,8.061749571183533,305.0,4.631217838765009,280.0,-3.9451114922813035
2026-07-14,8028.TW,昇陽半導體,籌碼面,因子轉弱,-70.0,-100.0,-30.0,-36.0,-58.0,291.5,True,10,318.5,9.262435677530018,315.0,8.061749571183533,305.0,4.631217838765009,280.0,-3.9451114922813035
2026-07-14,8150.TW,南茂,技術面,因子轉弱,55.0,5.0,-50.0,42.0,-30.0,104.0,True,10,114.0,9.615384615384617,110.5,6.25,104.0,0.0,81.0,-22.115384615384613
2026-07-14,8150.TW,南茂,籌碼面,因子轉弱,50.0,-80.0,-130.0,42.0,-30.0,104.0,True,10,114.0,9.615384615384617,110.5,6.25,104.0,0.0,81.0,-22.115384615384613
2026-07-15,1303.TW,南亞,量價面,因子轉弱,25.0,0.0,-25.0,7.0,-4.0,227.5,True,3,221.0,-2.857142857142857,186.5,-18.021978021978022,208.0,-8.571428571428571,141.5,-37.8021978021978
2026-07-15,1409.TW,新纖,技術面,因子轉弱,-20.0,-55.0,-35.0,-30.0,-44.0,25.9,True,3,26.0,0.3861003861003916,23.7,-8.494208494208493,24.4,-5.7915057915057915,20.4,-21.235521235521237
2026-07-15,1714.TW,和桐,技術面,因子轉弱,-10.0,-55.0,-45.0,-16.0,-44.0,16.7,True,3,16.2,-2.9940119760479043,15.0,-10.17964071856287,15.7,-5.9880239520958085,13.2,-20.95808383233533
2026-07-15,2327.TW,國巨,籌碼面,因子轉弱,30.0,-75.0,-105.0,-2.0,-48.0,798.0,True,3,776.0,-2.756892230576441,630.0,-21.052631578947366,703.0,-11.904761904761903,507.0,-36.46616541353384
2026-07-15,2368.TW,金像電,籌碼面,因子轉弱,60.0,30.0,-30.0,10.0,-6.0,1025.0,True,3,1005.0,-1.951219512195122,927.0,-9.560975609756097,940.0,-8.292682926829269,729.0,-28.878048780487802
2026-07-15,2401.TW,凌陽,籌碼面,因子轉弱,80.0,30.0,-50.0,14.0,-6.0,31.2,True,1,30.0,-3.8461538461538445,26.4,-15.384615384615389,29.9,-4.16666666666667,24.15,-22.59615384615385
2026-07-15,2409.TW,友達,技術面,因子轉弱,-20.0,-45.0,-25.0,-14.0,2.0,28.3,True,3,27.65,-2.296819787985873,25.4,-10.247349823321562,25.8,-8.8339222614841,23.65,-16.431095406360434
2026-07-15,2485.TW,兆赫,籌碼面,因子轉弱,60.0,30.0,-30.0,6.0,14.0,49.4,True,1,47.3,-4.251012145748991,40.95,-17.10526315789473,42.3,-14.372469635627533,35.45,-28.238866396761125
2026-07-15,2707.TW,晶華,技術面,因子轉弱,65.0,10.0,-55.0,54.0,24.0,180.0,False,,179.5,-0.2777777777777778,179.5,-0.2777777777777778,179.0,-0.5555555555555556,180.0,0.0
2026-07-15,2882.TW,國泰金,籌碼面,因子轉弱,30.0,-50.0,-80.0,0.0,-32.0,96.6,False,,97.3,0.7246376811594233,94.0,-2.691511387163555,96.8,0.20703933747412304,94.1,-2.587991718426501
2026-07-15,2886.TW,兆豐金,技術面,因子轉弱,70.0,15.0,-55.0,60.0,26.0,46.0,False,,46.6,1.3043478260869596,48.2,4.78260869565218,48.2,4.78260869565218,49.9,8.478260869565215
2026-07-15,2886.TW,兆豐金,籌碼面,因子轉弱,80.0,50.0,-30.0,60.0,26.0,46.0,False,,46.6,1.3043478260869596,48.2,4.78260869565218,48.2,4.78260869565218,49.9,8.478260869565215
2026-07-15,2891.TW,中信金,籌碼面,因子轉弱,80.0,50.0,-30.0,14.0,2.0,63.5,True,3,63.0,-0.7874015748031495,61.5,-3.149606299212598,64.0,0.7874015748031495,62.0,-2.3622047244094486
2026-07-15,3013.TW,晟銘電,籌碼面,因子轉弱,50.0,20.0,-30.0,8.0,-10.0,98.0,True,3,96.5,-1.530612244897959,85.3,-12.95918367346939,89.7,-8.469387755102039,75.5,-22.95918367346939
2026-07-15,4958.TW,臻鼎-KY,籌碼面,因子轉弱,80.0,50.0,-30.0,34.0,42.0,618.0,True,1,578.0,-6.472491909385113,478.5,-22.572815533980584,559.0,-9.546925566343042,404.5,-34.54692556634304
2026-07-15,4960.TW,誠美材,籌碼面,因子轉弱,50.0,20.0,-30.0,6.0,6.0,23.5,True,3,23.2,-1.276595744680854,20.95,-10.851063829787238,22.25,-5.319148936170213,18.7,-20.425531914893618
2026-07-15,5530.TWO,龍巖,技術面,因子轉弱,5.0,-30.0,-35.0,2.0,-12.0,47.9,False,,48.5,1.2526096033402954,48.4,1.0438413361169103,48.4,1.0438413361169103,46.6,-2.713987473903961
2026-07-15,6116.TW,彩晶,籌碼面,因子轉弱,60.0,30.0,-30.0,2.0,10.0,16.7,True,1,16.1,-3.5928143712574725,14.3,-14.37125748502993,14.65,-12.2754491017964,11.95,-28.443113772455092
2026-07-15,6213.TW,聯茂,籌碼面,因子轉弱,-15.0,-55.0,-40.0,-14.0,-30.0,335.0,True,3,325.0,-2.9850746268656714,322.5,-3.731343283582089,367.0,9.55223880597015,249.0,-25.671641791044774
2026-07-15,6488.TWO,環球晶,技術面,因子轉弱,65.0,45.0,-20.0,31.0,18.0,1480.0,True,1,1370.0,-7.4324324324324325,1265.0,-14.527027027027026,1240.0,-16.216216216216218,864.0,-41.62162162162162
2026-07-15,6488.TWO,環球晶,量價面,因子轉弱,25.0,0.0,-25.0,31.0,18.0,1480.0,True,1,1370.0,-7.4324324324324325,1265.0,-14.527027027027026,1240.0,-16.216216216216218,864.0,-41.62162162162162
2026-07-15,8039.TW,台虹,技術面,因子轉弱,90.0,60.0,-30.0,65.0,56.0,181.5,True,10,199.5,9.917355371900827,193.0,6.336088154269973,233.0,28.37465564738292,175.5,-3.3057851239669422
2026-07-15,8039.TW,台虹,量價面,因子轉弱,25.0,0.0,-25.0,65.0,56.0,181.5,True,10,199.5,9.917355371900827,193.0,6.336088154269973,233.0,28.37465564738292,175.5,-3.3057851239669422
2026-07-15,8046.TW,南電,籌碼面,因子轉弱,30.0,-50.0,-80.0,34.0,8.0,1415.0,True,1,1275.0,-9.89399293286219,1105.0,-21.908127208480565,1305.0,-7.773851590106007,879.0,-37.879858657243815
2026-07-16,00403A.TW,主動統一升級50,技術面,因子轉弱,-5.0,-45.0,-40.0,-14.0,-40.0,10.28,True,1,9.52,-7.392996108949415,9.75,-5.155642023346298,9.97,-3.0155642023346183,8.47,-17.60700389105057
2026-07-16,00878.TW,國泰永續高股息,技術面,因子轉弱,-15.0,-55.0,-40.0,-18.0,-44.0,32.95,True,1,31.81,-3.459787556904413,32.05,-2.73141122913507,32.73,-0.6676783004552532,30.75,-6.67678300455236
2026-07-16,1718.TW,中纖,技術面,因子轉弱,45.0,20.0,-25.0,42.0,32.0,14.65,True,1,13.65,-6.825938566552901,13.2,-9.897610921501714,11.35,-22.52559726962458,8.64,-41.02389078498293
2026-07-16,2027.TW,大成鋼,籌碼面,因子轉弱,80.0,50.0,-30.0,34.0,18.0,41.0,False,,40.65,-0.8536585365853694,41.15,0.3658536585365819,44.4,8.292682926829265,43.7,6.585365853658544
2026-07-16,2303.TW,聯電,技術面,因子轉弱,30.0,5.0,-25.0,-10.0,-28.0,160.0,True,1,144.0,-10.0,134.5,-15.937499999999998,138.5,-13.4375,110.0,-31.25
2026-07-16,2312.TW,金寶,技術面,因子轉弱,5.0,-45.0,-50.0,26.0,-6.0,33.6,True,1,31.3,-6.845238095238098,33.1,-1.488095238095238,32.5,-3.273809523809528,27.65,-17.70833333333334
2026-07-16,2312.TW,金寶,籌碼面,因子轉弱,60.0,30.0,-30.0,26.0,-6.0,33.6,True,1,31.3,-6.845238095238098,33.1,-1.488095238095238,32.5,-3.273809523809528,27.65,-17.70833333333334
2026-07-16,2313.TW,華通,籌碼面,因子轉弱,80.0,50.0,-30.0,44.0,32.0,235.5,True,1,212.0,-9.978768577494693,210.0,-10.828025477707007,214.0,-9.129511677282377,154.0,-34.6072186836518
2026-07-16,2324.TW,仁寶,技術面,因子轉弱,45.0,-20.0,-65.0,50.0,4.0,35.95,True,10,36.0,0.13908205841445662,36.0,0.13908205841445662,36.75,2.2253129346314244,33.75,-6.119610570236446
2026-07-16,2324.TW,仁寶,籌碼面,因子轉弱,80.0,30.0,-50.0,50.0,4.0,35.95,True,10,36.0,0.13908205841445662,36.0,0.13908205841445662,36.75,2.2253129346314244,33.75,-6.119610570236446
2026-07-16,2329.TW,華泰,技術面,因子轉弱,-5.0,-45.0,-40.0,-14.0,-40.0,48.95,True,1,45.15,-7.7630234933605795,45.2,-7.6608784473953015,47.1,-3.779366700715018,37.55,-23.289070480081726
2026-07-16,2331.TW,精英,技術面,因子轉弱,-15.0,-55.0,-40.0,18.0,-10.0,20.4,True,1,19.4,-4.901960784313726,20.0,-1.9607843137254832,19.75,-3.186274509803915,17.45,-14.460784313725489
2026-07-16,2331.TW,精英,籌碼面,因子轉弱,60.0,30.0,-30.0,18.0,-10.0,20.4,True,1,19.4,-4.901960784313726,20.0,-1.9607843137254832,19.75,-3.186274509803915,17.45,-14.460784313725489
2026-07-16,2337.TW,旺宏,技術面,因子轉弱,10.0,-55.0,-65.0,28.0,-44.0,136.5,True,1,125.0,-8.424908424908425,123.0,-9.89010989010989,129.5,-5.128205128205128,91.8,-32.747252747252745
2026-07-16,2337.TW,旺宏,籌碼面,因子轉弱,60.0,-55.0,-115.0,28.0,-44.0,136.5,True,1,125.0,-8.424908424908425,123.0,-9.89010989010989,129.5,-5.128205128205128,91.8,-32.747252747252745
2026-07-16,2344.TW,華邦電,技術面,因子轉弱,-5.0,-35.0,-30.0,-22.0,-28.0,172.0,True,1,155.0,-9.883720930232558,155.5,-9.593023255813954,161.0,-6.395348837209303,118.5,-31.1046511627907
2026-07-16,2374.TW,佳能,籌碼面,因子轉弱,-25.0,-90.0,-65.0,-32.0,-58.0,72.0,True,1,67.7,-5.972222222222219,67.2,-6.6666666666666625,68.1,-5.416666666666674,59.6,-17.222222222222218
2026-07-16,2376.TW,技嘉,技術面,因子轉弱,55.0,15.0,-40.0,54.0,-20.0,337.0,True,1,325.0,-3.5608308605341246,341.0,1.1869436201780417,354.5,5.192878338278932,318.5,-5.489614243323442
2026-07-16,2376.TW,技嘉,籌碼面,因子轉弱,80.0,-65.0,-145.0,54.0,-20.0,337.0,True,1,325.0,-3.5608308605341246,341.0,1.1869436201780417,354.5,5.192878338278932,318.5,-5.489614243323442
2026-07-16,2382.TW,廣達,技術面,因子轉弱,55.0,-20.0,-75.0,0.0,-30.0,352.0,True,1,325.5,-7.528409090909091,324.0,-7.954545454545454,336.0,-4.545454545454546,279.0,-20.738636363636363
2026-07-16,2383.TW,台光電,籌碼面,因子轉弱,20.0,-5.0,-25.0,-10.0,-20.0,4990.0,True,1,4495.0,-9.919839679358718,4830.0,-3.2064128256513023,5095.0,2.1042084168336674,4315.0,-13.527054108216433
2026-07-16,2401.TW,凌陽,籌碼面,因子轉弱,30.0,-55.0,-85.0,-6.0,-44.0,30.0,True,1,27.4,-8.666666666666671,27.6,-7.999999999999995,28.2,-6.000000000000003,23.45,-21.833333333333336
2026-07-16,2408.TW,南亞科,技術面,因子轉弱,30.0,5.0,-25.0,24.0,-20.0,439.0,True,1,395.5,-9.90888382687927,405.0,-7.744874715261959,426.0,-2.9612756264236904,328.0,-25.28473804100228
2026-07-16,2408.TW,南亞科,籌碼面,因子轉弱,30.0,-55.0,-85.0,24.0,-20.0,439.0,True,1,395.5,-9.90888382687927,405.0,-7.744874715261959,426.0,-2.9612756264236904,328.0,-25.28473804100228
2026-07-16,2451.TW,創見,技術面,因子轉弱,5.0,-45.0,-50.0,-20.0,-40.0,247.5,True,1,230.0,-7.07070707070707,235.0,-5.05050505050505,244.5,-1.2121212121212122,269.5,8.88888888888889
2026-07-16,2485.TW,兆赫,技術面,因子轉弱,5.0,-55.0,-60.0,14.0,-10.0,47.3,True,1,43.4,-8.245243128964058,41.25,-12.790697674418599,41.55,-12.156448202959831,32.5,-31.289640591966165
2026-07-16,2498.TW,宏達電,技術面,因子轉弱,20.0,-55.0,-75.0,28.0,-14.0,43.35,True,1,41.05,-5.305651672433688,41.85,-3.460207612456747,41.9,-3.344867358708196,37.85,-12.687427912341406
2026-07-16,2498.TW,宏達電,籌碼面,因子轉弱,50.0,20.0,-30.0,28.0,-14.0,43.35,True,1,41.05,-5.305651672433688,41.85,-3.460207612456747,41.9,-3.344867358708196,37.85,-12.687427912341406
2026-07-16,2605.TW,新興,技術面,因子轉弱,60.0,20.0,-40.0,48.0,32.0,31.25,True,10,31.0,-0.8,31.05,-0.6399999999999977,32.5,4.0,29.95,-4.160000000000003
2026-07-16,2606.TW,裕民,技術面,因子轉弱,70.0,45.0,-25.0,52.0,30.0,63.6,True,1,60.8,-4.402515723270447,63.0,-0.9433962264150966,63.2,-0.6289308176100606,60.7,-4.559748427672954
2026-07-16,2606.TW,裕民,籌碼面,因子轉弱,60.0,30.0,-30.0,52.0,30.0,63.6,True,1,60.8,-4.402515723270447,63.0,-0.9433962264150966,63.2,-0.6289308176100606,60.7,-4.559748427672954
2026-07-16,2610.TW,華航,籌碼面,因子轉弱,60.0,30.0,-30.0,6.0,-10.0,20.9,False,,20.75,-0.7177033492822898,21.45,2.631578947368425,20.6,-1.4354066985645797,21.7,3.827751196172252
2026-07-16,2881.TW,富邦金,技術面,因子轉弱,30.0,-10.0,-40.0,36.0,8.0,125.0,False,,124.5,-0.4,123.5,-1.2,128.5,2.8000000000000003,124.0,-0.8
2026-07-16,2881.TW,富邦金,籌碼面,因子轉弱,60.0,30.0,-30.0,36.0,8.0,125.0,False,,124.5,-0.4,123.5,-1.2,128.5,2.8000000000000003,124.0,-0.8
2026-07-16,3035.TW,智原,籌碼面,因子轉弱,50.0,-55.0,-105.0,2.0,-44.0,203.5,True,1,184.0,-9.582309582309582,194.5,-4.422604422604422,193.0,-5.159705159705159,150.5,-26.044226044226043
2026-07-16,3037.TW,欣興,技術面,因子轉弱,5.0,-45.0,-50.0,-10.0,-40.0,882.0,True,1,794.0,-9.977324263038549,825.0,-6.462585034013606,896.0,1.5873015873015872,716.0,-18.820861678004537
2026-07-16,3163.TWO,波若威,技術面,因子轉弱,-5.0,-45.0,-40.0,-2.0,-18.0,724.0,True,1,652.0,-9.94475138121547,664.0,-8.287292817679557,761.0,5.110497237569061,495.0,-31.629834254143645
2026-07-16,3189.TW,景碩,技術面,因子轉弱,80.0,5.0,-75.0,64.0,22.0,770.0,True,1,693.0,-10.0,746.0,-3.116883116883117,785.0,1.948051948051948,578.0,-24.935064935064936
2026-07-16,3189.TW,景碩,籌碼面,因子轉弱,80.0,50.0,-30.0,64.0,22.0,770.0,True,1,693.0,-10.0,746.0,-3.116883116883117,785.0,1.948051948051948,578.0,-24.935064935064936
2026-07-16,3260.TWO,威剛,技術面,因子轉弱,5.0,-55.0,-60.0,2.0,-22.0,400.5,True,1,366.5,-8.489388264669163,368.5,-7.990012484394507,378.5,-5.493133583021224,378.5,-5.493133583021224
2026-07-16,4958.TW,臻鼎-KY,技術面,因子轉弱,55.0,-20.0,-75.0,42.0,12.0,578.0,True,1,521.0,-9.86159169550173,509.0,-11.937716262975778,506.0,-12.45674740484429,376.0,-34.94809688581315
2026-07-16,4960.TW,誠美材,技術面,因子轉弱,-5.0,-45.0,-40.0,6.0,6.0,23.2,True,1,21.55,-7.112068965517236,21.0,-9.482758620689651,21.8,-6.034482758620683,17.95,-22.629310344827587
2026-07-16,4966.TWO,譜瑞-KY,技術面,因子轉弱,-20.0,-55.0,-35.0,-8.0,-22.0,631.0,True,1,585.0,-7.290015847860539,583.0,-7.6069730586370845,612.0,-3.011093502377179,532.0,-15.689381933438987
2026-07-16,4967.TW,十銓,技術面,因子轉弱,-5.0,-55.0,-50.0,-4.0,10.0,225.5,True,1,209.0,-7.317073170731707,214.0,-5.099778270509978,217.0,-3.7694013303769403,212.5,-5.764966740576496
2026-07-16,6116.TW,彩晶,技術面,因子轉弱,-5.0,-45.0,-40.0,10.0,-24.0,16.1,True,1,15.0,-6.832298136645972,14.5,-9.937888198757772,14.35,-10.869565217391314,11.8,-26.70807453416149
2026-07-16,6116.TW,彩晶,籌碼面,因子轉弱,30.0,-15.0,-45.0,10.0,-24.0,16.1,True,1,15.0,-6.832298136645972,14.5,-9.937888198757772,14.35,-10.869565217391314,11.8,-26.70807453416149
2026-07-16,6214.TW,精誠,技術面,因子轉弱,45.0,5.0,-40.0,38.0,34.0,140.0,False,,137.0,-2.142857142857143,141.5,1.0714285714285714,141.0,0.7142857142857143,143.5,2.5
2026-07-16,6230.TW,超眾,技術面,因子轉弱,5.0,-55.0,-60.0,14.0,-22.0,118.0,True,1,113.0,-4.23728813559322,116.0,-1.694915254237288,116.0,-1.694915254237288,105.5,-10.59322033898305
2026-07-16,6230.TW,超眾,籌碼面,因子轉弱,30.0,0.0,-30.0,14.0,-22.0,118.0,True,1,113.0,-4.23728813559322,116.0,-1.694915254237288,116.0,-1.694915254237288,105.5,-10.59322033898305
2026-07-16,6285.TW,啟碁,技術面,因子轉弱,45.0,5.0,-40.0,30.0,-16.0,257.0,True,1,234.5,-8.754863813229571,245.0,-4.669260700389105,258.5,0.5836575875486382,204.0,-20.622568093385212
2026-07-16,6285.TW,啟碁,籌碼面,因子轉弱,30.0,-45.0,-75.0,30.0,-16.0,257.0,True,1,234.5,-8.754863813229571,245.0,-4.669260700389105,258.5,0.5836575875486382,204.0,-20.622568093385212
2026-07-16,6488.TWO,環球晶,技術面,因子轉弱,45.0,5.0,-40.0,18.0,2.0,1370.0,True,1,1240.0,-9.48905109489051,1205.0,-12.043795620437956,1120.0,-18.248175182481752,778.0,-43.21167883211679
2026-07-16,8046.TW,南電,技術面,因子轉弱,70.0,5.0,-65.0,8.0,-20.0,1275.0,True,1,1150.0,-9.803921568627452,1190.0,-6.666666666666667,1230.0,-3.5294117647058822,837.0,-34.35294117647059
2026-07-16,9105.TW,泰金寶-DR,技術面,因子轉弱,-5.0,-45.0,-40.0,22.0,-6.0,8.8,True,1,8.39,-4.659090909090911,8.76,-0.454545454545465,8.68,-1.3636363636363749,7.44,-15.454545454545457
2026-07-16,9105.TW,泰金寶-DR,籌碼面,因子轉弱,60.0,30.0,-30.0,22.0,-6.0,8.8,True,1,8.39,-4.659090909090911,8.76,-0.454545454545465,8.68,-1.3636363636363749,7.44,-15.454545454545457
2026-07-17,00403A.TW,主動統一升級50,量價面,因子轉弱,0.0,-20.0,-20.0,-40.0,-24.0,9.52,False,,9.28,-2.521008403361347,9.99,4.936974789915973,9.63,1.1554621848739624,9.25,-2.8361344537815083
2026-07-17,0056.TW,元大高股息,技術面,因子轉弱,-15.0,-35.0,-20.0,-28.0,-30.0,50.75,False,,49.95,-1.57635467980295,50.95,0.39408866995074454,50.2,-1.0837438423645265,49.48,-2.5024630541871984
2026-07-17,0056.TW,元大高股息,量價面,因子轉弱,0.0,-20.0,-20.0,-28.0,-30.0,50.75,False,,49.95,-1.57635467980295,50.95,0.39408866995074454,50.2,-1.0837438423645265,49.48,-2.5024630541871984
2026-07-17,1303.TW,南亞,技術面,因子轉弱,55.0,5.0,-50.0,0.0,-10.0,199.0,True,1,186.5,-6.281407035175879,208.0,4.522613065326634,177.5,-10.804020100502512,159.5,-19.849246231155778
2026-07-17,1718.TW,中纖,技術面,因子轉弱,20.0,-20.0,-40.0,32.0,4.0,13.65,True,1,13.0,-4.7619047619047645,12.35,-9.523809523809529,11.0,-19.413919413919416,8.73,-36.043956043956044
2026-07-17,1718.TW,中纖,籌碼面,因子轉弱,60.0,30.0,-30.0,32.0,4.0,13.65,True,1,13.0,-4.7619047619047645,12.35,-9.523809523809529,11.0,-19.413919413919416,8.73,-36.043956043956044
2026-07-17,2002.TW,中鋼,籌碼面,因子轉弱,60.0,30.0,-30.0,18.0,10.0,18.65,False,,18.55,-0.5361930294906053,18.85,1.0723860589812486,19.15,2.680965147453083,18.95,1.6085790884718536
2026-07-17,2303.TW,聯電,技術面,因子轉弱,5.0,-35.0,-40.0,-28.0,-38.0,144.0,True,1,130.0,-9.722222222222223,139.0,-3.4722222222222223,128.0,-11.11111111111111,121.0,-15.972222222222221
2026-07-17,2303.TW,聯電,量價面,因子轉弱,0.0,-20.0,-20.0,-28.0,-38.0,144.0,True,1,130.0,-9.722222222222223,139.0,-3.4722222222222223,128.0,-11.11111111111111,121.0,-15.972222222222221
2026-07-17,2308.TW,台達電,技術面,因子轉弱,-5.0,-45.0,-40.0,-24.0,-24.0,1740.0,True,10,1705.0,-2.0114942528735633,1880.0,8.045977011494253,1785.0,2.586206896551724,1640.0,-5.747126436781609
2026-07-17,2313.TW,華通,技術面,因子轉弱,30.0,-30.0,-60.0,32.0,8.0,212.0,True,1,199.0,-6.132075471698113,208.0,-1.8867924528301887,201.5,-4.952830188679245,169.0,-20.28301886792453
2026-07-17,2317.TW,鴻海,技術面,因子轉弱,-5.0,-40.0,-35.0,22.0,-4.0,234.0,False,,234.5,0.2136752136752137,251.5,7.478632478632479,252.5,7.905982905982905,250.5,7.051282051282051
2026-07-17,2317.TW,鴻海,籌碼面,因子轉弱,60.0,30.0,-30.0,22.0,-4.0,234.0,False,,234.5,0.2136752136752137,251.5,7.478632478632479,252.5,7.905982905982905,250.5,7.051282051282051
2026-07-17,2324.TW,仁寶,籌碼面,因子轉弱,30.0,-50.0,-80.0,4.0,-22.0,36.0,True,1,34.4,-4.444444444444448,36.2,0.5555555555555635,37.2,3.333333333333341,36.0,0.0
2026-07-17,2330.TW,台積電,技術面,因子轉弱,20.0,-35.0,-55.0,-14.0,-30.0,2290.0,False,,2320.0,1.3100436681222707,2400.0,4.8034934497816595,2350.0,2.6200873362445414,2425.0,5.895196506550218
2026-07-17,2330.TW,台積電,量價面,因子轉弱,0.0,-20.0,-20.0,-14.0,-30.0,2290.0,False,,2320.0,1.3100436681222707,2400.0,4.8034934497816595,2350.0,2.6200873362445414,2425.0,5.895196506550218
2026-07-17,2338.TW,光罩,技術面,因子轉弱,5.0,-45.0,-50.0,-20.0,-30.0,43.2,True,1,41.75,-3.356481481481488,43.4,0.46296296296295303,40.65,-5.9027777777777874,36.7,-15.046296296296296
2026-07-17,2344.TW,華邦電,技術面,因子轉弱,-35.0,-55.0,-20.0,-28.0,-36.0,155.0,True,10,151.0,-2.5806451612903225,171.0,10.32258064516129,154.5,-0.3225806451612903,130.0,-16.129032258064516
2026-07-17,2345.TW,智邦,技術面,因子轉弱,-20.0,-45.0,-25.0,-30.0,-26.0,2090.0,False,,2090.0,0.0,2285.0,9.330143540669857,2220.0,6.220095693779904,2125.0,1.674641148325359
2026-07-17,2353.TW,宏碁,籌碼面,因子轉弱,60.0,30.0,-30.0,2.0,-6.0,29.6,False,,29.25,-1.1824324324324371,30.55,3.209459459459457,30.05,1.5202702702702677,28.85,-2.5337837837837838
2026-07-17,2368.TW,金像電,籌碼面,因子轉弱,60.0,30.0,-30.0,6.0,-6.0,927.0,True,10,927.0,0.0,940.0,1.4023732470334414,901.0,-2.8047464940668827,793.0,-14.455231930960085
2026-07-17,2376.TW,技嘉,技術面,因子轉弱,15.0,-15.0,-30.0,-20.0,-32.0,325.0,False,,331.0,1.8461538461538463,348.0,7.076923076923077,354.5,9.076923076923077,336.5,3.5384615384615383
2026-07-17,2382.TW,廣達,技術面,因子轉弱,-20.0,-70.0,-50.0,-30.0,-40.0,325.5,True,10,316.0,-2.9185867895545314,329.0,1.0752688172043012,328.0,0.7680491551459293,291.5,-10.44546850998464
2026-07-17,2408.TW,南亞科,技術面,因子轉弱,5.0,-30.0,-35.0,-20.0,-24.0,395.5,True,1,381.0,-3.6662452591656134,445.5,12.64222503160556,401.0,1.390644753476612,360.5,-8.849557522123893
2026-07-17,2409.TW,友達,籌碼面,因子轉弱,50.0,-55.0,-105.0,2.0,-44.0,25.8,True,10,25.4,-1.5503875968992331,25.8,0.0,25.5,-1.1627906976744213,24.2,-6.201550387596905
2026-07-17,2498.TW,宏達電,籌碼面,因子轉弱,20.0,-40.0,-60.0,-14.0,-34.0,41.05,False,,41.6,1.339829476248488,41.85,1.9488428745432507,41.75,1.705237515225342,39.95,-2.6796589524969416
2026-07-17,2603.TW,長榮,籌碼面,因子轉弱,60.0,30.0,-30.0,48.0,34.0,198.0,False,,196.0,-1.0101010101010102,206.0,4.040404040404041,206.0,4.040404040404041,204.0,3.0303030303030303
2026-07-17,2605.TW,新興,籌碼面,因子轉弱,60.0,30.0,-30.0,32.0,34.0,31.0,False,,30.65,-1.1290322580645207,31.45,1.451612903225804,32.3,4.193548387096765,30.35,-2.0967741935483826
2026-07-17,2606.TW,裕民,技術面,因子轉弱,45.0,5.0,-40.0,30.0,14.0,60.8,False,,61.6,1.3157894736842175,64.1,5.427631578947364,64.0,5.263157894736848,62.6,2.960526315789481
2026-07-17,2607.TW,榮運,技術面,因子轉弱,10.0,-20.0,-30.0,28.0,4.0,46.1,False,,46.3,0.43383947939261547,47.3,2.603036876355739,47.85,3.7960954446854664,47.15,2.2776572668112736
2026-07-17,2607.TW,榮運,籌碼面,因子轉弱,60.0,30.0,-30.0,28.0,4.0,46.1,False,,46.3,0.43383947939261547,47.3,2.603036876355739,47.85,3.7960954446854664,47.15,2.2776572668112736
2026-07-17,2609.TW,陽明,技術面,因子轉弱,-5.0,-55.0,-50.0,-8.0,-28.0,49.2,False,,49.0,-0.40650406504065617,51.4,4.471544715447146,51.5,4.6747967479674735,50.8,3.2520325203251916
2026-07-17,2618.TW,長榮航,技術面,因子轉弱,-5.0,-45.0,-40.0,22.0,-6.0,41.2,False,,41.2,0.0,42.1,2.184466019417472,40.7,-1.2135922330097086,43.3,5.0970873786407624
2026-07-17,2618.TW,長榮航,籌碼面,因子轉弱,60.0,30.0,-30.0,22.0,-6.0,41.2,False,,41.2,0.0,42.1,2.184466019417472,40.7,-1.2135922330097086,43.3,5.0970873786407624
2026-07-17,2707.TW,晶華,技術面,因子轉弱,10.0,-20.0,-30.0,24.0,0.0,178.5,False,,179.5,0.5602240896358543,179.0,0.2801120448179272,179.0,0.2801120448179272,178.0,-0.2801120448179272
2026-07-17,2707.TW,晶華,籌碼面,因子轉弱,50.0,20.0,-30.0,24.0,0.0,178.5,False,,179.5,0.5602240896358543,179.0,0.2801120448179272,179.0,0.2801120448179272,178.0,-0.2801120448179272
2026-07-17,2731.TW,雄獅,技術面,因子轉弱,-15.0,-45.0,-30.0,-16.0,-18.0,143.0,False,,143.0,0.0,145.0,1.3986013986013985,145.0,1.3986013986013985,147.0,2.797202797202797
2026-07-17,2748.TW,雲品,籌碼面,因子轉弱,50.0,20.0,-30.0,30.0,12.0,39.6,False,,39.7,0.2525252525252561,39.85,0.6313131313131313,39.85,0.6313131313131313,38.6,-2.525252525252525
2026-07-17,2882.TW,國泰金,技術面,因子轉弱,20.0,-20.0,-40.0,-4.0,4.0,94.3,False,,94.0,-0.3181336161187669,96.8,2.651113467656416,97.0,2.863202545068932,101.5,7.635206786850481
2026-07-17,2886.TW,兆豐金,籌碼面,因子轉弱,80.0,50.0,-30.0,38.0,54.0,47.6,False,,48.2,1.2605042016806753,48.2,1.2605042016806753,48.45,1.7857142857142887,53.1,11.554621848739496
2026-07-17,2891.TW,中信金,籌碼面,因子轉弱,60.0,30.0,-30.0,2.0,-6.0,62.1,False,,61.5,-0.9661835748792292,64.0,3.0595813204508833,63.6,2.4154589371980677,64.9,4.508856682769733
2026-07-17,2892.TW,第一金,籌碼面,因子轉弱,80.0,50.0,-30.0,60.0,48.0,34.1,False,,33.95,-0.43988269794720986,34.4,0.8797653958944197,34.3,0.5865102639296063,36.75,7.771260997067444
2026-07-17,3189.TW,景碩,技術面,因子轉弱,5.0,-20.0,-25.0,22.0,12.0,693.0,True,10,679.0,-2.0202020202020203,796.0,14.862914862914863,711.0,2.5974025974025974,635.0,-8.369408369408369
2026-07-17,3231.TW,緯創,技術面,因子轉弱,5.0,-45.0,-50.0,26.0,-6.0,139.0,False,,143.5,3.237410071942446,164.0,17.985611510791365,179.0,28.776978417266186,176.0,26.618705035971225
2026-07-17,3231.TW,緯創,籌碼面,因子轉弱,60.0,30.0,-30.0,26.0,-6.0,139.0,False,,143.5,3.237410071942446,164.0,17.985611510791365,179.0,28.776978417266186,176.0,26.618705035971225
2026-07-17,3363.TWO,上詮,技術面,因子轉弱,-20.0,-55.0,-35.0,-8.0,-22.0,504.0,True,10,503.0,-0.1984126984126984,566.0,12.3015873015873,582.0,15.476190476190476,480.5,-4.662698412698413
2026-07-17,3711.TW,日月光投控,技術面,因子轉弱,20.0,-45.0,-65.0,32.0,-6.0,614.0,True,10,597.0,-2.768729641693811,656.0,6.840390879478828,613.0,-0.16286644951140067,555.0,-9.609120521172638
2026-07-17,3711.TW,日月光投控,籌碼面,因子轉弱,60.0,30.0,-30.0,32.0,-6.0,614.0,True,10,597.0,-2.768729641693811,656.0,6.840390879478828,613.0,-0.16286644951140067,555.0,-9.609120521172638
2026-07-17,4960.TW,誠美材,籌碼面,因子轉弱,60.0,30.0,-30.0,6.0,-6.0,21.55,True,10,20.95,-2.784222737819032,22.25,3.2482598607888593,21.0,-2.55220417633411,19.2,-10.90487238979119
2026-07-17,4967.TW,十銓,籌碼面,因子轉弱,80.0,50.0,-30.0,10.0,4.0,209.0,False,,208.5,-0.23923444976076555,218.5,4.545454545454546,218.5,4.545454545454546,233.5,11.722488038277511
2026-07-17,5706.TW,鳳凰,技術面,因子轉弱,-15.0,-40.0,-25.0,14.0,-8.0,45.9,True,10,45.8,-0.21786492374727978,45.85,-0.10893246187363215,45.4,-1.0893246187363834,44.5,-3.0501089324618706
2026-07-17,5706.TW,鳳凰,籌碼面,因子轉弱,50.0,20.0,-30.0,14.0,-8.0,45.9,True,10,45.8,-0.21786492374727978,45.85,-0.10893246187363215,45.4,-1.0893246187363834,44.5,-3.0501089324618706
2026-07-17,6214.TW,精誠,籌碼面,因子轉弱,80.0,50.0,-30.0,34.0,26.0,137.0,False,,137.5,0.36496350364963503,141.5,3.2846715328467155,139.5,1.824817518248175,154.0,12.408759124087592
2026-07-17,6239.TW,力成,技術面,因子轉弱,-5.0,-40.0,-35.0,22.0,-46.0,288.0,True,1,266.5,-7.465277777777778,294.0,2.083333333333333,279.5,-2.951388888888889,235.5,-18.229166666666664
2026-07-17,6239.TW,力成,籌碼面,因子轉弱,60.0,-75.0,-135.0,22.0,-46.0,288.0,True,1,266.5,-7.465277777777778,294.0,2.083333333333333,279.5,-2.951388888888889,235.5,-18.229166666666664
2026-07-17,6285.TW,啟碁,技術面,因子轉弱,5.0,-55.0,-60.0,-16.0,-42.0,234.5,True,10,235.0,0.21321961620469082,253.0,7.889125799573561,249.5,6.396588486140725,222.0,-5.330490405117271
2026-07-17,6426.TW,統新,籌碼面,因子轉弱,50.0,20.0,-30.0,-2.0,-10.0,157.0,True,10,153.5,-2.229299363057325,167.0,6.369426751592357,164.0,4.45859872611465,151.0,-3.821656050955414
2026-07-17,6669.TW,緯穎,技術面,因子轉弱,20.0,-5.0,-25.0,28.0,14.0,4620.0,False,,4685.0,1.406926406926407,5500.0,19.047619047619047,5730.0,24.025974025974026,5390.0,16.666666666666664
2026-07-17,7769.TW,鴻勁,技術面,因子轉弱,20.0,-20.0,-40.0,8.0,-8.0,6070.0,False,,6005.0,-1.070840197693575,6405.0,5.518945634266887,6055.0,-0.2471169686985173,6180.0,1.8121911037891267
2026-07-17,8028.TW,昇陽半導體,技術面,因子轉弱,65.0,-10.0,-75.0,50.0,8.0,315.0,True,1,300.0,-4.761904761904762,308.0,-2.2222222222222223,300.5,-4.603174603174604,245.0,-22.22222222222222
2026-07-17,8028.TW,昇陽半導體,籌碼面,因子轉弱,60.0,30.0,-30.0,50.0,8.0,315.0,True,1,300.0,-4.761904761904762,308.0,-2.2222222222222223,300.5,-4.603174603174604,245.0,-22.22222222222222
2026-07-17,8039.TW,台虹,籌碼面,因子轉弱,80.0,50.0,-30.0,60.0,44.0,192.5,True,10,193.0,0.2597402597402597,233.0,21.038961038961038,240.0,24.675324675324674,173.5,-9.87012987012987
2026-07-17,8150.TW,南茂,技術面,因子轉弱,75.0,5.0,-70.0,62.0,22.0,110.5,True,1,103.0,-6.787330316742081,100.0,-9.502262443438914,90.8,-17.828054298642538,72.6,-34.29864253393666
2026-07-17,8150.TW,南茂,籌碼面,因子轉弱,80.0,50.0,-30.0,62.0,22.0,110.5,True,1,103.0,-6.787330316742081,100.0,-9.502262443438914,90.8,-17.828054298642538,72.6,-34.29864253393666
2026-07-20,00403A.TW,主動統一升級50,技術面,因子轉弱,-35.0,-55.0,-20.0,-24.0,-44.0,9.28,False,,9.75,5.064655172413801,9.97,7.435344827586221,9.62,3.663793103448275,9.39,1.18534482758622
2026-07-20,00403A.TW,主動統一升級50,籌碼面,因子轉弱,-15.0,-55.0,-40.0,-24.0,-44.0,9.28,False,,9.75,5.064655172413801,9.97,7.435344827586221,9.62,3.663793103448275,9.39,1.18534482758622
2026-07-20,00878.TW,國泰永續高股息,籌碼面,因子轉弱,-15.0,-75.0,-60.0,-22.0,-48.0,31.36,False,,32.05,2.200255102040809,32.73,4.3686224489795835,32.55,3.79464285714285,32.57,3.858418367346941
2026-07-20,1409.TW,新纖,技術面,因子轉弱,-30.0,-55.0,-25.0,-24.0,-28.0,23.7,True,5,24.1,1.6877637130801777,23.8,0.42194092827004825,22.6,-4.641350210970455,21.8,-8.016877637130795
2026-07-20,2002.TW,中鋼,技術面,因子轉弱,-5.0,-45.0,-40.0,10.0,6.0,18.55,False,,18.8,1.3477088948787062,19.1,2.9649595687331574,19.25,3.773584905660373,18.85,1.6172506738544514
2026-07-20,2308.TW,台達電,籌碼面,因子轉弱,-15.0,-55.0,-40.0,-24.0,-40.0,1705.0,True,10,1835.0,7.624633431085044,1880.0,10.263929618768328,1755.0,2.932551319648094,1580.0,-7.331378299120235
2026-07-20,2313.TW,華通,技術面,因子轉弱,-30.0,-55.0,-25.0,8.0,-44.0,199.0,True,10,210.0,5.527638190954774,214.0,7.537688442211055,199.5,0.25125628140703515,185.5,-6.78391959798995
2026-07-20,2313.TW,華通,籌碼面,因子轉弱,50.0,-55.0,-105.0,8.0,-44.0,199.0,True,10,210.0,5.527638190954774,214.0,7.537688442211055,199.5,0.25125628140703515,185.5,-6.78391959798995
2026-07-20,2331.TW,精英,籌碼面,因子轉弱,20.0,-50.0,-70.0,-10.0,-42.0,19.2,False,,20.0,4.1666666666666705,19.75,2.864583333333337,19.2,0.0,18.7,-2.604166666666667
2026-07-20,2498.TW,宏達電,籌碼面,因子轉弱,-40.0,-75.0,-35.0,-34.0,-48.0,41.6,True,10,41.85,0.6009615384615384,41.9,0.7211538461538393,41.6,0.0,39.9,-4.086538461538469
2026-07-20,2603.TW,長榮,技術面,因子轉弱,55.0,5.0,-50.0,34.0,26.0,196.0,False,,203.0,3.571428571428571,203.5,3.826530612244898,203.5,3.826530612244898,207.5,5.86734693877551
2026-07-20,2605.TW,新興,技術面,因子轉弱,55.0,15.0,-40.0,34.0,26.0,30.65,False,,31.05,1.305057096247968,32.5,6.0358890701468235,31.6,3.0995106035889166,31.2,1.7944535073409484
2026-07-20,2606.TW,裕民,技術面,因子轉弱,5.0,-20.0,-25.0,14.0,4.0,61.6,False,,63.0,2.2727272727272703,63.2,2.5974025974025996,62.8,1.9480519480519412,63.0,2.2727272727272703
2026-07-20,2748.TW,雲品,技術面,因子轉弱,10.0,-30.0,-40.0,12.0,4.0,39.7,True,10,39.9,0.5037783375314754,39.75,0.12594458438286438,39.95,0.6297229219143576,38.2,-3.778337531486146
2026-07-20,2881.TW,富邦金,技術面,因子轉弱,-10.0,-30.0,-20.0,8.0,20.0,123.5,False,,123.5,0.0,128.5,4.048582995951417,130.0,5.263157894736842,129.5,4.8582995951417
2026-07-20,2882.TW,國泰金,技術面,因子轉弱,-20.0,-45.0,-25.0,4.0,6.0,94.0,False,,95.8,1.9148936170212734,97.3,3.510638297872337,98.5,4.787234042553192,100.5,6.914893617021277
2026-07-20,3017.TW,奇鋐,技術面,因子轉弱,5.0,-35.0,-40.0,-18.0,-36.0,2135.0,False,,2320.0,8.665105386416862,2440.0,14.285714285714285,2400.0,12.412177985948478,2550.0,19.437939110070257
2026-07-20,3189.TW,景碩,量價面,因子轉弱,0.0,-20.0,-20.0,12.0,14.0,679.0,False,,746.0,9.867452135493373,785.0,15.61119293078056,710.0,4.565537555228277,698.0,2.798232695139912
2026-07-20,3211.TWO,順達,技術面,因子轉弱,-5.0,-55.0,-50.0,-2.0,-22.0,354.0,True,10,380.0,7.344632768361582,391.5,10.59322033898305,374.0,5.649717514124294,309.0,-12.711864406779661
2026-07-20,3324.TWO,雙鴻,技術面,因子轉弱,10.0,-45.0,-55.0,4.0,-18.0,858.0,False,,926.0,7.925407925407925,923.0,7.575757575757576,930.0,8.391608391608392,944.0,10.023310023310025
2026-07-20,3711.TW,日月光投控,籌碼面,因子轉弱,30.0,-55.0,-85.0,-6.0,-40.0,597.0,False,,633.0,6.030150753768844,649.0,8.710217755443885,608.0,1.8425460636515913,610.0,2.1775544388609713
2026-07-20,4958.TW,臻鼎-KY,技術面,因子轉弱,-30.0,-80.0,-50.0,8.0,-54.0,478.5,True,10,509.0,6.374085684430512,506.0,5.747126436781609,470.5,-1.671891327063741,421.5,-11.912225705329153
2026-07-20,4958.TW,臻鼎-KY,籌碼面,因子轉弱,50.0,-55.0,-105.0,8.0,-54.0,478.5,True,10,509.0,6.374085684430512,506.0,5.747126436781609,470.5,-1.671891327063741,421.5,-11.912225705329153
2026-07-20,8150.TW,南茂,技術面,因子轉弱,5.0,-20.0,-25.0,22.0,4.0,103.0,True,3,104.0,0.9708737864077669,98.2,-4.660194174757279,89.9,-12.718446601941741,77.6,-24.660194174757287
2026-07-20,8215.TW,明基材,籌碼面,因子轉弱,-5.0,-55.0,-50.0,-20.0,-44.0,24.45,True,10,24.8,1.4314928425357931,24.95,2.044989775051125,23.8,-2.6584867075664564,22.85,-6.54396728016359
2026-07-21,1409.TW,新纖,籌碼面,因子轉弱,-15.0,-55.0,-40.0,-28.0,-40.0,24.1,True,3,24.4,1.2448132780082868,23.35,-3.1120331950207465,21.3,-11.61825726141079,22.6,-6.224066390041493
2026-07-21,1714.TW,和桐,籌碼面,因子轉弱,80.0,50.0,-30.0,10.0,-2.0,15.2,True,5,15.7,3.289473684210526,14.9,-1.9736842105263088,13.65,-10.197368421052625,14.55,-4.276315789473675
2026-07-21,2368.TW,金像電,籌碼面,因子轉弱,60.0,10.0,-50.0,10.0,2.0,980.0,True,1,940.0,-4.081632653061225,901.0,-8.061224489795919,809.0,-17.448979591836736,897.0,-8.46938775510204
2026-07-21,2383.TW,台光電,籌碼面,因子轉弱,80.0,15.0,-65.0,18.0,8.0,4830.0,True,5,5125.0,6.107660455486543,4755.0,-1.5527950310559007,4410.0,-8.695652173913043,5140.0,6.418219461697723
2026-07-21,2881.TW,富邦金,技術面,因子轉弱,-30.0,-55.0,-25.0,20.0,10.0,123.5,False,,127.0,2.834008097165992,127.5,3.2388663967611335,125.5,1.6194331983805668,128.5,4.048582995951417
2026-07-21,3189.TW,景碩,籌碼面,因子轉弱,80.0,20.0,-60.0,14.0,-10.0,746.0,True,3,796.0,6.702412868632708,711.0,-4.6916890080428955,639.0,-14.343163538873997,767.0,2.8150134048257374
2026-07-21,3481.TW,群創,籌碼面,因子轉弱,60.0,-75.0,-135.0,6.0,-48.0,50.7,True,5,52.5,3.5502958579881603,49.5,-2.366863905325449,45.0,-11.242603550295863,47.8,-5.719921104536501
2026-07-21,4958.TW,臻鼎-KY,籌碼面,因子轉弱,-55.0,-100.0,-45.0,-54.0,-54.0,509.0,True,3,559.0,9.823182711198427,482.0,-5.304518664047151,427.5,-16.01178781925344,444.0,-12.770137524557956
2026-07-21,4960.TW,誠美材,籌碼面,因子轉弱,60.0,30.0,-30.0,6.0,-10.0,21.0,True,5,22.25,5.952380952380952,21.0,0.0,19.85,-5.476190476190469,20.35,-3.0952380952380882
2026-07-21,4967.TW,十銓,籌碼面,因子轉弱,80.0,40.0,-40.0,18.0,-2.0,214.0,False,,218.5,2.102803738317757,218.5,2.102803738317757,210.0,-1.8691588785046727,256.5,19.859813084112147
2026-07-21,6116.TW,彩晶,籌碼面,因子轉弱,60.0,30.0,-30.0,2.0,-10.0,14.5,True,3,14.65,1.0344827586206922,13.8,-4.827586206896547,12.9,-11.034482758620687,12.95,-10.689655172413797
2026-07-21,6213.TW,聯茂,籌碼面,因子轉弱,50.0,-5.0,-55.0,18.0,6.0,354.5,True,3,367.0,3.5260930888575457,309.5,-12.693935119887165,276.5,-22.002820874471084,310.0,-12.552891396332862
2026-07-21,6239.TW,力成,籌碼面,因子轉弱,-30.0,-75.0,-45.0,-34.0,-52.0,272.0,True,5,294.0,8.088235294117647,279.5,2.7573529411764706,251.5,-7.536764705882352,256.5,-5.698529411764706
2026-07-21,8039.TW,台虹,籌碼面,因子轉弱,50.0,-70.0,-120.0,42.0,0.0,212.0,True,5,233.0,9.90566037735849,240.0,13.20754716981132,194.5,-8.254716981132075,200.0,-5.660377358490567
2026-07-22,1718.TW,中纖,籌碼面,因子轉弱,80.0,-80.0,-160.0,28.0,-36.0,12.35,True,1,11.35,-8.097165991902834,10.25,-17.00404858299595,9.2,-25.506072874493928,9.99,-19.109311740890682
2026-07-22,1718.TW,中纖,量價面,因子轉弱,0.0,-20.0,-20.0,28.0,-36.0,12.35,True,1,11.35,-8.097165991902834,10.25,-17.00404858299595,9.2,-25.506072874493928,9.99,-19.109311740890682
2026-07-22,2312.TW,金寶,籌碼面,因子轉弱,80.0,50.0,-30.0,34.0,22.0,33.0,True,3,32.5,-1.5151515151515151,31.95,-3.1818181818181843,29.1,-11.818181818181813,32.0,-3.0303030303030303
2026-07-22,2324.TW,仁寶,技術面,因子轉弱,45.0,20.0,-25.0,42.0,32.0,36.2,True,5,36.75,1.5193370165745776,37.15,2.6243093922651815,34.85,-3.7292817679558046,36.95,2.071823204419889
2026-07-22,2368.TW,金像電,技術面,因子轉弱,-5.0,-35.0,-30.0,2.0,-36.0,940.0,True,3,941.0,0.10638297872340426,895.0,-4.787234042553192,729.0,-22.4468085106383,940.0,0.0
2026-07-22,2368.TW,金像電,籌碼面,因子轉弱,10.0,-55.0,-65.0,2.0,-36.0,940.0,True,3,941.0,0.10638297872340426,895.0,-4.787234042553192,729.0,-22.4468085106383,940.0,0.0
2026-07-22,2374.TW,佳能,籌碼面,因子轉弱,40.0,-5.0,-45.0,-2.0,-20.0,67.7,True,5,68.1,0.5908419497784216,68.1,0.5908419497784216,62.6,-7.533234859675039,69.3,2.3633677991137287
2026-07-22,2376.TW,技嘉,技術面,因子轉弱,70.0,45.0,-25.0,6.0,12.0,348.0,True,5,354.5,1.8678160919540232,349.5,0.43103448275862066,321.5,-7.614942528735632,342.0,-1.7241379310344827
2026-07-22,2382.TW,廣達,籌碼面,因子轉弱,80.0,30.0,-50.0,10.0,-6.0,329.0,True,5,336.0,2.127659574468085,322.0,-2.127659574468085,309.5,-5.927051671732523,304.0,-7.598784194528875
2026-07-22,2383.TW,台光電,籌碼面,因子轉弱,15.0,-60.0,-75.0,8.0,-26.0,5125.0,True,3,5095.0,-0.5853658536585366,4815.0,-6.048780487804878,4100.0,-20.0,5245.0,2.341463414634146
2026-07-22,2607.TW,榮運,籌碼面,因子轉弱,60.0,20.0,-40.0,28.0,12.0,47.3,False,,47.3,0.0,47.55,0.5285412262156448,47.4,0.21141649048626093,47.0,-0.6342494714587678
2026-07-22,2707.TW,晶華,技術面,因子轉弱,35.0,-30.0,-65.0,42.0,4.0,179.0,False,,178.0,-0.5586592178770949,179.5,0.27932960893854747,180.0,0.5586592178770949,176.0,-1.675977653631285
2026-07-22,2707.TW,晶華,籌碼面,因子轉弱,70.0,40.0,-30.0,42.0,4.0,179.0,False,,178.0,-0.5586592178770949,179.5,0.27932960893854747,180.0,0.5586592178770949,176.0,-1.675977653631285
2026-07-22,2731.TW,雄獅,籌碼面,因子轉弱,-10.0,-45.0,-35.0,-10.0,-24.0,145.0,False,,144.0,-0.6896551724137931,146.0,0.6896551724137931,145.0,0.0,146.0,0.6896551724137931
2026-07-22,2748.TW,雲品,籌碼面,因子轉弱,50.0,0.0,-50.0,14.0,4.0,39.85,True,10,39.75,-0.25094102885822184,39.95,0.25094102885822184,39.8,-0.12547051442911986,38.2,-4.140526976160599
2026-07-22,2886.TW,兆豐金,籌碼面,因子轉弱,80.0,50.0,-30.0,56.0,44.0,48.2,False,,48.15,-0.10373443983403374,49.4,2.4896265560165887,49.9,3.5269709543568375,51.2,6.224066390041493
2026-07-22,2891.TW,中信金,籌碼面,因子轉弱,60.0,30.0,-30.0,18.0,10.0,64.0,True,5,63.5,-0.78125,63.0,-1.5625,62.0,-3.125,66.0,3.125
2026-07-22,3013.TW,晟銘電,籌碼面,因子轉弱,50.0,20.0,-30.0,2.0,6.0,89.7,True,3,88.7,-1.1148272017837235,84.9,-5.351170568561869,75.5,-15.830546265328877,84.6,-5.6856187290969995
2026-07-22,3189.TW,景碩,籌碼面,因子轉弱,20.0,-70.0,-90.0,-10.0,-22.0,796.0,True,3,785.0,-1.3819095477386936,710.0,-10.804020100502512,576.0,-27.63819095477387,828.0,4.0201005025125625
2026-07-22,5706.TW,鳳凰,技術面,因子轉弱,-15.0,-40.0,-25.0,14.0,4.0,45.85,True,10,45.4,-0.9814612868048044,45.5,-0.7633587786259572,44.85,-2.1810250817884405,43.95,-4.1439476553980334
2026-07-22,6214.TW,精誠,技術面,因子轉弱,55.0,20.0,-35.0,46.0,32.0,141.5,False,,141.0,-0.35335689045936397,145.5,2.8268551236749118,144.0,1.76678445229682,153.0,8.12720848056537
2026-07-22,6426.TW,統新,籌碼面,因子轉弱,50.0,20.0,-30.0,2.0,6.0,167.0,True,5,164.0,-1.7964071856287425,171.5,2.694610778443114,148.5,-11.077844311377245,170.0,1.7964071856287425
2026-07-22,7769.TW,鴻勁,籌碼面,因子轉弱,-10.0,-70.0,-60.0,-6.0,-30.0,6405.0,True,3,6465.0,0.936768149882904,6110.0,-4.605776736924279,5175.0,-19.20374707259953,6530.0,1.9516003122560501
2026-07-22,8028.TW,昇陽半導體,技術面,因子轉弱,5.0,-20.0,-25.0,22.0,12.0,308.0,True,5,300.5,-2.4350649350649354,311.0,0.974025974025974,252.0,-18.181818181818183,282.0,-8.441558441558442
2026-07-22,8150.TW,南茂,籌碼面,因子轉弱,30.0,-75.0,-105.0,14.0,-34.0,100.0,True,3,98.2,-1.7999999999999972,89.9,-10.099999999999994,72.9,-27.099999999999998,86.5,-13.5
2026-07-23,1303.TW,南亞,技術面,因子轉弱,45.0,-10.0,-55.0,6.0,-26.0,197.0,True,1,177.5,-9.898477157360407,157.0,-20.304568527918782,145.0,-26.39593908629442,178.5,-9.390862944162437
2026-07-23,1718.TW,中纖,技術面,因子轉弱,0.0,-30.0,-30.0,-36.0,-34.0,11.35,True,1,11.0,-3.0837004405286312,9.73,-14.273127753303957,8.64,-23.876651982378846,10.2,-10.132158590308373
2026-07-23,2027.TW,大成鋼,量價面,因子轉弱,25.0,0.0,-25.0,63.0,54.0,44.4,True,3,43.55,-1.9144144144144177,42.2,-4.954954954954945,43.7,-1.5765765765765671,46.1,3.8288288288288355
2026-07-23,2329.TW,華泰,籌碼面,因子轉弱,-15.0,-55.0,-40.0,-8.0,-20.0,47.1,True,1,45.05,-4.352441613588119,40.65,-13.694267515923572,37.55,-20.276008492569012,44.6,-5.307855626326964
2026-07-23,2330.TW,台積電,籌碼面,因子轉弱,-15.0,-55.0,-40.0,-12.0,-24.0,2405.0,True,3,2350.0,-2.2869022869022873,2280.0,-5.197505197505198,2205.0,-8.316008316008316,2365.0,-1.6632016632016633
2026-07-23,2353.TW,宏碁,籌碼面,因子轉弱,60.0,30.0,-30.0,22.0,10.0,30.15,True,3,30.05,-0.3316749585406231,28.85,-4.311774461028183,27.9,-7.46268656716418,30.0,-0.49751243781094057
2026-07-23,2401.TW,凌陽,籌碼面,因子轉弱,80.0,-15.0,-95.0,36.0,-4.0,28.2,True,3,28.15,-0.17730496453900962,25.85,-8.333333333333325,23.45,-16.843971631205672,27.4,-2.8368794326241162
2026-07-23,2603.TW,長榮,籌碼面,因子轉弱,60.0,30.0,-30.0,48.0,30.0,203.5,False,,206.0,1.2285012285012284,200.0,-1.71990171990172,201.0,-1.2285012285012284,204.0,0.2457002457002457
2026-07-23,2605.TW,新興,籌碼面,因子轉弱,80.0,50.0,-30.0,54.0,51.0,32.5,True,3,32.3,-0.6153846153846242,31.1,-4.307692307692303,29.95,-7.8461538461538485,32.0,-1.5384615384615385
2026-07-23,2606.TW,裕民,技術面,因子轉弱,45.0,20.0,-25.0,42.0,32.0,63.2,True,5,64.0,1.265822784810122,62.1,-1.7405063291139264,60.7,-3.9556962025316453,64.4,1.8987341772151944
2026-07-23,2609.TW,陽明,籌碼面,因子轉弱,60.0,30.0,-30.0,22.0,20.0,50.5,False,,51.5,1.9801980198019802,50.7,0.39603960396040166,50.0,-0.9900990099009901,50.4,-0.19801980198020083
2026-07-23,2610.TW,華航,技術面,因子轉弱,5.0,-20.0,-25.0,22.0,4.0,20.6,False,,20.5,-0.4854368932038904,21.75,5.582524271844653,21.7,5.339805825242708,22.15,7.52427184466018
2026-07-23,2618.TW,長榮航,技術面,因子轉弱,30.0,-10.0,-40.0,36.0,20.0,40.85,False,,40.7,-0.3671970624234971,42.75,4.651162790697671,41.75,2.203182374541,43.25,5.875152998776006
2026-07-23,2731.TW,雄獅,技術面,因子轉弱,-15.0,-55.0,-40.0,-24.0,-40.0,144.0,False,,145.0,0.6944444444444444,143.5,-0.3472222222222222,144.5,0.3472222222222222,146.0,1.3888888888888888
2026-07-23,2748.TW,雲品,技術面,因子轉弱,10.0,-15.0,-25.0,4.0,-6.0,39.75,True,5,39.85,0.25157232704402877,39.5,-0.628930817610063,38.1,-4.1509433962264115,37.95,-4.528301886792446
2026-07-23,2886.TW,兆豐金,技術面,因子轉弱,60.0,20.0,-40.0,44.0,20.0,48.15,False,,48.45,0.6230529595015665,49.45,2.699896157840092,51.5,6.957424714434063,50.3,4.465212876427827
2026-07-23,2892.TW,第一金,技術面,因子轉弱,60.0,20.0,-40.0,48.0,20.0,34.15,False,,34.3,0.43923865300146,34.8,1.9033674963396738,35.5,3.9531478770131816,35.5,3.9531478770131816
2026-07-23,2892.TW,第一金,籌碼面,因子轉弱,60.0,30.0,-30.0,48.0,20.0,34.15,False,,34.3,0.43923865300146,34.8,1.9033674963396738,35.5,3.9531478770131816,35.5,3.9531478770131816
2026-07-23,3035.TW,智原,籌碼面,因子轉弱,80.0,40.0,-40.0,30.0,14.0,193.0,True,3,197.5,2.33160621761658,185.5,-3.8860103626943006,150.5,-22.020725388601036,171.0,-11.398963730569948
2026-07-23,4958.TW,臻鼎-KY,技術面,因子轉弱,5.0,-35.0,-40.0,-20.0,-44.0,506.0,True,1,482.0,-4.743083003952568,427.5,-15.513833992094861,376.0,-25.691699604743086,482.0,-4.743083003952568
2026-07-23,4960.TW,誠美材,籌碼面,因子轉弱,60.0,30.0,-30.0,26.0,10.0,21.8,True,1,21.0,-3.6697247706422047,19.85,-8.944954128440363,17.95,-17.6605504587156,20.95,-3.899082568807346
2026-07-23,4967.TW,十銓,籌碼面,因子轉弱,80.0,50.0,-30.0,30.0,18.0,217.0,True,3,218.5,0.6912442396313364,210.0,-3.225806451612903,212.5,-2.0737327188940093,280.0,29.03225806451613
2026-07-23,5706.TW,鳳凰,籌碼面,因子轉弱,50.0,20.0,-30.0,4.0,-14.0,45.4,False,,45.4,0.0,44.85,-1.211453744493386,44.7,-1.5418502202643078,44.8,-1.3215859030837036
2026-07-23,6191.TW,精成科,技術面,因子轉弱,-5.0,-45.0,-40.0,-24.0,-40.0,89.8,True,3,88.9,-1.0022271714921955,84.0,-6.458797327394207,77.4,-13.80846325167037,84.9,-5.456570155901995
2026-07-23,6213.TW,聯茂,籌碼面,因子轉弱,30.0,-55.0,-85.0,14.0,-20.0,343.5,True,1,309.5,-9.8981077147016,276.5,-19.50509461426492,239.5,-30.27656477438137,375.0,9.170305676855897
2026-07-23,6214.TW,精誠,籌碼面,因子轉弱,60.0,30.0,-30.0,32.0,20.0,141.0,False,,139.5,-1.0638297872340425,143.0,1.4184397163120568,143.5,1.773049645390071,145.5,3.1914893617021276
2026-07-23,6230.TW,超眾,籌碼面,因子轉弱,15.0,-25.0,-40.0,4.0,-4.0,116.0,True,5,114.5,-1.293103448275862,115.0,-0.8620689655172413,105.5,-9.051724137931034,111.0,-4.310344827586207
2026-07-23,6269.TW,台郡,技術面,因子轉弱,-5.0,-45.0,-40.0,-22.0,-40.0,55.7,True,3,54.3,-2.5134649910233495,51.3,-7.899461400359076,46.0,-17.414721723518856,64.5,15.798922800718126
2026-07-23,6488.TWO,環球晶,技術面,因子轉弱,-10.0,-45.0,-35.0,-4.0,-18.0,1120.0,True,1,1030.0,-8.035714285714286,959.0,-14.374999999999998,778.0,-30.53571428571429,872.0,-22.142857142857142
2026-07-23,6669.TW,緯穎,量價面,因子轉弱,25.0,0.0,-25.0,63.0,46.0,5470.0,True,5,5730.0,4.753199268738574,5315.0,-2.83363802559415,4900.0,-10.420475319926874,6265.0,14.53382084095064
2026-07-23,8028.TW,昇陽半導體,技術面,因子轉弱,-20.0,-70.0,-50.0,12.0,-46.0,300.5,True,3,300.5,0.0,280.0,-6.821963394342761,227.5,-24.292845257903494,274.5,-8.652246256239602
2026-07-23,8028.TW,昇陽半導體,籌碼面,因子轉弱,50.0,-45.0,-95.0,12.0,-46.0,300.5,True,3,300.5,0.0,280.0,-6.821963394342761,227.5,-24.292845257903494,274.5,-8.652246256239602
2026-07-23,8150.TW,南茂,技術面,因子轉弱,-10.0,-35.0,-25.0,-34.0,-44.0,98.2,True,1,90.8,-7.535641547861513,81.0,-17.515274949083505,66.0,-32.790224032586565,86.9,-11.507128309572298
2026-07-24,00403A.TW,主動統一升級50,技術面,因子轉弱,-5.0,-45.0,-40.0,-8.0,-24.0,9.63,True,3,9.62,-0.10384215991694248,8.46,-12.149532710280372,9.25,-3.946002076843206,9.72,0.9345794392523348
2026-07-24,0056.TW,元大高股息,技術面,因子轉弱,-15.0,-55.0,-40.0,-12.0,-28.0,50.2,True,3,50.0,-0.3984063745019977,46.73,-6.912350597609573,49.48,-1.4342629482071831,51.05,1.6932270916334546
2026-07-24,1714.TW,和桐,技術面,因子轉弱,-5.0,-55.0,-50.0,18.0,-44.0,14.9,True,1,14.45,-3.0201342281879264,13.2,-11.40939597315437,13.05,-12.416107382550333,15.75,5.7046979865771785
2026-07-24,1714.TW,和桐,籌碼面,因子轉弱,50.0,-55.0,-105.0,18.0,-44.0,14.9,True,1,14.45,-3.0201342281879264,13.2,-11.40939597315437,13.05,-12.416107382550333,15.75,5.7046979865771785
2026-07-24,2027.TW,大成鋼,籌碼面,因子轉弱,80.0,50.0,-30.0,54.0,38.0,43.55,False,,44.55,2.2962112514351323,43.25,-0.6888633754305331,43.2,-0.8036739380022832,46.6,7.003444316877163
2026-07-24,2303.TW,聯電,技術面,因子轉弱,-5.0,-55.0,-50.0,-32.0,-52.0,128.0,True,3,126.0,-1.5625,102.5,-19.921875,121.0,-5.46875,116.0,-9.375
2026-07-24,2308.TW,台達電,技術面,因子轉弱,-5.0,-45.0,-40.0,-8.0,-28.0,1785.0,True,3,1755.0,-1.680672268907563,1495.0,-16.246498599439775,1640.0,-8.123249299719888,1650.0,-7.563025210084033
2026-07-24,2312.TW,金寶,技術面,因子轉弱,-5.0,-45.0,-40.0,30.0,2.0,31.85,True,3,31.95,0.3139717425431644,29.1,-8.634222919937205,30.0,-5.8084772370486695,31.3,-1.7268445839874433
2026-07-24,2312.TW,金寶,籌碼面,因子轉弱,80.0,50.0,-30.0,30.0,2.0,31.85,True,3,31.95,0.3139717425431644,29.1,-8.634222919937205,30.0,-5.8084772370486695,31.3,-1.7268445839874433
2026-07-24,2313.TW,華通,技術面,因子轉弱,5.0,-45.0,-50.0,-10.0,-50.0,201.5,True,3,199.5,-0.9925558312655087,171.0,-15.136476426799009,169.0,-16.129032258064516,208.5,3.4739454094292808
2026-07-24,2313.TW,華通,籌碼面,因子轉弱,-30.0,-80.0,-50.0,-10.0,-50.0,201.5,True,3,199.5,-0.9925558312655087,171.0,-15.136476426799009,169.0,-16.129032258064516,208.5,3.4739454094292808
2026-07-24,2317.TW,鴻海,技術面,因子轉弱,70.0,45.0,-25.0,60.0,38.0,252.5,True,3,253.0,0.19801980198019803,237.0,-6.138613861386139,250.5,-0.7920792079207921,260.0,2.9702970297029703
2026-07-24,2317.TW,鴻海,籌碼面,因子轉弱,80.0,50.0,-30.0,60.0,38.0,252.5,True,3,253.0,0.19801980198019803,237.0,-6.138613861386139,250.5,-0.7920792079207921,260.0,2.9702970297029703
2026-07-24,2327.TW,國巨,技術面,因子轉弱,-5.0,-45.0,-40.0,-32.0,-38.0,642.0,True,3,625.0,-2.64797507788162,507.0,-21.02803738317757,502.0,-21.806853582554517,540.0,-15.887850467289718
2026-07-24,2329.TW,華泰,技術面,因子轉弱,5.0,-45.0,-50.0,-20.0,-40.0,45.05,True,3,44.45,-1.3318534961154147,38.75,-13.984461709211981,40.55,-9.988901220865705,44.0,-2.330743618201992
2026-07-24,2330.TW,台積電,技術面,因子轉弱,-5.0,-55.0,-50.0,-24.0,-44.0,2350.0,True,3,2350.0,0.0,2200.0,-6.382978723404255,2425.0,3.1914893617021276,2370.0,0.851063829787234
2026-07-24,2331.TW,精英,技術面,因子轉弱,-5.0,-55.0,-50.0,2.0,-10.0,19.25,True,3,19.2,-0.25974025974026343,17.8,-7.532467532467529,18.4,-4.415584415584424,19.8,2.8571428571428608
2026-07-24,2337.TW,旺宏,技術面,因子轉弱,5.0,-45.0,-50.0,14.0,-6.0,124.0,True,3,125.5,1.2096774193548387,102.0,-17.741935483870968,100.5,-18.951612903225808,121.5,-2.0161290322580645
2026-07-24,2344.TW,華邦電,技術面,因子轉弱,5.0,-35.0,-40.0,-18.0,10.0,154.5,True,3,160.0,3.559870550161812,130.0,-15.857605177993527,130.0,-15.857605177993527,163.5,5.825242718446602
2026-07-24,2345.TW,智邦,技術面,因子轉弱,-5.0,-45.0,-40.0,-20.0,-36.0,2220.0,True,3,2240.0,0.9009009009009009,1910.0,-13.963963963963963,2125.0,-4.2792792792792795,2215.0,-0.22522522522522523
2026-07-24,2376.TW,技嘉,籌碼面,因子轉弱,-15.0,-55.0,-40.0,26.0,6.0,354.5,True,3,349.5,-1.4104372355430184,321.5,-9.30888575458392,336.5,-5.077574047954866,344.0,-2.9619181946403383
2026-07-24,2383.TW,台光電,技術面,因子轉弱,-5.0,-45.0,-40.0,-2.0,-40.0,4755.0,True,3,4815.0,1.2618296529968454,4100.0,-13.774973711882229,4745.0,-0.2103049421661409,5240.0,10.199789695057834
2026-07-24,2383.TW,台光電,籌碼面,因子轉弱,0.0,-55.0,-55.0,-2.0,-40.0,4755.0,True,3,4815.0,1.2618296529968454,4100.0,-13.774973711882229,4745.0,-0.2103049421661409,5240.0,10.199789695057834
2026-07-24,2408.TW,南亞科,技術面,因子轉弱,5.0,-35.0,-40.0,-4.0,-36.0,401.0,True,3,436.0,8.728179551122196,353.5,-11.845386533665836,360.5,-10.099750623441397,457.0,13.96508728179551
2026-07-24,2408.TW,南亞科,籌碼面,因子轉弱,-15.0,-55.0,-40.0,-4.0,-36.0,401.0,True,3,436.0,8.728179551122196,353.5,-11.845386533665836,360.5,-10.099750623441397,457.0,13.96508728179551
2026-07-24,2409.TW,友達,技術面,因子轉弱,-5.0,-55.0,-50.0,-14.0,-28.0,25.5,True,1,23.9,-6.274509803921574,23.65,-7.25490196078432,24.2,-5.098039215686277,24.55,-3.7254901960784284
2026-07-24,2485.TW,兆赫,籌碼面,因子轉弱,60.0,30.0,-30.0,2.0,-10.0,40.2,True,3,40.6,0.9950248756218869,35.45,-11.815920398009949,35.75,-11.069651741293539,40.5,0.7462686567164107
2026-07-24,2498.TW,宏達電,技術面,因子轉弱,-5.0,-45.0,-40.0,-2.0,2.0,41.75,True,3,41.6,-0.3592814371257451,38.55,-7.664670658682642,39.95,-4.311377245508975,39.9,-4.431137724550902
2026-07-24,2605.TW,新興,量價面,因子轉弱,25.0,0.0,-25.0,51.0,54.0,32.3,True,3,31.6,-2.1671826625386865,31.1,-3.7151702786377583,30.35,-6.037151702786365,32.55,0.7739938080495357
2026-07-24,2610.TW,華航,籌碼面,因子轉弱,30.0,-55.0,-85.0,4.0,-34.0,20.5,False,,21.25,3.6585365853658534,21.7,5.853658536585363,22.4,9.268292682926822,22.5,9.75609756097561
2026-07-24,2892.TW,第一金,籌碼面,因子轉弱,30.0,-55.0,-85.0,20.0,2.0,34.3,False,,34.8,1.457725947521866,34.8,1.457725947521866,36.75,7.142857142857152,35.55,3.6443148688046647
2026-07-24,3013.TW,晟銘電,技術面,因子轉弱,-5.0,-35.0,-30.0,30.0,2.0,85.0,True,3,84.9,-0.11764705882352272,75.5,-11.176470588235295,76.9,-9.529411764705875,85.1,0.11764705882352272
2026-07-24,3013.TW,晟銘電,籌碼面,因子轉弱,80.0,40.0,-40.0,30.0,2.0,85.0,True,3,84.9,-0.11764705882352272,75.5,-11.176470588235295,76.9,-9.529411764705875,85.1,0.11764705882352272
2026-07-24,3017.TW,奇鋐,籌碼面,因子轉弱,60.0,20.0,-40.0,36.0,16.0,2380.0,True,3,2400.0,0.8403361344537815,2095.0,-11.974789915966387,2320.0,-2.5210084033613445,2785.0,17.016806722689076
2026-07-24,3037.TW,欣興,技術面,因子轉弱,5.0,-45.0,-50.0,34.0,2.0,839.0,True,3,848.0,1.0727056019070322,688.0,-17.99761620977354,787.0,-6.197854588796186,955.0,13.825983313468415
2026-07-24,3037.TW,欣興,籌碼面,因子轉弱,80.0,50.0,-30.0,34.0,2.0,839.0,True,3,848.0,1.0727056019070322,688.0,-17.99761620977354,787.0,-6.197854588796186,955.0,13.825983313468415
2026-07-24,3081.TWO,聯亞,量價面,因子轉弱,0.0,-20.0,-20.0,2.0,2.0,1760.0,True,3,1805.0,2.556818181818182,1540.0,-12.5,1630.0,-7.386363636363637,2305.0,30.96590909090909
2026-07-24,3105.TWO,穩懋,技術面,因子轉弱,5.0,-35.0,-40.0,2.0,-14.0,341.5,True,3,355.0,3.953147877013177,291.0,-14.787701317715959,294.5,-13.76281112737921,366.0,7.174231332357247
2026-07-24,3163.TWO,波若威,量價面,因子轉弱,0.0,-20.0,-20.0,4.0,2.0,705.0,True,3,743.0,5.390070921985815,525.0,-25.53191489361702,544.0,-22.836879432624112,671.0,-4.822695035460993
2026-07-24,3189.TW,景碩,技術面,因子轉弱,5.0,-45.0,-50.0,-12.0,-40.0,711.0,True,3,710.0,-0.14064697609001406,576.0,-18.9873417721519,635.0,-10.68917018284107,823.0,15.752461322081576
2026-07-24,3211.TWO,順達,技術面,因子轉弱,20.0,-5.0,-25.0,8.0,-2.0,382.0,True,3,374.0,-2.094240837696335,308.0,-19.3717277486911,292.0,-23.56020942408377,338.5,-11.387434554973822
2026-07-24,3231.TW,緯創,技術面,因子轉弱,65.0,35.0,-30.0,55.0,46.0,179.0,True,3,177.0,-1.1173184357541899,169.5,-5.307262569832402,176.0,-1.675977653631285,183.5,2.5139664804469275
2026-07-24,3231.TW,緯創,量價面,因子轉弱,25.0,0.0,-25.0,55.0,46.0,179.0,True,3,177.0,-1.1173184357541899,169.5,-5.307262569832402,176.0,-1.675977653631285,183.5,2.5139664804469275
2026-07-24,3481.TW,群創,技術面,因子轉弱,-5.0,-55.0,-50.0,-14.0,-52.0,49.5,True,1,47.35,-4.343434343434341,41.8,-15.55555555555556,45.5,-8.080808080808081,47.55,-3.939393939393945
2026-07-24,3481.TW,群創,籌碼面,因子轉弱,-30.0,-75.0,-45.0,-14.0,-52.0,49.5,True,1,47.35,-4.343434343434341,41.8,-15.55555555555556,45.5,-8.080808080808081,47.55,-3.939393939393945
2026-07-24,3673.TW,TPK-KY,技術面,因子轉弱,-5.0,-55.0,-50.0,18.0,6.0,62.7,True,3,61.4,-2.0733652312599746,53.5,-14.673046251993624,54.7,-12.759170653907494,60.4,-3.6682615629984117
2026-07-24,3711.TW,日月光投控,技術面,因子轉弱,-5.0,-45.0,-40.0,-8.0,-40.0,613.0,True,3,608.0,-0.8156606851549755,499.0,-18.59706362153344,555.0,-9.461663947797716,585.0,-4.567699836867863
2026-07-24,3711.TW,日月光投控,籌碼面,因子轉弱,-15.0,-55.0,-40.0,-8.0,-40.0,613.0,True,3,608.0,-0.8156606851549755,499.0,-18.59706362153344,555.0,-9.461663947797716,585.0,-4.567699836867863
2026-07-24,4931.TWO,新盛力,技術面,因子轉弱,-5.0,-45.0,-40.0,-2.0,-18.0,198.5,True,3,203.0,2.2670025188916876,174.0,-12.34256926952141,177.5,-10.579345088161208,216.5,9.06801007556675
2026-07-24,4958.TW,臻鼎-KY,技術面,因子轉弱,-35.0,-55.0,-20.0,-44.0,-52.0,482.0,True,3,470.5,-2.3858921161825726,404.5,-16.07883817427386,413.5,-14.21161825726141,473.0,-1.8672199170124482
2026-07-24,4960.TW,誠美材,技術面,因子轉弱,-5.0,-55.0,-50.0,10.0,-10.0,21.0,True,3,20.8,-0.952380952380949,18.7,-10.952380952380954,19.2,-8.571428571428575,20.45,-2.6190476190476226
2026-07-24,4967.TW,十銓,籌碼面,因子轉弱,50.0,-70.0,-120.0,18.0,-24.0,218.5,False,,223.5,2.2883295194508007,218.5,0.0,233.5,6.864988558352403,280.0,28.14645308924485
2026-07-24,6213.TW,聯茂,技術面,因子轉弱,5.0,-30.0,-35.0,-20.0,-34.0,309.5,True,3,307.0,-0.8077544426494345,249.0,-19.547657512116317,263.0,-15.024232633279484,389.0,25.68659127625202
2026-07-24,6230.TW,超眾,技術面,因子轉弱,15.0,-5.0,-20.0,-4.0,-12.0,114.5,True,5,114.5,0.0,112.0,-2.1834061135371177,109.5,-4.366812227074235,109.0,-4.8034934497816595
2026-07-24,6239.TW,力成,技術面,因子轉弱,5.0,-45.0,-50.0,-20.0,-40.0,279.5,True,3,279.0,-0.17889087656529518,233.0,-16.636851520572453,235.5,-15.742397137745975,262.5,-6.082289803220036
2026-07-24,6274.TWO,台燿,技術面,因子轉弱,10.0,-35.0,-45.0,4.0,-14.0,1250.0,True,3,1255.0,0.4,1020.0,-18.4,1110.0,-11.200000000000001,1440.0,15.2
2026-07-24,6285.TW,啟碁,技術面,因子轉弱,20.0,-5.0,-25.0,32.0,6.0,249.5,True,3,249.5,0.0,216.0,-13.426853707414828,222.0,-11.022044088176353,233.0,-6.613226452905812
2026-07-24,6285.TW,啟碁,籌碼面,因子轉弱,60.0,20.0,-40.0,32.0,6.0,249.5,True,3,249.5,0.0,216.0,-13.426853707414828,222.0,-11.022044088176353,233.0,-6.613226452905812
2026-07-24,6426.TW,統新,籌碼面,因子轉弱,20.0,-70.0,-90.0,10.0,-26.0,164.0,True,3,171.5,4.573170731707317,148.5,-9.451219512195122,151.0,-7.926829268292683,205.5,25.304878048780488
2026-07-24,6426.TW,統新,量價面,因子轉弱,0.0,-20.0,-20.0,10.0,-26.0,164.0,True,3,171.5,4.573170731707317,148.5,-9.451219512195122,151.0,-7.926829268292683,205.5,25.304878048780488
2026-07-24,7769.TW,鴻勁,技術面,因子轉弱,-5.0,-35.0,-30.0,10.0,-28.0,6055.0,True,3,6110.0,0.9083402146985963,5175.0,-14.53344343517754,6180.0,2.064409578860446,6320.0,4.376548307184145
2026-07-24,7769.TW,鴻勁,籌碼面,因子轉弱,30.0,-35.0,-65.0,10.0,-28.0,6055.0,True,3,6110.0,0.9083402146985963,5175.0,-14.53344343517754,6180.0,2.064409578860446,6320.0,4.376548307184145
2026-07-24,8039.TW,台虹,技術面,因子轉弱,80.0,55.0,-25.0,0.0,10.0,240.0,True,1,216.0,-10.0,175.5,-26.875,173.5,-27.708333333333336,237.5,-1.0416666666666665
2026-07-24,8046.TW,南電,技術面,因子轉弱,30.0,-20.0,-50.0,0.0,-30.0,1110.0,True,1,1075.0,-3.153153153153153,879.0,-20.81081081081081,920.0,-17.117117117117118,1080.0,-2.7027027027027026
2026-07-24,8215.TW,明基材,技術面,因子轉弱,-15.0,-55.0,-40.0,-36.0,-48.0,24.15,True,3,23.8,-1.449275362318832,21.7,-10.144927536231881,22.7,-6.004140786749479,24.5,1.4492753623188466
2026-07-24,8299.TWO,群聯,技術面,因子轉弱,-5.0,-35.0,-30.0,-2.0,-14.0,1825.0,True,3,1820.0,-0.273972602739726,1515.0,-16.986301369863014,1640.0,-10.136986301369863,2020.0,10.684931506849315
2026-07-24,8358.TWO,金居,技術面,因子轉弱,-5.0,-55.0,-50.0,-2.0,-22.0,367.0,True,3,371.0,1.08991825613079,301.0,-17.983651226158038,298.0,-18.80108991825613,352.0,-4.087193460490464
2026-07-24,9105.TW,泰金寶-DR,技術面,因子轉弱,-5.0,-45.0,-40.0,22.0,-6.0,8.44,True,3,8.39,-0.5924170616113618,7.38,-12.559241706161133,8.12,-3.7914691943128,8.08,-4.265402843601889
2026-07-24,9105.TW,泰金寶-DR,籌碼面,因子轉弱,60.0,30.0,-30.0,22.0,-6.0,8.44,True,3,8.39,-0.5924170616113618,7.38,-12.559241706161133,8.12,-3.7914691943128,8.08,-4.265402843601889
2026-07-27,00403A.TW,主動統一升級50,籌碼面,因子轉弱,-15.0,-55.0,-40.0,-24.0,-40.0,9.62,True,1,9.0,-6.444906444906437,8.47,-11.954261954261941,9.39,-2.390852390852377,9.9,2.9106029106029228
2026-07-27,0056.TW,元大高股息,籌碼面,因子轉弱,-15.0,-55.0,-40.0,-28.0,-40.0,50.0,True,1,48.19,-3.6200000000000045,46.29,-7.420000000000002,49.82,-0.35999999999999943,52.45,4.900000000000006
2026-07-27,00878.TW,國泰永續高股息,籌碼面,因子轉弱,20.0,-55.0,-75.0,2.0,-14.0,32.55,True,1,31.5,-3.225806451612895,30.75,-5.529953917050683,32.57,0.06144393241168395,33.4,2.6113671274961643
2026-07-27,2337.TW,旺宏,籌碼面,因子轉弱,30.0,-55.0,-85.0,-6.0,-40.0,125.5,True,1,113.0,-9.9601593625498,91.8,-26.852589641434264,110.5,-11.952191235059761,133.5,6.374501992031872
2026-07-27,2344.TW,華邦電,籌碼面,因子轉弱,60.0,-75.0,-135.0,10.0,-48.0,160.0,True,1,144.0,-10.0,118.5,-25.937500000000004,143.0,-10.625,179.5,12.1875
2026-07-27,2353.TW,宏碁,技術面,因子轉弱,-15.0,-35.0,-20.0,6.0,-2.0,30.1,True,1,28.85,-4.152823920265781,27.9,-7.308970099667783,28.8,-4.318936877076414,31.0,2.9900332225913573
2026-07-27,2356.TW,英業達,籌碼面,因子轉弱,60.0,30.0,-30.0,26.0,20.0,63.8,True,1,58.8,-7.836990595611286,57.5,-9.874608150470216,63.9,0.15673981191222794,66.0,3.44827586206897
2026-07-27,2374.TW,佳能,籌碼面,因子轉弱,50.0,-55.0,-105.0,18.0,-18.0,68.1,True,1,63.9,-6.167400881057263,59.6,-12.481644640234938,67.3,-1.1747430249632853,72.4,6.314243759177697
2026-07-27,2376.TW,技嘉,技術面,因子轉弱,70.0,5.0,-65.0,6.0,-20.0,349.5,True,1,327.0,-6.437768240343347,318.5,-8.869814020028613,324.5,-7.1530758226037205,349.5,0.0
2026-07-27,2382.TW,廣達,技術面,因子轉弱,-5.0,-55.0,-50.0,18.0,-10.0,322.0,True,3,313.5,-2.639751552795031,279.0,-13.354037267080745,296.5,-7.919254658385093,313.5,-2.639751552795031
2026-07-27,2401.TW,凌陽,技術面,因子轉弱,-5.0,-45.0,-40.0,-16.0,-36.0,27.45,True,1,25.85,-5.828779599271395,23.45,-14.571948998178508,25.85,-5.828779599271395,27.95,1.8214936247723135
2026-07-27,2421.TW,建準,籌碼面,因子轉弱,-5.0,-45.0,-40.0,-4.0,-20.0,131.5,True,1,126.5,-3.802281368821293,120.5,-8.365019011406844,136.5,3.802281368821293,149.5,13.688212927756654
2026-07-27,2454.TW,聯發科,技術面,因子轉弱,20.0,-20.0,-40.0,28.0,-38.0,3680.0,True,1,3315.0,-9.918478260869565,3235.0,-12.092391304347826,3910.0,6.25,3960.0,7.608695652173914
2026-07-27,2454.TW,聯發科,籌碼面,因子轉弱,50.0,-75.0,-125.0,28.0,-38.0,3680.0,True,1,3315.0,-9.918478260869565,3235.0,-12.092391304347826,3910.0,6.25,3960.0,7.608695652173914
2026-07-27,2603.TW,長榮,技術面,因子轉弱,60.0,5.0,-55.0,48.0,26.0,203.5,False,,200.0,-1.71990171990172,201.0,-1.2285012285012284,207.5,1.9656019656019657,214.0,5.159705159705159
2026-07-27,2605.TW,新興,技術面,因子轉弱,55.0,5.0,-50.0,54.0,22.0,31.6,True,3,31.1,-1.582278481012658,29.95,-5.221518987341779,31.2,-1.2658227848101333,33.1,4.746835443037974
2026-07-27,2605.TW,新興,籌碼面,因子轉弱,80.0,50.0,-30.0,54.0,22.0,31.6,True,3,31.1,-1.582278481012658,29.95,-5.221518987341779,31.2,-1.2658227848101333,33.1,4.746835443037974
2026-07-27,2606.TW,裕民,技術面,因子轉弱,70.0,5.0,-65.0,52.0,14.0,62.8,True,3,62.1,-1.1146496815286557,60.7,-3.3439490445859783,63.0,0.31847133757962237,66.8,6.369426751592357
2026-07-27,2606.TW,裕民,籌碼面,因子轉弱,60.0,30.0,-30.0,52.0,14.0,62.8,True,3,62.1,-1.1146496815286557,60.7,-3.3439490445859783,63.0,0.31847133757962237,66.8,6.369426751592357
2026-07-27,2607.TW,榮運,籌碼面,因子轉弱,60.0,30.0,-30.0,42.0,26.0,47.55,False,,47.2,-0.7360672975814813,47.15,-0.8412197686645606,47.15,-0.8412197686645606,48.5,1.9978969505783446
2026-07-27,2609.TW,陽明,籌碼面,因子轉弱,60.0,30.0,-30.0,36.0,30.0,51.1,False,,50.7,-0.782778864970643,50.0,-2.1526418786692787,50.8,-0.5870841487279926,51.6,0.9784735812133072
2026-07-27,2748.TW,雲品,技術面,因子轉弱,60.0,35.0,-25.0,24.0,4.0,39.95,True,3,39.5,-1.1264080100125227,38.1,-4.630788485607011,38.2,-4.380475594493117,38.5,-3.629536921151446
2026-07-27,2891.TW,中信金,籌碼面,因子轉弱,50.0,-80.0,-130.0,14.0,-44.0,63.0,False,,62.4,-0.9523809523809548,63.1,0.158730158730161,64.8,2.8571428571428523,66.5,5.555555555555555
2026-07-27,3013.TW,晟銘電,籌碼面,因子轉弱,40.0,-45.0,-85.0,2.0,-36.0,84.9,True,1,79.4,-6.478209658421672,71.9,-15.31213191990577,80.0,-5.771495877502951,87.2,2.7090694935217865
2026-07-27,3035.TW,智原,籌碼面,因子轉弱,60.0,30.0,-30.0,26.0,24.0,200.5,True,1,185.5,-7.4812967581047385,150.5,-24.93765586034913,160.0,-20.199501246882793,178.0,-11.221945137157107
2026-07-27,3062.TW,建漢,籌碼面,因子轉弱,10.0,-45.0,-55.0,-18.0,-36.0,20.7,True,1,19.8,-4.347826086956514,18.35,-11.352657004830908,20.0,-3.3816425120772915,20.9,0.9661835748792237
2026-07-27,3211.TWO,順達,技術面,因子轉弱,-5.0,-45.0,-40.0,-2.0,-18.0,374.0,True,1,337.0,-9.893048128342247,285.5,-23.663101604278076,309.0,-17.379679144385026,370.0,-1.06951871657754
2026-07-27,3673.TW,TPK-KY,籌碼面,因子轉弱,70.0,-55.0,-125.0,6.0,-44.0,61.4,True,1,57.0,-7.1661237785016265,50.6,-17.589576547231268,57.7,-6.026058631921817,63.3,3.09446254071661
2026-07-27,5289.TWO,宜鼎,技術面,因子轉弱,5.0,-35.0,-40.0,2.0,-14.0,1330.0,True,1,1200.0,-9.774436090225564,1180.0,-11.278195488721805,1385.0,4.135338345864661,1465.0,10.150375939849624
2026-07-27,5469.TW,瀚宇博,技術面,因子轉弱,5.0,-45.0,-50.0,34.0,-2.0,71.4,True,1,67.7,-5.1820728291316565,62.8,-12.044817927170879,67.4,-5.602240896358543,75.9,6.302521008403361
2026-07-27,5469.TW,瀚宇博,籌碼面,因子轉弱,80.0,40.0,-40.0,34.0,-2.0,71.4,True,1,67.7,-5.1820728291316565,62.8,-12.044817927170879,67.4,-5.602240896358543,75.9,6.302521008403361
2026-07-27,5530.TWO,龍巖,技術面,因子轉弱,35.0,-20.0,-55.0,14.0,-8.0,48.35,False,,47.35,-2.0682523267838677,47.1,-2.5853154084798344,47.1,-2.5853154084798344,49.85,3.1023784901758016
2026-07-27,6116.TW,彩晶,籌碼面,因子轉弱,30.0,-30.0,-60.0,-10.0,-30.0,13.25,True,3,12.9,-2.6415094339622613,11.8,-10.94339622641509,12.5,-5.660377358490567,14.9,12.452830188679249
2026-07-27,6230.TW,超眾,技術面,因子轉弱,-5.0,-45.0,-40.0,-12.0,-18.0,114.5,True,3,115.0,0.43668122270742354,105.5,-7.860262008733625,109.5,-4.366812227074235,110.0,-3.9301310043668125
2026-07-27,6285.TW,啟碁,籌碼面,因子轉弱,20.0,-75.0,-95.0,6.0,-38.0,249.5,True,1,230.0,-7.8156312625250495,204.0,-18.236472945891784,239.0,-4.208416833667335,256.0,2.6052104208416833
2026-07-27,8039.TW,台虹,技術面,因子轉弱,55.0,15.0,-40.0,10.0,-14.0,216.0,True,1,194.5,-9.953703703703704,158.0,-26.851851851851855,190.5,-11.805555555555555,226.0,4.62962962962963
2026-07-27,8150.TW,南茂,技術面,因子轉弱,-30.0,-55.0,-25.0,-42.0,-42.0,89.9,True,1,81.0,-9.899888765294778,66.0,-26.58509454949945,77.6,-13.681868743047843,92.9,3.337041156840934
2026-07-28,00403A.TW,主動統一升級50,量價面,因子轉弱,0.0,-20.0,-20.0,-40.0,-40.0,9.0,True,1,8.46,-5.999999999999991,9.25,2.7777777777777777,9.54,5.999999999999991,9.94,10.44444444444444
2026-07-28,00878.TW,國泰永續高股息,技術面,因子轉弱,20.0,-10.0,-30.0,-14.0,-30.0,31.5,False,,30.91,-1.8730158730158726,32.43,2.9523809523809517,32.57,3.396825396825397,33.47,6.25396825396825
2026-07-28,00878.TW,國泰永續高股息,量價面,因子轉弱,0.0,-20.0,-20.0,-14.0,-30.0,31.5,False,,30.91,-1.8730158730158726,32.43,2.9523809523809517,32.57,3.396825396825397,33.47,6.25396825396825
2026-07-28,1303.TW,南亞,技術面,因子轉弱,-20.0,-55.0,-35.0,-14.0,10.0,157.0,True,1,141.5,-9.872611464968154,159.5,1.5923566878980893,170.5,8.598726114649681,190.0,21.019108280254777
2026-07-28,1326.TW,台化,技術面,因子轉弱,5.0,-20.0,-25.0,22.0,12.0,60.9,True,1,58.5,-3.940886699507387,57.4,-5.747126436781609,58.2,-4.433497536945806,58.2,-4.433497536945806
2026-07-28,2002.TW,中鋼,技術面,因子轉弱,60.0,-5.0,-65.0,48.0,22.0,19.0,False,,18.95,-0.2631578947368458,18.95,-0.2631578947368458,18.85,-0.7894736842105189,19.75,3.9473684210526314
2026-07-28,2027.TW,大成鋼,技術面,因子轉弱,45.0,5.0,-40.0,50.0,14.0,42.2,False,,43.25,2.4881516587677655,43.2,2.3696682464454977,44.25,4.857819905213264,46.45,10.071090047393366
2026-07-28,2027.TW,大成鋼,籌碼面,因子轉弱,80.0,30.0,-50.0,50.0,14.0,42.2,False,,43.25,2.4881516587677655,43.2,2.3696682464454977,44.25,4.857819905213264,46.45,10.071090047393366
2026-07-28,2303.TW,聯電,技術面,因子轉弱,-35.0,-55.0,-20.0,10.0,-10.0,113.5,True,1,102.5,-9.691629955947137,121.0,6.607929515418502,118.5,4.405286343612335,123.0,8.370044052863436
2026-07-28,2303.TW,聯電,籌碼面,因子轉弱,60.0,30.0,-30.0,10.0,-10.0,113.5,True,1,102.5,-9.691629955947137,121.0,6.607929515418502,118.5,4.405286343612335,123.0,8.370044052863436
2026-07-28,2308.TW,台達電,技術面,因子轉弱,-10.0,-40.0,-30.0,-22.0,-38.0,1580.0,True,1,1495.0,-5.379746835443038,1640.0,3.79746835443038,1620.0,2.5316455696202533,1805.0,14.240506329113925
2026-07-28,2312.TW,金寶,技術面,因子轉弱,-20.0,-55.0,-35.0,4.0,-54.0,29.7,False,,29.1,-2.0202020202020132,30.0,1.0101010101010124,32.3,8.754208754208747,32.85,10.606060606060613
2026-07-28,2312.TW,金寶,籌碼面,因子轉弱,30.0,-80.0,-110.0,4.0,-54.0,29.7,False,,29.1,-2.0202020202020132,30.0,1.0101010101010124,32.3,8.754208754208747,32.85,10.606060606060613
2026-07-28,2317.TW,鴻海,技術面,因子轉弱,45.0,5.0,-40.0,50.0,22.0,238.0,False,,237.0,-0.42016806722689076,250.5,5.2521008403361344,250.0,5.042016806722689,263.0,10.504201680672269
2026-07-28,2317.TW,鴻海,籌碼面,因子轉弱,80.0,50.0,-30.0,50.0,22.0,238.0,False,,237.0,-0.42016806722689076,250.5,5.2521008403361344,250.0,5.042016806722689,263.0,10.504201680672269
2026-07-28,2324.TW,仁寶,技術面,因子轉弱,45.0,-5.0,-50.0,38.0,18.0,34.7,False,,34.85,0.4322766570605146,36.0,3.7463976945244872,37.0,6.628242074927945,36.3,4.610951008645516
2026-07-28,2331.TW,精英,籌碼面,因子轉弱,10.0,-55.0,-65.0,-14.0,-38.0,18.5,True,1,17.8,-3.7837837837837798,18.4,-0.5405405405405482,19.3,4.324324324324328,19.2,3.7837837837837798
2026-07-28,2353.TW,宏碁,籌碼面,因子轉弱,30.0,-80.0,-110.0,-2.0,-50.0,28.85,False,,28.65,-0.6932409012131814,28.85,0.0,29.05,0.6932409012131691,31.05,7.625649913344884
2026-07-28,2356.TW,英業達,技術面,因子轉弱,20.0,-30.0,-50.0,20.0,12.0,58.8,False,,60.3,2.5510204081632653,61.8,5.1020408163265305,66.0,12.244897959183678,65.1,10.71428571428571
2026-07-28,2374.TW,佳能,技術面,因子轉弱,10.0,-45.0,-55.0,-18.0,-40.0,63.9,False,,62.6,-2.034428794992171,63.9,0.0,67.4,5.477308294209713,71.1,11.26760563380281
2026-07-28,2382.TW,廣達,籌碼面,因子轉弱,30.0,-30.0,-60.0,-10.0,-30.0,313.5,True,3,309.5,-1.2759170653907497,291.5,-7.017543859649122,300.5,-4.146730462519936,315.5,0.6379585326953748
2026-07-28,2408.TW,南亞科,技術面,因子轉弱,30.0,-55.0,-85.0,0.0,-52.0,392.5,True,1,353.5,-9.936305732484078,360.5,-8.152866242038217,436.0,11.0828025477707,489.0,24.585987261146496
2026-07-28,2408.TW,南亞科,籌碼面,因子轉弱,-30.0,-75.0,-45.0,0.0,-52.0,392.5,True,1,353.5,-9.936305732484078,360.5,-8.152866242038217,436.0,11.0828025477707,489.0,24.585987261146496
2026-07-28,2421.TW,建準,技術面,因子轉弱,-5.0,-45.0,-40.0,-20.0,-10.0,126.5,False,,124.5,-1.5810276679841897,131.0,3.557312252964427,135.5,7.114624505928854,151.5,19.76284584980237
2026-07-28,2498.TW,宏達電,籌碼面,因子轉弱,40.0,-55.0,-95.0,-6.0,-40.0,39.9,True,1,38.55,-3.3834586466165453,39.95,0.12531328320803073,40.1,0.5012531328320874,40.5,1.503759398496244
2026-07-28,2607.TW,榮運,技術面,因子轉弱,35.0,5.0,-30.0,26.0,22.0,47.2,False,,47.4,0.423728813559313,47.15,-0.10593220338983952,46.95,-0.5296610169491525,48.7,3.1779661016949152
2026-07-28,2609.TW,陽明,技術面,因子轉弱,45.0,-20.0,-65.0,30.0,16.0,50.7,False,,50.1,-1.1834319526627246,50.8,0.19723865877710908,51.0,0.5917159763313553,52.0,2.5641025641025585
2026-07-28,2618.TW,長榮航,技術面,因子轉弱,30.0,10.0,-20.0,36.0,28.0,42.75,True,1,41.45,-3.040935672514613,43.3,1.2865497076023324,43.8,2.4561403508771864,41.75,-2.3391812865497075
2026-07-28,2731.TW,雄獅,技術面,因子轉弱,10.0,-45.0,-55.0,-14.0,-36.0,143.5,False,,145.0,1.0452961672473868,147.0,2.4390243902439024,146.0,1.7421602787456445,145.5,1.3937282229965158
2026-07-28,2748.TW,雲品,技術面,因子轉弱,35.0,-10.0,-45.0,4.0,-32.0,39.5,True,5,39.8,0.7594936708860687,38.6,-2.2784810126582244,37.95,-3.924050632911385,38.5,-2.5316455696202533
2026-07-28,2748.TW,雲品,籌碼面,因子轉弱,-25.0,-60.0,-35.0,4.0,-32.0,39.5,True,5,39.8,0.7594936708860687,38.6,-2.2784810126582244,37.95,-3.924050632911385,38.5,-2.5316455696202533
2026-07-28,2748.TW,雲品,量價面,因子轉弱,0.0,-20.0,-20.0,4.0,-32.0,39.5,True,5,39.8,0.7594936708860687,38.6,-2.2784810126582244,37.95,-3.924050632911385,38.5,-2.5316455696202533
2026-07-28,2881.TW,富邦金,技術面,因子轉弱,45.0,15.0,-30.0,50.0,26.0,125.5,False,,123.0,-1.9920318725099602,130.0,3.5856573705179287,128.5,2.3904382470119523,128.0,1.9920318725099602
2026-07-28,2881.TW,富邦金,籌碼面,因子轉弱,80.0,50.0,-30.0,50.0,26.0,125.5,False,,123.0,-1.9920318725099602,130.0,3.5856573705179287,128.5,2.3904382470119523,128.0,1.9920318725099602
2026-07-28,2882.TW,國泰金,技術面,因子轉弱,70.0,5.0,-65.0,52.0,14.0,95.4,False,,94.1,-1.362683438155148,101.5,6.3941299790356325,99.2,3.983228511530395,99.6,4.402515723270428
2026-07-28,2882.TW,國泰金,籌碼面,因子轉弱,60.0,30.0,-30.0,52.0,14.0,95.4,False,,94.1,-1.362683438155148,101.5,6.3941299790356325,99.2,3.983228511530395,99.6,4.402515723270428
2026-07-28,2892.TW,第一金,籌碼面,因子轉弱,30.0,-30.0,-60.0,40.0,16.0,34.8,True,10,34.8,0.0,36.75,5.603448275862077,35.3,1.4367816091954024,32.7,-6.034482758620674
2026-07-28,3017.TW,奇鋐,技術面,因子轉弱,20.0,-20.0,-40.0,20.0,16.0,2240.0,True,1,2095.0,-6.4732142857142865,2320.0,3.571428571428571,2600.0,16.071428571428573,2760.0,23.214285714285715
2026-07-28,3035.TW,智原,技術面,因子轉弱,30.0,-10.0,-40.0,24.0,12.0,185.5,True,1,167.0,-9.973045822102426,149.5,-19.40700808625337,166.0,-10.512129380053908,176.0,-5.121293800539084
2026-07-28,3037.TW,欣興,籌碼面,因子轉弱,50.0,-55.0,-105.0,12.0,-34.0,764.0,True,1,688.0,-9.947643979057592,787.0,3.0104712041884816,924.0,20.94240837696335,992.0,29.84293193717277
2026-07-28,3081.TWO,聯亞,技術面,因子轉弱,30.0,-10.0,-40.0,12.0,-4.0,1710.0,True,1,1540.0,-9.941520467836257,1630.0,-4.678362573099415,1965.0,14.912280701754385,2480.0,45.02923976608187
2026-07-28,3105.TWO,穩懋,技術面,因子轉弱,10.0,-20.0,-30.0,4.0,-8.0,323.0,True,1,291.0,-9.907120743034056,294.5,-8.823529411764707,342.0,5.88235294117647,371.0,14.860681114551083
2026-07-28,3163.TWO,波若威,技術面,因子轉弱,30.0,-15.0,-45.0,12.0,-6.0,583.0,True,1,525.0,-9.948542024013722,544.0,-6.689536878216123,657.0,12.69296740994854,683.0,17.152658662092623
2026-07-28,3231.TW,緯創,技術面,因子轉弱,45.0,5.0,-40.0,50.0,34.0,170.0,False,,169.5,-0.29411764705882354,176.0,3.5294117647058822,195.0,14.705882352941178,191.0,12.352941176470589
2026-07-28,3324.TWO,雙鴻,技術面,因子轉弱,20.0,-20.0,-40.0,8.0,-8.0,870.0,False,,855.0,-1.7241379310344827,902.0,3.67816091954023,944.0,8.505747126436782,1045.0,20.114942528735632
2026-07-28,3363.TWO,上詮,技術面,因子轉弱,45.0,-20.0,-65.0,18.0,-8.0,539.0,True,1,485.5,-9.925788497217068,480.5,-10.85343228200371,563.0,4.452690166975881,606.0,12.430426716141001
2026-07-28,4908.TWO,前鼎,技術面,因子轉弱,-5.0,-45.0,-40.0,-2.0,-18.0,133.5,True,1,125.5,-5.992509363295881,132.0,-1.1235955056179776,150.5,12.734082397003746,151.0,13.108614232209737
2026-07-28,5289.TWO,宜鼎,技術面,因子轉弱,-35.0,-55.0,-20.0,-14.0,-22.0,1200.0,True,1,1160.0,-3.3333333333333335,1295.0,7.916666666666666,1415.0,17.916666666666668,1470.0,22.5
2026-07-28,5469.TW,瀚宇博,籌碼面,因子轉弱,40.0,-45.0,-85.0,-2.0,-36.0,67.7,True,1,65.2,-3.6927621861152145,66.9,-1.1816838995568644,68.2,0.7385524372230428,75.9,12.112259970457906
2026-07-28,5530.TWO,龍巖,技術面,因子轉弱,-20.0,-80.0,-60.0,-8.0,-32.0,47.35,False,,46.6,-1.583949313621964,47.4,0.10559662090812492,47.45,0.21119324181626487,49.65,4.857444561774018
2026-07-28,6213.TW,聯茂,技術面,因子轉弱,-20.0,-55.0,-35.0,-28.0,-42.0,276.5,True,1,249.0,-9.945750452079565,263.0,-4.882459312839059,310.0,12.115732368896925,452.0,63.47197106690777
2026-07-28,6214.TW,精誠,技術面,因子轉弱,80.0,55.0,-25.0,56.0,34.0,143.0,False,,144.0,0.6993006993006993,154.0,7.6923076923076925,150.0,4.895104895104895,143.0,0.0
2026-07-28,6214.TW,精誠,籌碼面,因子轉弱,60.0,30.0,-30.0,56.0,34.0,143.0,False,,144.0,0.6993006993006993,154.0,7.6923076923076925,150.0,4.895104895104895,143.0,0.0
2026-07-28,6488.TWO,環球晶,技術面,因子轉弱,-20.0,-55.0,-35.0,-8.0,-22.0,959.0,True,1,864.0,-9.906152241918665,855.0,-10.844629822732013,952.0,-0.7299270072992701,849.0,-11.470281543274243
2026-07-28,6669.TW,緯穎,技術面,因子轉弱,60.0,5.0,-55.0,56.0,34.0,5315.0,True,1,5135.0,-3.3866415804327374,5390.0,1.4111006585136407,6205.0,16.745061147695203,5930.0,11.571025399811854
2026-07-28,8028.TW,昇陽半導體,技術面,因子轉弱,-5.0,-55.0,-50.0,-14.0,-2.0,280.0,True,1,252.0,-10.0,245.0,-12.5,268.0,-4.285714285714286,261.0,-6.785714285714286
2026-07-28,8046.TW,南電,技術面,因子轉弱,-20.0,-45.0,-25.0,-14.0,14.0,976.0,True,1,879.0,-9.938524590163935,920.0,-5.737704918032787,1045.0,7.069672131147541,1150.0,17.827868852459016
2026-07-28,9105.TW,泰金寶-DR,籌碼面,因子轉弱,30.0,-80.0,-110.0,-6.0,-48.0,7.75,True,1,7.38,-4.774193548387099,8.12,4.774193548387086,8.3,7.096774193548397,8.27,6.709677419354833
2026-07-29,00878.TW,國泰永續高股息,技術面,因子轉弱,-10.0,-35.0,-25.0,-30.0,-40.0,30.91,False,,30.75,-0.5176318343578135,32.57,5.37043028146231,33.15,7.246845681009377,33.52,8.443869297961834
2026-07-29,1326.TW,台化,技術面,因子轉弱,-20.0,-45.0,-25.0,12.0,-32.0,58.5,True,1,56.4,-3.589743589743592,56.3,-3.7606837606837655,58.6,0.17094017094017336,59.6,1.8803418803418828
2026-07-29,1326.TW,台化,籌碼面,因子轉弱,50.0,-35.0,-85.0,12.0,-32.0,58.5,True,1,56.4,-3.589743589743592,56.3,-3.7606837606837655,58.6,0.17094017094017336,59.6,1.8803418803418828
2026-07-29,1718.TW,中纖,籌碼面,因子轉弱,80.0,50.0,-30.0,10.0,-2.0,9.2,True,1,8.64,-6.086956521739117,9.6,4.347826086956526,9.99,8.58695652173914,11.2,21.73913043478261
2026-07-29,2345.TW,智邦,技術面,因子轉弱,-20.0,-40.0,-20.0,-16.0,4.0,1910.0,False,,1935.0,1.3089005235602094,2335.0,22.25130890052356,2385.0,24.86910994764398,2215.0,15.968586387434556
2026-07-29,2383.TW,台光電,技術面,因子轉弱,-10.0,-40.0,-30.0,-12.0,-18.0,4100.0,False,,4315.0,5.2439024390243905,4980.0,21.463414634146343,5245.0,27.926829268292686,5730.0,39.75609756097561
2026-07-29,2421.TW,建準,籌碼面,因子轉弱,20.0,-35.0,-55.0,-10.0,-28.0,124.5,True,1,120.5,-3.2128514056224895,136.5,9.63855421686747,140.5,12.851405622489958,150.5,20.883534136546185
2026-07-29,2421.TW,建準,量價面,因子轉弱,0.0,-20.0,-20.0,-10.0,-28.0,124.5,True,1,120.5,-3.2128514056224895,136.5,9.63855421686747,140.5,12.851405622489958,150.5,20.883534136546185
2026-07-29,2606.TW,裕民,籌碼面,因子轉弱,60.0,30.0,-30.0,22.0,14.0,61.3,False,,60.7,-0.9787928221859613,63.0,2.7732463295269216,64.5,5.220228384991849,67.4,9.951060358890716
2026-07-29,2618.TW,長榮航,技術面,因子轉弱,10.0,-45.0,-55.0,28.0,6.0,41.45,False,,41.75,0.7237635705669412,43.7,5.42822677925211,43.8,5.669481302774413,42.15,1.688781664656202
2026-07-29,3035.TW,智原,技術面,因子轉弱,-10.0,-55.0,-45.0,12.0,-44.0,167.0,True,1,150.5,-9.880239520958083,160.0,-4.191616766467066,171.5,2.694610778443114,179.0,7.18562874251497
2026-07-29,3035.TW,智原,籌碼面,因子轉弱,40.0,-55.0,-95.0,12.0,-44.0,167.0,True,1,150.5,-9.880239520958083,160.0,-4.191616766467066,171.5,2.694610778443114,179.0,7.18562874251497
2026-07-29,3105.TWO,穩懋,技術面,因子轉弱,-20.0,-45.0,-25.0,-8.0,-18.0,291.0,True,1,268.0,-7.903780068728522,311.0,6.872852233676976,376.0,29.20962199312715,400.0,37.45704467353952
2026-07-29,3163.TWO,波若威,技術面,因子轉弱,-15.0,-55.0,-40.0,-6.0,-22.0,525.0,True,1,495.0,-5.714285714285714,598.0,13.904761904761905,722.0,37.523809523809526,718.0,36.76190476190476
2026-07-29,3363.TWO,上詮,技術面,因子轉弱,-20.0,-45.0,-25.0,-8.0,-18.0,485.5,True,1,437.0,-9.989701338825952,525.0,8.135942327497425,600.0,23.583934088568487,630.0,29.76313079299691
2026-07-29,3481.TW,群創,籌碼面,因子轉弱,80.0,30.0,-50.0,14.0,-4.0,41.8,False,,41.4,-0.9569377990430589,45.8,9.569377990430622,47.8,14.354066985645932,50.4,20.574162679425843
2026-07-29,4903.TWO,聯光通,技術面,因子轉弱,30.0,-20.0,-50.0,12.0,-8.0,35.3,True,1,32.05,-9.206798866855523,38.05,7.790368271954675,40.65,15.155807365439097,37.4,5.949008498583574
2026-07-29,4931.TWO,新盛力,量價面,因子轉弱,0.0,-20.0,-20.0,-22.0,-18.0,174.0,True,1,161.5,-7.183908045977011,191.0,9.770114942528735,199.0,14.367816091954023,267.0,53.44827586206896
2026-07-29,4966.TWO,譜瑞-KY,技術面,因子轉弱,-10.0,-40.0,-30.0,-4.0,-16.0,561.0,True,1,532.0,-5.169340463458111,576.0,2.6737967914438503,618.0,10.16042780748663,591.0,5.347593582887701
2026-07-29,4979.TWO,華星光,技術面,因子轉弱,30.0,5.0,-25.0,12.0,2.0,384.5,True,1,346.5,-9.882964889466841,407.0,5.851755526657997,492.0,27.95838751625488,561.0,45.9037711313394
2026-07-29,5706.TW,鳳凰,籌碼面,因子轉弱,30.0,0.0,-30.0,-6.0,-16.0,44.85,False,,44.7,-0.3344481605351139,44.15,-1.5607580824972191,43.95,-2.0066889632106992,45.65,1.7837235228539514
2026-07-29,6274.TWO,台燿,技術面,因子轉弱,-10.0,-45.0,-35.0,-4.0,-18.0,1020.0,False,,1010.0,-0.9803921568627451,1220.0,19.607843137254903,1470.0,44.11764705882353,1600.0,56.86274509803921
2026-07-29,6285.TW,啟碁,技術面,因子轉弱,-20.0,-40.0,-20.0,-20.0,8.0,216.0,True,1,204.0,-5.555555555555555,239.0,10.648148148148149,260.0,20.37037037037037,251.5,16.435185185185187
2026-07-29,8046.TW,南電,籌碼面,因子轉弱,80.0,30.0,-50.0,14.0,-10.0,879.0,True,1,837.0,-4.778156996587031,953.0,8.418657565415245,1060.0,20.591581342434583,1265.0,43.91353811149033
2026-07-30,00878.TW,國泰永續高股息,技術面,因子轉弱,-35.0,-55.0,-20.0,-40.0,-44.0,30.75,False,,32.43,5.463414634146341,32.57,5.918699186991871,32.84,6.796747967479686,33.78,9.85365853658537
2026-07-30,1303.TW,南亞,籌碼面,因子轉弱,60.0,30.0,-30.0,6.0,0.0,145.0,False,,159.5,10.0,170.5,17.586206896551722,178.5,23.103448275862068,189.0,30.344827586206897
2026-07-30,1326.TW,台化,籌碼面,因子轉弱,-35.0,-80.0,-45.0,-32.0,-54.0,56.4,False,,57.4,1.773049645390071,58.2,3.191489361702135,58.1,3.0141843971631257,59.5,5.496453900709223
2026-07-30,1409.TW,新纖,籌碼面,因子轉弱,80.0,50.0,-30.0,14.0,-2.0,20.2,False,,20.75,2.722772277227726,22.6,11.881188118811892,22.6,11.881188118811892,25.15,24.504950495049503
2026-07-30,1714.TW,和桐,籌碼面,因子轉弱,80.0,50.0,-30.0,14.0,-2.0,12.6,False,,13.05,3.57142857142858,14.55,15.476190476190485,16.2,28.57142857142857,16.7,32.53968253968254
2026-07-30,2027.TW,大成鋼,籌碼面,因子轉弱,80.0,50.0,-30.0,38.0,42.0,43.7,False,,43.2,-1.1441647597254003,44.25,1.2585812356979338,46.1,5.491990846681919,50.4,15.331807780320355
2026-07-30,2303.TW,聯電,籌碼面,因子轉弱,60.0,30.0,-30.0,6.0,0.0,110.0,False,,121.0,10.0,118.5,7.727272727272727,121.5,10.454545454545453,124.5,13.18181818181818
2026-07-30,2312.TW,金寶,籌碼面,因子轉弱,-10.0,-80.0,-70.0,-20.0,-50.0,27.65,False,,30.0,8.499095840867998,32.3,16.817359855334534,32.2,16.455696202531662,33.15,19.89150090415913
2026-07-30,2313.TW,華通,籌碼面,因子轉弱,60.0,30.0,-30.0,6.0,-6.0,154.0,False,,169.0,9.740259740259742,198.5,28.8961038961039,220.5,43.18181818181818,212.0,37.66233766233766
2026-07-30,2317.TW,鴻海,技術面,因子轉弱,10.0,-20.0,-30.0,16.0,-40.0,229.5,False,,250.5,9.15032679738562,250.0,8.932461873638346,264.5,15.250544662309368,262.0,14.161220043572984
2026-07-30,2317.TW,鴻海,籌碼面,因子轉弱,30.0,-80.0,-110.0,16.0,-40.0,229.5,False,,250.5,9.15032679738562,250.0,8.932461873638346,264.5,15.250544662309368,262.0,14.161220043572984
2026-07-30,2324.TW,仁寶,技術面,因子轉弱,10.0,-45.0,-55.0,24.0,-50.0,33.75,False,,36.0,6.666666666666667,37.0,9.62962962962963,37.3,10.51851851851851,39.3,16.444444444444436
2026-07-30,2324.TW,仁寶,籌碼面,因子轉弱,50.0,-80.0,-130.0,24.0,-50.0,33.75,False,,36.0,6.666666666666667,37.0,9.62962962962963,37.3,10.51851851851851,39.3,16.444444444444436
2026-07-30,2345.TW,智邦,籌碼面,因子轉弱,50.0,20.0,-30.0,4.0,-6.0,1935.0,False,,2125.0,9.819121447028424,2320.0,19.896640826873384,2410.0,24.54780361757106,2270.0,17.31266149870801
2026-07-30,2368.TW,金像電,籌碼面,因子轉弱,60.0,20.0,-40.0,8.0,-8.0,721.0,False,,793.0,9.986130374479888,897.0,24.410540915395284,985.0,36.615811373092924,1010.0,40.083217753120664
2026-07-30,2374.TW,佳能,技術面,因子轉弱,-35.0,-55.0,-20.0,-26.0,-28.0,59.6,False,,63.9,7.214765100671136,67.4,13.087248322147657,69.6,16.778523489932873,70.9,18.959731543624166
2026-07-30,2376.TW,技嘉,技術面,因子轉弱,-5.0,-55.0,-50.0,-24.0,-42.0,318.5,False,,336.5,5.651491365777081,332.0,4.23861852433281,344.0,8.006279434850864,393.5,23.547880690737834
2026-07-30,2382.TW,廣達,籌碼面,因子轉弱,60.0,-55.0,-115.0,6.0,-40.0,279.0,False,,291.5,4.480286738351254,300.5,7.706093189964158,302.0,8.24372759856631,325.0,16.48745519713262
2026-07-30,2382.TW,廣達,量價面,因子轉弱,0.0,-20.0,-20.0,6.0,-40.0,279.0,False,,291.5,4.480286738351254,300.5,7.706093189964158,302.0,8.24372759856631,325.0,16.48745519713262
2026-07-30,2383.TW,台光電,籌碼面,因子轉弱,-5.0,-55.0,-50.0,-18.0,-34.0,4315.0,False,,4745.0,9.965237543453071,5140.0,19.119351100811123,5305.0,22.943221320973347,5690.0,31.86558516801854
2026-07-30,2409.TW,友達,籌碼面,因子轉弱,80.0,50.0,-30.0,18.0,2.0,22.2,False,,24.2,9.00900900900901,24.45,10.135135135135135,24.55,10.585585585585592,25.75,15.990990990990994
2026-07-30,2421.TW,建準,技術面,因子轉弱,-25.0,-55.0,-30.0,-28.0,-40.0,120.5,False,,131.0,8.71369294605809,135.5,12.448132780082988,154.5,28.21576763485477,149.5,24.066390041493776
2026-07-30,2605.TW,新興,技術面,因子轉弱,5.0,-30.0,-35.0,34.0,8.0,29.95,False,,30.35,1.335559265442411,31.25,4.340567612687816,32.0,6.844741235392323,32.3,7.846410684474117
2026-07-30,2605.TW,新興,籌碼面,因子轉弱,80.0,50.0,-30.0,34.0,8.0,29.95,False,,30.35,1.335559265442411,31.25,4.340567612687816,32.0,6.844741235392323,32.3,7.846410684474117
2026-07-30,2606.TW,裕民,技術面,因子轉弱,5.0,-70.0,-75.0,14.0,4.0,60.7,False,,62.6,3.130148270181217,63.4,4.448105436573304,64.4,6.095551894563432,65.5,7.907742998352549
2026-07-30,2707.TW,晶華,量價面,因子轉弱,0.0,-20.0,-20.0,24.0,48.0,180.5,False,,178.0,-1.3850415512465373,176.0,-2.4930747922437675,177.0,-1.9390581717451523,178.0,-1.3850415512465373
2026-07-30,2731.TW,雄獅,技術面,因子轉弱,25.0,-20.0,-45.0,38.0,20.0,144.5,False,,147.0,1.7301038062283738,146.0,1.0380622837370241,146.0,1.0380622837370241,145.0,0.34602076124567477
2026-07-30,2748.TW,雲品,技術面,因子轉弱,40.0,-55.0,-95.0,2.0,-22.0,38.1,False,,38.6,1.3123359580052494,37.95,-0.39370078740157105,37.95,-0.39370078740157105,38.45,0.9186351706036782
2026-07-30,2882.TW,國泰金,技術面,因子轉弱,10.0,-20.0,-30.0,28.0,16.0,95.2,False,,101.5,6.617647058823526,99.2,4.201680672268907,97.5,2.4159663865546186,99.5,4.516806722689073
2026-07-30,3017.TW,奇鋐,技術面,因子轉弱,-20.0,-45.0,-25.0,24.0,2.0,2110.0,False,,2320.0,9.95260663507109,2600.0,23.22274881516588,2940.0,39.33649289099526,3200.0,51.65876777251185
2026-07-30,3017.TW,奇鋐,籌碼面,因子轉弱,80.0,50.0,-30.0,24.0,2.0,2110.0,False,,2320.0,9.95260663507109,2600.0,23.22274881516588,2940.0,39.33649289099526,3200.0,51.65876777251185
2026-07-30,3062.TW,建漢,籌碼面,因子轉弱,-20.0,-55.0,-35.0,-24.0,-44.0,18.35,False,,19.3,5.1771117166212495,20.15,9.809264305177095,20.65,12.534059945504069,21.0,14.441416893732962
2026-07-30,3260.TWO,威剛,技術面,因子轉弱,40.0,-10.0,-50.0,16.0,-4.0,378.5,False,,398.5,5.284015852047556,398.5,5.284015852047556,421.0,11.228533685601057,409.0,8.058124174372523
2026-07-30,3324.TWO,雙鴻,技術面,因子轉弱,-20.0,-55.0,-35.0,-8.0,-22.0,820.0,False,,902.0,10.0,944.0,15.121951219512194,1060.0,29.268292682926827,1035.0,26.21951219512195
2026-07-30,3673.TW,TPK-KY,籌碼面,因子轉弱,80.0,50.0,-30.0,16.0,2.0,50.6,False,,54.7,8.102766798418976,59.9,18.3794466403162,61.8,22.13438735177865,62.6,23.715415019762844
2026-07-30,4967.TW,十銓,技術面,因子轉弱,35.0,-10.0,-45.0,-14.0,-32.0,212.5,False,,233.5,9.88235294117647,256.5,20.705882352941178,280.0,31.76470588235294,280.5,32.0
2026-07-30,4979.TWO,華星光,技術面,因子轉弱,5.0,-20.0,-25.0,2.0,-8.0,346.5,False,,370.0,6.782106782106783,447.5,29.148629148629148,474.0,36.79653679653679,564.0,62.77056277056276
2026-07-30,6230.TW,超眾,技術面,因子轉弱,-10.0,-35.0,-25.0,2.0,-2.0,105.5,False,,109.5,3.7914691943127963,107.5,1.8957345971563981,111.0,5.213270142180095,112.5,6.6350710900473935
2026-07-30,6230.TW,超眾,量價面,因子轉弱,0.0,-20.0,-20.0,2.0,-2.0,105.5,False,,109.5,3.7914691943127963,107.5,1.8957345971563981,111.0,5.213270142180095,112.5,6.6350710900473935
2026-07-30,6426.TW,統新,技術面,因子轉弱,-20.0,-55.0,-35.0,-16.0,-10.0,137.5,False,,151.0,9.818181818181818,173.5,26.181818181818183,187.0,36.0,216.0,57.09090909090909
2026-07-30,6669.TW,緯穎,籌碼面,因子轉弱,80.0,30.0,-50.0,38.0,14.0,4900.0,False,,5390.0,10.0,6205.0,26.632653061224488,6265.0,27.857142857142858,6070.0,23.877551020408163
2026-07-30,8046.TW,南電,籌碼面,因子轉弱,30.0,-5.0,-35.0,-10.0,-16.0,837.0,False,,920.0,9.91636798088411,1045.0,24.850657108721624,1105.0,32.01911589008363,1215.0,45.16129032258064
2026-07-30,8046.TW,南電,量價面,因子轉弱,0.0,-20.0,-20.0,-10.0,-16.0,837.0,False,,920.0,9.91636798088411,1045.0,24.850657108721624,1105.0,32.01911589008363,1215.0,45.16129032258064
2026-07-31,1409.TW,新纖,籌碼面,因子轉弱,50.0,-55.0,-105.0,-2.0,-40.0,20.75,False,,21.8,5.060240963855425,22.6,8.915662650602417,22.5,8.433734939759036,25.25,21.686746987951807
2026-07-31,1802.TW,台玻,籌碼面,因子轉弱,60.0,30.0,-30.0,6.0,-2.0,45.7,False,,47.55,4.048140043763664,53.9,17.943107221006553,53.1,16.1925601750547,57.9,26.695842450765856
2026-07-31,2027.TW,大成鋼,技術面,因子轉弱,55.0,5.0,-50.0,42.0,22.0,43.2,False,,44.45,2.893518518518518,44.35,2.6620370370370336,46.6,7.870370370370367,47.6,10.185185185185182
2026-07-31,2303.TW,聯電,籌碼面,因子轉弱,30.0,-55.0,-85.0,0.0,-24.0,121.0,True,5,118.0,-2.479338842975207,122.0,0.8264462809917356,116.0,-4.132231404958678,121.0,0.0
2026-07-31,2368.TW,金像電,籌碼面,因子轉弱,20.0,-45.0,-65.0,-8.0,-20.0,793.0,False,,872.0,9.962168978562422,940.0,18.53720050441362,982.0,23.833543505674655,1015.0,27.994955863808325
2026-07-31,2605.TW,新興,技術面,因子轉弱,-30.0,-55.0,-25.0,8.0,-2.0,30.35,False,,31.2,2.8006589785831886,32.0,5.4365733113673755,32.55,7.248764415156493,32.35,6.589785831960461
2026-07-31,2707.TW,晶華,技術面,因子轉弱,70.0,-15.0,-85.0,48.0,6.0,178.0,False,,179.0,0.5617977528089888,176.0,-1.1235955056179776,179.5,0.8426966292134831,177.5,-0.2808988764044944
2026-07-31,2707.TW,晶華,籌碼面,因子轉弱,60.0,30.0,-30.0,48.0,6.0,178.0,False,,179.0,0.5617977528089888,176.0,-1.1235955056179776,179.5,0.8426966292134831,177.5,-0.2808988764044944
2026-07-31,3035.TW,智原,量價面,因子轉弱,0.0,-20.0,-20.0,-38.0,-40.0,149.5,False,,160.0,7.023411371237458,171.5,14.715719063545151,172.0,15.050167224080269,173.5,16.05351170568562
2026-07-31,3037.TW,欣興,籌碼面,因子轉弱,-30.0,-80.0,-50.0,-24.0,-34.0,787.0,False,,865.0,9.91105463786531,969.0,23.12579415501906,955.0,21.346886912325285,1020.0,29.60609911054638
2026-07-31,3081.TWO,聯亞,技術面,因子轉弱,-20.0,-45.0,-25.0,-8.0,-18.0,1630.0,False,,1790.0,9.815950920245399,2160.0,32.515337423312886,2305.0,41.41104294478527,2540.0,55.828220858895705
2026-07-31,5706.TW,鳳凰,籌碼面,因子轉弱,50.0,10.0,-40.0,2.0,-18.0,44.5,False,,44.15,-0.7865168539325874,43.95,-1.235955056179769,45.35,1.910112359550565,45.15,1.4606741573033675
2026-07-31,6116.TW,彩晶,籌碼面,因子轉弱,60.0,30.0,-30.0,6.0,-2.0,12.45,False,,12.5,0.4016064257028169,14.2,14.056224899598394,13.55,8.83534136546186,13.9,11.646586345381534
2026-07-31,7769.TW,鴻勁,籌碼面,因子轉弱,70.0,40.0,-30.0,16.0,14.0,6180.0,False,,6425.0,3.9644012944983817,6530.0,5.6634304207119746,6320.0,2.26537216828479,6590.0,6.634304207119741
2026-07-31,8039.TW,台虹,技術面,因子轉弱,-10.0,-35.0,-25.0,8.0,-44.0,173.5,False,,190.5,9.798270893371757,220.0,26.801152737752158,237.5,36.887608069164266,272.5,57.06051873198847
2026-07-31,8039.TW,台虹,籌碼面,因子轉弱,30.0,-75.0,-105.0,8.0,-44.0,173.5,False,,190.5,9.798270893371757,220.0,26.801152737752158,237.5,36.887608069164266,272.5,57.06051873198847
2026-07-31,8046.TW,南電,技術面,因子轉弱,-25.0,-45.0,-20.0,-16.0,-10.0,920.0,False,,953.0,3.5869565217391304,1060.0,15.217391304347828,1080.0,17.391304347826086,1305.0,41.84782608695652
2026-08-03,00878.TW,國泰永續高股息,籌碼面,因子轉弱,-15.0,-55.0,-40.0,-8.0,-20.0,32.57,False,,32.57,0.0,32.84,0.8289837273564726,33.4,2.5483573840957887,33.75,3.6229659195578745
2026-08-03,1303.TW,南亞,籌碼面,因子轉弱,30.0,-75.0,-105.0,10.0,-26.0,165.0,False,,170.5,3.3333333333333335,178.5,8.181818181818182,185.0,12.121212121212121,200.5,21.515151515151516
2026-08-03,1714.TW,和桐,籌碼面,因子轉弱,50.0,-55.0,-105.0,-2.0,-20.0,14.35,False,,14.55,1.393728222996523,16.2,12.891986062717766,16.65,16.027874564459925,17.15,19.512195121951212
2026-08-03,1718.TW,中纖,籌碼面,因子轉弱,50.0,-30.0,-80.0,2.0,-14.0,9.6,False,,9.99,4.062500000000006,10.2,6.2499999999999964,10.25,6.7708333333333375,10.65,10.937500000000009
2026-08-03,2002.TW,中鋼,技術面,因子轉弱,-5.0,-30.0,-25.0,30.0,8.0,18.85,False,,18.85,0.0,19.0,0.7957559681697537,19.65,4.244031830238711,18.85,0.0
2026-08-03,2002.TW,中鋼,籌碼面,因子轉弱,80.0,50.0,-30.0,30.0,8.0,18.85,False,,18.85,0.0,19.0,0.7957559681697537,19.65,4.244031830238711,18.85,0.0
2026-08-03,2330.TW,台積電,籌碼面,因子轉弱,60.0,-15.0,-75.0,26.0,-8.0,2370.0,False,,2320.0,-2.109704641350211,2365.0,-0.21097046413502107,2380.0,0.42194092827004215,2400.0,1.2658227848101267
2026-08-03,2345.TW,智邦,籌碼面,因子轉弱,5.0,-45.0,-50.0,0.0,-16.0,2335.0,True,5,2320.0,-0.6423982869379015,2410.0,3.2119914346895073,2165.0,-7.28051391862955,2290.0,-1.9271948608137044
2026-08-03,2376.TW,技嘉,技術面,因子轉弱,30.0,-20.0,-50.0,-18.0,16.0,324.5,False,,332.0,2.311248073959938,344.0,6.00924499229584,349.5,7.704160246533127,358.0,10.323574730354391
2026-08-03,2451.TW,創見,技術面,因子轉弱,70.0,45.0,-25.0,60.0,-4.0,281.0,False,,284.5,1.2455516014234875,293.0,4.270462633451958,295.5,5.160142348754448,290.0,3.202846975088968
2026-08-03,2451.TW,創見,籌碼面,因子轉弱,80.0,-55.0,-135.0,60.0,-4.0,281.0,False,,284.5,1.2455516014234875,293.0,4.270462633451958,295.5,5.160142348754448,290.0,3.202846975088968
2026-08-03,2485.TW,兆赫,籌碼面,因子轉弱,60.0,30.0,-30.0,6.0,14.0,38.3,False,,40.8,6.527415143603134,41.0,7.049608355091391,44.0,14.882506527415151,42.05,9.7911227154047
2026-08-03,2607.TW,榮運,技術面,因子轉弱,10.0,-30.0,-40.0,28.0,0.0,47.15,False,,46.95,-0.4241781548250174,47.25,0.21208907741251626,48.5,2.863202545068932,50.2,6.468716861081663
2026-08-03,2607.TW,榮運,籌碼面,因子轉弱,60.0,30.0,-30.0,28.0,0.0,47.15,False,,46.95,-0.4241781548250174,47.25,0.21208907741251626,48.5,2.863202545068932,50.2,6.468716861081663
2026-08-03,2618.TW,長榮航,技術面,因子轉弱,80.0,60.0,-20.0,56.0,48.0,43.7,True,10,43.8,0.2288329519450671,43.25,-1.0297482837528669,42.65,-2.4027459954233508,41.8,-4.347826086956535
2026-08-03,2731.TW,雄獅,籌碼面,因子轉弱,80.0,50.0,-30.0,40.0,24.0,146.5,False,,146.0,-0.3412969283276451,146.0,-0.3412969283276451,145.5,-0.6825938566552902,144.0,-1.7064846416382253
2026-08-03,2881.TW,富邦金,技術面,因子轉弱,70.0,35.0,-35.0,60.0,38.0,129.5,True,10,128.5,-0.7722007722007722,126.0,-2.7027027027027026,128.5,-0.7722007722007722,125.5,-3.088803088803089
2026-08-03,2886.TW,兆豐金,技術面,因子轉弱,70.0,45.0,-25.0,60.0,38.0,51.6,True,10,50.7,-1.744186046511625,50.3,-2.519379844961249,51.0,-1.1627906976744213,46.6,-9.689922480620154
2026-08-03,2886.TW,兆豐金,籌碼面,因子轉弱,80.0,50.0,-30.0,60.0,38.0,51.6,True,10,50.7,-1.744186046511625,50.3,-2.519379844961249,51.0,-1.1627906976744213,46.6,-9.689922480620154
2026-08-03,2892.TW,第一金,技術面,因子轉弱,70.0,45.0,-25.0,60.0,30.0,35.95,True,10,35.3,-1.8080667593880546,35.5,-1.2517385257301885,34.95,-2.7816411682892905,33.4,-7.093184979137702
2026-08-03,2892.TW,第一金,籌碼面,因子轉弱,80.0,30.0,-50.0,60.0,30.0,35.95,True,10,35.3,-1.8080667593880546,35.5,-1.2517385257301885,34.95,-2.7816411682892905,33.4,-7.093184979137702
2026-08-03,3481.TW,群創,籌碼面,因子轉弱,50.0,-55.0,-105.0,18.0,-24.0,45.8,False,,47.8,4.366812227074236,50.0,9.170305676855902,52.3,14.192139737991265,51.2,11.79039301310045
2026-08-03,4958.TW,臻鼎-KY,籌碼面,因子轉弱,60.0,-55.0,-115.0,6.0,-20.0,421.5,False,,444.0,5.338078291814947,482.0,14.353499406880191,470.5,11.625148279952551,503.0,19.33570581257414
2026-08-03,4967.TW,十銓,籌碼面,因子轉弱,80.0,30.0,-50.0,44.0,24.0,240.0,False,,256.5,6.875000000000001,280.0,16.666666666666664,280.5,16.875,263.5,9.791666666666666
2026-08-03,5530.TWO,龍巖,技術面,因子轉弱,-15.0,-55.0,-40.0,-6.0,-22.0,47.1,False,,47.45,0.7430997876857779,48.3,2.5477707006369332,49.85,5.83864118895966,49.85,5.83864118895966
2026-08-03,6213.TW,聯茂,籌碼面,因子轉弱,30.0,-45.0,-75.0,-6.0,-20.0,289.0,False,,310.0,7.26643598615917,375.0,29.757785467128027,427.5,47.92387543252595,481.0,66.43598615916954
2026-08-03,6214.TW,精誠,技術面,因子轉弱,80.0,45.0,-35.0,69.0,38.0,148.5,False,,150.0,1.0101010101010102,145.5,-2.0202020202020203,144.5,-2.6936026936026933,175.5,18.181818181818183
2026-08-03,6214.TW,精誠,籌碼面,因子轉弱,80.0,50.0,-30.0,69.0,38.0,148.5,False,,150.0,1.0101010101010102,145.5,-2.0202020202020203,144.5,-2.6936026936026933,175.5,18.181818181818183
2026-08-03,6214.TW,精誠,量價面,因子轉弱,25.0,0.0,-25.0,69.0,38.0,148.5,False,,150.0,1.0101010101010102,145.5,-2.0202020202020203,144.5,-2.6936026936026933,175.5,18.181818181818183
2026-08-03,6426.TW,統新,籌碼面,因子轉弱,50.0,20.0,-30.0,2.0,6.0,158.0,False,,173.5,9.81012658227848,187.0,18.354430379746837,217.5,37.65822784810127,239.5,51.58227848101266
2026-08-03,8028.TW,昇陽半導體,籌碼面,因子轉弱,30.0,-15.0,-45.0,-6.0,-8.0,260.5,False,,268.0,2.8790786948176583,274.5,5.3742802303262955,264.0,1.3435700575815739,265.0,1.727447216890595
2026-08-03,8046.TW,南電,籌碼面,因子轉弱,20.0,-10.0,-30.0,-10.0,-6.0,953.0,False,,1045.0,9.653725078698844,1105.0,15.949632738719831,1130.0,18.57292759706191,1295.0,35.88667366211962
2026-08-03,8150.TW,南茂,籌碼面,因子轉弱,30.0,-55.0,-85.0,-6.0,-18.0,77.6,False,,82.5,6.314432989690729,86.9,11.984536082474243,92.9,19.71649484536084,91.5,17.912371134020628
2026-08-04,2027.TW,大成鋼,籌碼面,因子轉弱,80.0,50.0,-30.0,40.0,38.0,44.25,False,,44.35,0.22598870056497497,46.6,5.310734463276839,46.45,4.971751412429385,49.7,12.316384180790967
2026-08-04,2327.TW,國巨,籌碼面,因子轉弱,-15.0,-55.0,-40.0,-8.0,-18.0,566.0,True,3,578.0,2.1201413427561837,540.0,-4.593639575971731,617.0,9.010600706713781,576.0,1.76678445229682
2026-08-04,2330.TW,台積電,籌碼面,因子轉弱,-15.0,-55.0,-40.0,-8.0,-24.0,2320.0,False,,2405.0,3.6637931034482754,2370.0,2.1551724137931036,2395.0,3.2327586206896552,2380.0,2.586206896551724
2026-08-04,2331.TW,精英,籌碼面,因子轉弱,50.0,20.0,-30.0,18.0,10.0,19.3,False,,19.55,1.2953367875647668,19.8,2.5906735751295336,19.2,-0.518134715025914,20.25,4.92227979274611
2026-08-04,2374.TW,佳能,籌碼面,因子轉弱,80.0,50.0,-30.0,30.0,18.0,67.4,False,,69.3,2.8189910979228356,70.0,3.857566765578626,71.1,5.489614243323425,69.3,2.8189910979228356
2026-08-04,2409.TW,友達,籌碼面,因子轉弱,50.0,-30.0,-80.0,18.0,-14.0,24.45,False,,24.45,0.0,24.55,0.4089979550102308,26.1,6.74846625766872,26.35,7.770961145194283
2026-08-04,2421.TW,建準,籌碼面,因子轉弱,80.0,50.0,-30.0,34.0,18.0,135.5,False,,140.5,3.6900369003690034,151.5,11.808118081180812,151.5,11.808118081180812,145.5,7.380073800738007
2026-08-04,2603.TW,長榮,籌碼面,因子轉弱,60.0,30.0,-30.0,38.0,36.0,206.0,False,,205.0,-0.48543689320388345,207.5,0.7281553398058253,218.0,5.825242718446602,238.0,15.53398058252427
2026-08-04,2707.TW,晶華,技術面,因子轉弱,-30.0,-55.0,-25.0,0.0,-14.0,176.0,False,,176.0,0.0,179.5,1.9886363636363635,180.0,2.272727272727273,178.0,1.1363636363636365
2026-08-04,2748.TW,雲品,籌碼面,因子轉弱,15.0,-35.0,-50.0,-16.0,-36.0,37.95,False,,38.2,0.6587615283267457,38.35,1.0540184453227894,38.5,1.449275362318833,38.25,0.7905138339920873
2026-08-04,2886.TW,兆豐金,技術面,因子轉弱,45.0,5.0,-40.0,38.0,14.0,50.7,True,10,51.2,0.9861932938856016,50.9,0.3944773175542322,49.4,-2.5641025641025723,46.9,-7.49506903353058
2026-08-04,2892.TW,第一金,技術面,因子轉弱,45.0,5.0,-40.0,30.0,10.0,35.3,True,5,35.9,1.699716713881024,35.55,0.708215297450425,32.7,-7.365439093484404,33.7,-4.532577903682704
2026-08-04,3481.TW,群創,籌碼面,因子轉弱,-55.0,-100.0,-45.0,-24.0,-42.0,47.8,False,,47.8,0.0,47.55,-0.5230125523012553,50.1,4.811715481171557,49.5,3.556485355648542
2026-08-04,3711.TW,日月光投控,籌碼面,因子轉弱,-15.0,-55.0,-40.0,-8.0,-18.0,585.0,False,,593.0,1.3675213675213675,585.0,0.0,629.0,7.521367521367521,599.0,2.3931623931623935
2026-08-04,5706.TW,鳳凰,籌碼面,因子轉弱,0.0,-45.0,-45.0,-22.0,-36.0,43.85,False,,43.95,0.2280501710376315,45.35,3.4207525655644244,45.5,3.762827822120863,45.05,2.7366020524515293
2026-08-04,6116.TW,彩晶,籌碼面,因子轉弱,30.0,-55.0,-85.0,10.0,-24.0,12.95,False,,14.2,9.652509652509652,13.55,4.633204633204644,14.2,9.652509652509652,13.7,5.7915057915057915
2026-08-04,6230.TW,超眾,籌碼面,因子轉弱,40.0,10.0,-30.0,-2.0,-14.0,107.5,False,,108.0,0.46511627906976744,109.0,1.3953488372093024,109.5,1.8604651162790697,108.0,0.46511627906976744
2026-08-04,6669.TW,緯穎,技術面,因子轉弱,55.0,30.0,-25.0,46.0,36.0,6205.0,True,5,6175.0,-0.4834810636583401,6100.0,-1.6921837228041903,5930.0,-4.43190975020145,6400.0,3.1426269137792104
2026-08-04,7769.TW,鴻勁,籌碼面,因子轉弱,50.0,20.0,-30.0,24.0,6.0,6190.0,False,,6530.0,5.492730210016155,6320.0,2.10016155088853,6350.0,2.5848142164781907,6525.0,5.4119547657512115
2026-08-04,8028.TW,昇陽半導體,籌碼面,因子轉弱,-15.0,-45.0,-30.0,-8.0,-20.0,268.0,True,3,282.0,5.223880597014925,254.0,-5.223880597014925,261.0,-2.6119402985074625,248.5,-7.276119402985075
2026-08-04,8046.TW,南電,籌碼面,因子轉弱,-10.0,-50.0,-40.0,-6.0,-22.0,1045.0,False,,1060.0,1.4354066985645932,1080.0,3.349282296650718,1150.0,10.047846889952153,1245.0,19.138755980861244
2026-08-05,1802.TW,台玻,籌碼面,因子轉弱,30.0,-75.0,-105.0,14.0,-28.0,53.9,False,,54.6,1.298701298701304,54.7,1.4842300556586352,57.6,6.864564007421156,57.1,5.936920222634514
2026-08-05,2312.TW,金寶,籌碼面,因子轉弱,80.0,50.0,-30.0,30.0,18.0,32.0,False,,32.2,0.6250000000000089,32.5,1.5625,33.5,4.6875,32.25,0.78125
2026-08-05,2338.TW,光罩,籌碼面,因子轉弱,50.0,20.0,-30.0,18.0,6.0,39.7,True,10,39.65,-0.12594458438288228,40.1,1.0075566750629685,40.45,1.889168765743073,37.8,-4.785894206549132
2026-08-05,2345.TW,智邦,籌碼面,因子轉弱,50.0,-5.0,-55.0,22.0,6.0,2385.0,True,3,2410.0,1.0482180293501049,2165.0,-9.224318658280922,2215.0,-7.127882599580712,2125.0,-10.90146750524109
2026-08-05,2356.TW,英業達,籌碼面,因子轉弱,80.0,50.0,-30.0,30.0,52.0,65.7,False,,65.5,-0.30441400304414434,66.0,0.4566210045662057,69.0,5.022831050228306,65.2,-0.76103500761035
2026-08-05,2376.TW,技嘉,技術面,因子轉弱,30.0,5.0,-25.0,44.0,34.0,342.0,False,,344.0,0.5847953216374269,349.5,2.1929824561403506,375.5,9.7953216374269,348.5,1.9005847953216373
2026-08-05,2409.TW,友達,籌碼面,因子轉弱,-30.0,-80.0,-50.0,-14.0,-30.0,24.45,False,,24.55,0.4089979550102308,27.0,10.42944785276074,26.25,7.361963190184053,26.15,6.952965235173822
2026-08-05,2451.TW,創見,籌碼面,因子轉弱,50.0,-55.0,-105.0,38.0,-4.0,282.5,False,,293.0,3.7168141592920354,295.5,4.601769911504425,294.5,4.2477876106194685,281.0,-0.5309734513274336
2026-08-05,2485.TW,兆赫,籌碼面,因子轉弱,30.0,-80.0,-110.0,14.0,-28.0,41.05,False,,41.0,-0.12180267965894558,44.0,7.1863580998782055,44.0,7.1863580998782055,40.35,-1.7052375152253245
2026-08-05,2607.TW,榮運,籌碼面,因子轉弱,20.0,-70.0,-90.0,-4.0,-40.0,47.0,False,,47.25,0.5319148936170213,48.5,3.1914893617021276,50.5,7.446808510638298,50.4,7.234042553191486
2026-08-05,2609.TW,陽明,技術面,因子轉弱,45.0,-10.0,-55.0,42.0,8.0,50.6,False,,50.4,-0.39525691699605303,51.6,1.9762845849802373,51.7,2.1739130434782634,59.0,16.60079051383399
2026-08-05,2609.TW,陽明,籌碼面,因子轉弱,60.0,30.0,-30.0,42.0,8.0,50.6,False,,50.4,-0.39525691699605303,51.6,1.9762845849802373,51.7,2.1739130434782634,59.0,16.60079051383399
2026-08-05,2707.TW,晶華,籌碼面,因子轉弱,20.0,-70.0,-90.0,-14.0,-50.0,176.0,False,,177.0,0.5681818181818182,180.0,2.272727272727273,179.0,1.7045454545454544,178.5,1.4204545454545454
2026-08-05,2731.TW,雄獅,籌碼面,因子轉弱,50.0,-45.0,-95.0,34.0,-8.0,146.0,False,,146.0,0.0,145.5,-0.3424657534246575,145.5,-0.3424657534246575,142.0,-2.73972602739726
2026-08-05,2892.TW,第一金,籌碼面,因子轉弱,20.0,-55.0,-75.0,10.0,-4.0,35.9,True,5,35.5,-1.1142061281337008,34.95,-2.6462395543175368,33.15,-7.660167130919221,33.6,-6.406685236768794
2026-08-05,3013.TW,晟銘電,籌碼面,因子轉弱,80.0,50.0,-30.0,30.0,18.0,84.6,False,,87.0,2.8368794326241202,87.2,3.0732860520094665,86.7,2.4822695035461093,83.3,-1.5366430260047248
2026-08-05,3260.TWO,威剛,技術面,因子轉弱,45.0,20.0,-25.0,18.0,8.0,396.0,False,,421.0,6.313131313131313,411.0,3.787878787878788,409.5,3.4090909090909087,395.0,-0.25252525252525254
2026-08-05,4960.TW,誠美材,籌碼面,因子轉弱,60.0,20.0,-40.0,22.0,10.0,21.0,True,10,20.95,-0.2380952380952415,20.9,-0.476190476190483,22.75,8.333333333333332,20.05,-4.52380952380952
2026-08-05,6214.TW,精誠,籌碼面,因子轉弱,80.0,50.0,-30.0,50.0,44.0,153.0,True,1,145.5,-4.901960784313726,144.5,-5.555555555555555,142.5,-6.862745098039216,178.5,16.666666666666664
2026-08-05,6426.TW,統新,籌碼面,因子轉弱,20.0,-45.0,-65.0,6.0,-16.0,170.0,False,,187.0,10.0,217.5,27.941176470588236,222.0,30.58823529411765,231.0,35.88235294117647
2026-08-05,6426.TW,統新,量價面,因子轉弱,0.0,-20.0,-20.0,6.0,-16.0,170.0,False,,187.0,10.0,217.5,27.941176470588236,222.0,30.58823529411765,231.0,35.88235294117647
2026-08-05,9105.TW,泰金寶-DR,籌碼面,因子轉弱,60.0,30.0,-30.0,22.0,14.0,8.21,False,,8.18,-0.3654080389768713,8.28,0.8526187576126492,8.33,1.4616321559074203,8.45,2.9232643118148407
2026-08-06,1409.TW,新纖,籌碼面,因子轉弱,-15.0,-55.0,-40.0,-8.0,-14.0,22.6,False,,22.5,-0.44247787610620093,24.25,7.300884955752205,25.15,11.28318584070795,24.4,7.964601769911492
2026-08-06,2344.TW,華邦電,籌碼面,因子轉弱,80.0,50.0,-30.0,36.0,32.0,171.0,True,1,163.5,-4.385964912280701,178.0,4.093567251461988,177.0,3.508771929824561,176.5,3.216374269005848
2026-08-06,2353.TW,宏碁,籌碼面,因子轉弱,60.0,30.0,-30.0,26.0,20.0,30.0,False,,30.25,0.8333333333333334,31.05,3.500000000000002,31.55,5.166666666666669,31.0,3.3333333333333335
2026-08-06,2356.TW,英業達,技術面,因子轉弱,80.0,45.0,-35.0,52.0,50.0,65.5,False,,64.0,-2.2900763358778624,65.1,-0.610687022900772,68.8,5.038167938931293,64.5,-1.5267175572519083
2026-08-06,2374.TW,佳能,籌碼面,因子轉弱,80.0,50.0,-30.0,34.0,28.0,69.6,True,10,70.0,0.5747126436781691,71.1,2.1551724137931036,70.9,1.8678160919540394,67.1,-3.591954022988506
2026-08-06,2383.TW,台光電,技術面,因子轉弱,45.0,20.0,-25.0,-4.0,2.0,5305.0,False,,5240.0,-1.2252591894439209,5535.0,4.335532516493874,5690.0,7.257304429783224,5985.0,12.818096135721019
2026-08-06,2401.TW,凌陽,籌碼面,因子轉弱,80.0,50.0,-30.0,34.0,28.0,27.4,True,10,27.05,-1.277372262773715,27.4,0.0,27.2,-0.7299270072992675,25.75,-6.021897810218974
2026-08-06,2454.TW,聯發科,技術面,因子轉弱,55.0,20.0,-35.0,46.0,28.0,3920.0,True,10,3900.0,-0.5102040816326531,4020.0,2.5510204081632653,4225.0,7.780612244897959,3700.0,-5.612244897959184
2026-08-06,2603.TW,長榮,技術面,因子轉弱,60.0,5.0,-55.0,36.0,14.0,204.0,False,,207.5,1.715686274509804,218.0,6.862745098039216,215.5,5.637254901960785,246.0,20.588235294117645
2026-08-06,2605.TW,新興,籌碼面,因子轉弱,80.0,50.0,-30.0,44.0,48.0,32.0,False,,32.55,1.7187499999999911,32.75,2.34375,32.3,0.9374999999999911,36.4,13.749999999999996
2026-08-06,2609.TW,陽明,籌碼面,因子轉弱,30.0,-80.0,-110.0,8.0,-30.0,50.4,False,,50.5,0.19841269841270123,52.0,3.174603174603177,51.4,1.984126984126984,60.3,19.64285714285714
2026-08-06,2610.TW,華航,技術面,因子轉弱,60.0,5.0,-55.0,48.0,14.0,22.15,True,3,22.5,1.5801354401805936,20.25,-8.577878103837467,20.1,-9.255079006771997,20.0,-9.706546275395029
2026-08-06,2610.TW,華航,籌碼面,因子轉弱,60.0,30.0,-30.0,48.0,14.0,22.15,True,3,22.5,1.5801354401805936,20.25,-8.577878103837467,20.1,-9.255079006771997,20.0,-9.706546275395029
2026-08-06,2618.TW,長榮航,技術面,因子轉弱,60.0,5.0,-55.0,48.0,26.0,43.25,True,3,44.4,2.658959537572251,41.75,-3.4682080924855487,41.0,-5.202312138728324,42.25,-2.312138728323699
2026-08-06,2731.TW,雄獅,籌碼面,因子轉弱,-45.0,-75.0,-30.0,-8.0,-26.0,146.0,False,,145.0,-0.684931506849315,145.5,-0.3424657534246575,145.0,-0.684931506849315,145.0,-0.684931506849315
2026-08-06,2881.TW,富邦金,技術面,因子轉弱,45.0,-5.0,-50.0,50.0,18.0,126.0,False,,127.0,0.7936507936507936,128.0,1.5873015873015872,128.5,1.984126984126984,128.0,1.5873015873015872
2026-08-06,2881.TW,富邦金,籌碼面,因子轉弱,80.0,50.0,-30.0,50.0,18.0,126.0,False,,127.0,0.7936507936507936,128.0,1.5873015873015872,128.5,1.984126984126984,128.0,1.5873015873015872
2026-08-06,2882.TW,國泰金,技術面,因子轉弱,60.0,5.0,-55.0,56.0,22.0,97.5,False,,99.4,1.9487179487179547,99.6,2.153846153846148,99.5,2.051282051282051,97.7,0.20512820512820804
2026-08-06,2882.TW,國泰金,籌碼面,因子轉弱,80.0,50.0,-30.0,56.0,22.0,97.5,False,,99.4,1.9487179487179547,99.6,2.153846153846148,99.5,2.051282051282051,97.7,0.20512820512820804
2026-08-06,2886.TW,兆豐金,籌碼面,因子轉弱,30.0,-80.0,-110.0,14.0,-30.0,50.3,True,5,50.9,1.1928429423459275,49.4,-1.7892644135188838,45.85,-8.8469184890656,46.4,-7.753479125248506
2026-08-06,2891.TW,中信金,技術面,因子轉弱,45.0,-20.0,-65.0,50.0,24.0,64.6,False,,65.6,1.5479876160990713,66.8,3.4055727554179613,66.5,2.9411764705882444,63.4,-1.8575851393188791
2026-08-06,2892.TW,第一金,技術面,因子轉弱,45.0,5.0,-40.0,-4.0,-20.0,35.5,True,3,35.55,0.1408450704225272,32.7,-7.887323943661964,33.15,-6.6197183098591585,33.3,-6.197183098591557
2026-08-06,3037.TW,欣興,技術面,因子轉弱,55.0,20.0,-35.0,54.0,28.0,973.0,False,,955.0,-1.8499486125385407,992.0,1.9527235354573484,1000.0,2.774922918807811,1140.0,17.163412127440907
2026-08-06,3037.TW,欣興,籌碼面,因子轉弱,80.0,50.0,-30.0,54.0,28.0,973.0,False,,955.0,-1.8499486125385407,992.0,1.9527235354573484,1000.0,2.774922918807811,1140.0,17.163412127440907
2026-08-06,3062.TW,建漢,籌碼面,因子轉弱,60.0,30.0,-30.0,26.0,20.0,20.65,False,,20.3,-1.694915254237278,20.9,1.2106537530266346,21.0,1.6949152542372952,20.5,-0.7263922518159738
2026-08-06,3081.TWO,聯亞,技術面,因子轉弱,95.0,-45.0,-140.0,38.0,-18.0,1630.0,False,,2305.0,41.41104294478527,2480.0,52.14723926380368,2665.0,63.49693251533742,2780.0,70.5521472392638
2026-08-06,3163.TWO,波若威,量價面,因子轉弱,0.0,-20.0,-20.0,2.0,12.0,710.0,True,1,671.0,-5.492957746478874,683.0,-3.8028169014084505,717.0,0.9859154929577465,736.0,3.6619718309859155
2026-08-06,3189.TW,景碩,籌碼面,因子轉弱,80.0,50.0,-30.0,48.0,50.0,853.0,True,1,823.0,-3.5169988276670576,842.0,-1.2895662368112544,851.0,-0.23446658851113714,851.0,-0.23446658851113714
2026-08-06,3231.TW,緯創,籌碼面,因子轉弱,80.0,50.0,-30.0,54.0,38.0,189.5,True,1,183.5,-3.16622691292876,191.0,0.79155672823219,197.0,3.95778364116095,180.0,-5.013192612137203
2026-08-06,3363.TWO,上詮,技術面,因子轉弱,5.0,-35.0,-40.0,2.0,-14.0,604.0,True,1,582.0,-3.642384105960265,606.0,0.33112582781456956,600.0,-0.6622516556291391,610.0,0.9933774834437087
2026-08-06,4908.TWO,前鼎,技術面,因子轉弱,20.0,-25.0,-45.0,8.0,-14.0,157.0,True,1,143.5,-8.598726114649681,151.0,-3.821656050955414,160.0,1.910828025477707,154.0,-1.910828025477707
2026-08-06,4908.TWO,前鼎,量價面,因子轉弱,0.0,-20.0,-20.0,8.0,-14.0,157.0,True,1,143.5,-8.598726114649681,151.0,-3.821656050955414,160.0,1.910828025477707,154.0,-1.910828025477707
2026-08-06,4979.TWO,華星光,技術面,因子轉弱,85.0,-5.0,-90.0,39.0,-2.0,474.0,False,,488.0,2.9535864978902953,510.0,7.59493670886076,564.0,18.9873417721519,570.0,20.253164556962027
2026-08-06,4979.TWO,華星光,量價面,因子轉弱,25.0,0.0,-25.0,39.0,-2.0,474.0,False,,488.0,2.9535864978902953,510.0,7.59493670886076,564.0,18.9873417721519,570.0,20.253164556962027
2026-08-06,5469.TW,瀚宇博,籌碼面,因子轉弱,15.0,-5.0,-20.0,4.0,6.0,70.5,False,,71.4,1.2765957446808591,75.9,7.659574468085115,76.9,9.078014184397171,71.6,1.5602836879432544
2026-08-06,6191.TW,精成科,籌碼面,因子轉弱,70.0,20.0,-50.0,26.0,6.0,84.9,False,,83.5,-1.648998822143705,86.1,1.4134275618374423,86.8,2.2379269729092948,82.6,-2.709069493521804
2026-08-06,6214.TW,精誠,技術面,因子轉弱,60.0,15.0,-45.0,44.0,14.0,145.5,False,,146.5,0.6872852233676976,143.0,-1.718213058419244,156.5,7.560137457044673,180.0,23.711340206185564
2026-08-06,6214.TW,精誠,籌碼面,因子轉弱,50.0,20.0,-30.0,44.0,14.0,145.5,False,,146.5,0.6872852233676976,143.0,-1.718213058419244,156.5,7.560137457044673,180.0,23.711340206185564
2026-08-06,6488.TWO,環球晶,技術面,因子轉弱,10.0,-45.0,-55.0,4.0,-18.0,872.0,False,,872.0,0.0,849.0,-2.637614678899083,1025.0,17.545871559633028,993.0,13.876146788990825
2026-08-06,7769.TW,鴻勁,籌碼面,因子轉弱,50.0,10.0,-40.0,28.0,22.0,6475.0,False,,6320.0,-2.393822393822394,6350.0,-1.9305019305019304,6770.0,4.555984555984556,6455.0,-0.3088803088803089
2026-08-06,8028.TW,昇陽半導體,籌碼面,因子轉弱,20.0,-75.0,-95.0,6.0,-28.0,274.5,True,1,254.0,-7.468123861566485,261.0,-4.918032786885246,267.5,-2.5500910746812386,247.0,-10.018214936247723
2026-08-06,8028.TW,昇陽半導體,量價面,因子轉弱,0.0,-20.0,-20.0,6.0,-28.0,274.5,True,1,254.0,-7.468123861566485,261.0,-4.918032786885246,267.5,-2.5500910746812386,247.0,-10.018214936247723
2026-08-06,9105.TW,泰金寶-DR,技術面,因子轉弱,5.0,-20.0,-25.0,14.0,4.0,8.18,False,,8.08,-1.222493887530558,8.27,1.1002444987775044,8.3,1.466992665036687,8.35,2.078239608801955
2026-08-07,00403A.TW,主動統一升級50,籌碼面,因子轉弱,60.0,30.0,-30.0,32.0,30.0,9.72,False,,9.9,1.851851851851849,10.1,3.9094650205761217,10.32,6.172839506172836,9.92,2.0576131687242727
2026-08-07,0056.TW,元大高股息,技術面,因子轉弱,45.0,20.0,-25.0,50.0,40.0,51.05,False,,52.45,2.7424094025465346,52.7,3.232125367286985,53.4,4.603330068560238,52.4,2.644466209598436
2026-08-07,00878.TW,國泰永續高股息,技術面,因子轉弱,55.0,20.0,-35.0,0.0,-14.0,32.81,False,,33.4,1.798232246266371,33.52,2.1639743980493775,33.87,3.2307223407497565,32.38,-1.3105760438890572
2026-08-07,1718.TW,中纖,技術面,因子轉弱,5.0,-20.0,-25.0,-20.0,-28.0,9.91,False,,10.25,3.430877901109988,11.2,13.017154389505542,10.95,10.494450050454079,10.7,7.971745711402615
2026-08-07,2027.TW,大成鋼,量價面,因子轉弱,25.0,0.0,-25.0,59.0,48.0,46.6,False,,47.3,1.502145922746772,46.85,0.5364806866952789,47.6,2.1459227467811157,50.3,7.93991416309012
2026-08-07,2303.TW,聯電,技術面,因子轉弱,20.0,-20.0,-40.0,-4.0,-30.0,116.0,False,,123.0,6.0344827586206895,123.0,6.0344827586206895,121.0,4.310344827586207,116.5,0.43103448275862066
2026-08-07,2308.TW,台達電,籌碼面,因子轉弱,-15.0,-75.0,-60.0,2.0,-22.0,1650.0,False,,1815.0,10.0,1790.0,8.484848484848486,1885.0,14.242424242424242,1750.0,6.0606060606060606
2026-08-07,2313.TW,華通,籌碼面,因子轉弱,80.0,50.0,-30.0,44.0,38.0,208.5,False,,215.0,3.117505995203837,209.0,0.2398081534772182,215.5,3.357314148681055,213.5,2.3980815347721824
2026-08-07,2317.TW,鴻海,技術面,因子轉弱,70.0,45.0,-25.0,60.0,30.0,260.0,True,10,264.5,1.7307692307692308,270.0,3.8461538461538463,259.5,-0.19230769230769232,245.5,-5.5769230769230775
2026-08-07,2317.TW,鴻海,籌碼面,因子轉弱,80.0,30.0,-50.0,60.0,30.0,260.0,True,10,264.5,1.7307692307692308,270.0,3.8461538461538463,259.5,-0.19230769230769232,245.5,-5.5769230769230775
2026-08-07,2324.TW,仁寶,技術面,因子轉弱,45.0,-20.0,-65.0,50.0,12.0,36.55,False,,36.3,-0.6839945280437757,39.9,9.165526675786598,43.2,18.19425444596445,38.95,6.566347469220263
2026-08-07,2324.TW,仁寶,籌碼面,因子轉弱,80.0,50.0,-30.0,50.0,12.0,36.55,False,,36.3,-0.6839945280437757,39.9,9.165526675786598,43.2,18.19425444596445,38.95,6.566347469220263
2026-08-07,2327.TW,國巨,技術面,因子轉弱,5.0,-20.0,-25.0,-20.0,-38.0,540.0,False,,573.0,6.111111111111111,602.0,11.481481481481481,622.0,15.185185185185185,554.0,2.5925925925925926
2026-08-07,2330.TW,台積電,籌碼面,因子轉弱,30.0,-35.0,-65.0,14.0,-6.0,2370.0,False,,2380.0,0.42194092827004215,2415.0,1.89873417721519,2395.0,1.0548523206751055,2410.0,1.6877637130801686
2026-08-07,2338.TW,光罩,技術面,因子轉弱,20.0,-20.0,-40.0,12.0,-26.0,38.9,False,,40.1,3.084832904884326,40.45,3.984575835475589,39.65,1.9280205655526992,38.25,-1.6709511568123356
2026-08-07,2338.TW,光罩,籌碼面,因子轉弱,10.0,-45.0,-55.0,12.0,-26.0,38.9,False,,40.1,3.084832904884326,40.45,3.984575835475589,39.65,1.9280205655526992,38.25,-1.6709511568123356
2026-08-07,2344.TW,華邦電,籌碼面,因子轉弱,50.0,-55.0,-105.0,32.0,0.0,163.5,False,,179.5,9.785932721712538,177.0,8.256880733944955,183.5,12.232415902140673,181.0,10.703363914373089
2026-08-07,2345.TW,智邦,技術面,因子轉弱,55.0,-10.0,-65.0,50.0,-26.0,2215.0,True,10,2165.0,-2.2573363431151243,2215.0,0.0,2300.0,3.837471783295711,2035.0,-8.126410835214447
2026-08-07,2345.TW,智邦,籌碼面,因子轉弱,70.0,-55.0,-125.0,50.0,-26.0,2215.0,True,10,2165.0,-2.2573363431151243,2215.0,0.0,2300.0,3.837471783295711,2035.0,-8.126410835214447
2026-08-07,2356.TW,英業達,技術面,因子轉弱,45.0,5.0,-40.0,50.0,22.0,64.0,False,,66.0,3.125,69.0,7.8125,69.9,9.218750000000009,65.7,2.6562500000000044
2026-08-07,2356.TW,英業達,籌碼面,因子轉弱,80.0,50.0,-30.0,50.0,22.0,64.0,False,,66.0,3.125,69.0,7.8125,69.9,9.218750000000009,65.7,2.6562500000000044
2026-08-07,2362.TW,藍天,技術面,因子轉弱,80.0,45.0,-35.0,61.0,42.0,50.5,True,1,46.8,-7.3267326732673315,48.9,-3.168316831683171,49.9,-1.188118811881191,47.35,-6.237623762376235
2026-08-07,2362.TW,藍天,量價面,因子轉弱,25.0,0.0,-25.0,61.0,42.0,50.5,True,1,46.8,-7.3267326732673315,48.9,-3.168316831683171,49.9,-1.188118811881191,47.35,-6.237623762376235
2026-08-07,2376.TW,技嘉,籌碼面,因子轉弱,60.0,30.0,-30.0,32.0,30.0,344.0,False,,349.5,1.5988372093023258,375.5,9.156976744186046,397.5,15.55232558139535,339.5,-1.308139534883721
2026-08-07,2382.TW,廣達,技術面,因子轉弱,-5.0,-45.0,-40.0,-32.0,-48.0,298.0,False,,313.5,5.201342281879195,325.5,9.228187919463087,327.5,9.899328859060402,321.5,7.885906040268456
2026-08-07,2383.TW,台光電,籌碼面,因子轉弱,-15.0,-55.0,-40.0,2.0,-14.0,5240.0,False,,5290.0,0.9541984732824428,5730.0,9.351145038167939,6165.0,17.65267175572519,5680.0,8.396946564885496
2026-08-07,2408.TW,南亞科,技術面,因子轉弱,55.0,20.0,-35.0,54.0,40.0,457.0,False,,502.0,9.846827133479213,482.5,5.579868708971554,512.0,12.035010940919037,528.0,15.536105032822759
2026-08-07,2421.TW,建準,量價面,因子轉弱,25.0,0.0,-25.0,63.0,46.0,151.5,True,5,149.5,-1.3201320132013201,150.5,-0.6600660066006601,146.0,-3.6303630363036308,142.5,-5.9405940594059405
2026-08-07,2454.TW,聯發科,技術面,因子轉弱,20.0,-20.0,-40.0,28.0,12.0,3900.0,False,,3960.0,1.5384615384615385,4015.0,2.9487179487179485,4210.0,7.948717948717948,3790.0,-2.8205128205128207
2026-08-07,2498.TW,宏達電,技術面,因子轉弱,20.0,-20.0,-40.0,32.0,0.0,39.9,False,,40.7,2.0050125313283313,40.5,1.503759398496244,40.5,1.503759398496244,40.95,2.6315789473684315
2026-08-07,2498.TW,宏達電,籌碼面,因子轉弱,60.0,20.0,-40.0,32.0,0.0,39.9,False,,40.7,2.0050125313283313,40.5,1.503759398496244,40.5,1.503759398496244,40.95,2.6315789473684315
2026-08-07,2540.TW,愛山林,技術面,因子轉弱,-5.0,-30.0,-25.0,2.0,-44.0,54.9,True,1,45.2,-17.66848816029143,44.5,-18.943533697632056,45.5,-17.122040072859743,47.55,-13.387978142076506
2026-08-07,2540.TW,愛山林,籌碼面,因子轉弱,10.0,-80.0,-90.0,2.0,-44.0,54.9,True,1,45.2,-17.66848816029143,44.5,-18.943533697632056,45.5,-17.122040072859743,47.55,-13.387978142076506
2026-08-07,2832.TW,台產,籌碼面,因子轉弱,20.0,-30.0,-50.0,10.0,-10.0,58.6,False,,58.5,-0.17064846416382495,58.5,-0.17064846416382495,58.7,0.17064846416382495,61.5,4.948805460750851
2026-08-07,3013.TW,晟銘電,籌碼面,因子轉弱,70.0,-60.0,-130.0,36.0,-12.0,85.1,False,,87.2,2.467685076380739,86.7,1.8801410105758032,85.3,0.23501762632197754,82.9,-2.5851938895417024
2026-08-07,3017.TW,奇鋐,技術面,因子轉弱,75.0,45.0,-30.0,67.0,50.0,2785.0,False,,2765.0,-0.718132854578097,2910.0,4.488330341113106,3235.0,16.15798922800718,2865.0,2.872531418312388
2026-08-07,3017.TW,奇鋐,量價面,因子轉弱,25.0,0.0,-25.0,67.0,50.0,2785.0,False,,2765.0,-0.718132854578097,2910.0,4.488330341113106,3235.0,16.15798922800718,2865.0,2.872531418312388
2026-08-07,3022.TW,威強電,技術面,因子轉弱,75.0,55.0,-20.0,67.0,54.0,103.0,True,5,113.0,9.70873786407767,105.5,2.4271844660194173,94.2,-8.543689320388346,90.2,-12.427184466019414
2026-08-07,3022.TW,威強電,量價面,因子轉弱,25.0,0.0,-25.0,67.0,54.0,103.0,True,5,113.0,9.70873786407767,105.5,2.4271844660194173,94.2,-8.543689320388346,90.2,-12.427184466019414
2026-08-07,3029.TW,零壹,籌碼面,因子轉弱,80.0,40.0,-40.0,54.0,34.0,109.5,False,,109.0,-0.45662100456621,108.5,-0.91324200913242,111.5,1.82648401826484,111.0,1.36986301369863
2026-08-07,3062.TW,建漢,技術面,因子轉弱,20.0,-20.0,-40.0,20.0,16.0,20.3,False,,20.9,2.955665024630531,21.3,4.926108374384236,21.3,4.926108374384236,20.55,1.231527093596059
2026-08-07,3081.TWO,聯亞,量價面,因子轉弱,0.0,-20.0,-20.0,-18.0,22.0,2305.0,False,,2535.0,9.97830802603037,2725.0,18.22125813449024,2540.0,10.195227765726681,2920.0,26.68112798264642
2026-08-07,3163.TWO,波若威,技術面,因子轉弱,40.0,15.0,-25.0,12.0,6.0,671.0,False,,706.0,5.216095380029806,718.0,7.004470938897168,702.0,4.619970193740686,783.0,16.691505216095383
2026-08-07,3189.TW,景碩,技術面,因子轉弱,75.0,20.0,-55.0,50.0,20.0,823.0,False,,836.0,1.5795868772782502,858.0,4.25273390036452,862.0,4.738760631834751,811.0,-1.4580801944106925
2026-08-07,3231.TW,緯創,技術面,因子轉弱,45.0,5.0,-40.0,38.0,34.0,183.5,True,10,193.0,5.177111716621254,193.5,5.449591280653951,193.5,5.449591280653951,175.5,-4.35967302452316
2026-08-07,3324.TWO,雙鴻,技術面,因子轉弱,90.0,55.0,-35.0,41.0,22.0,1015.0,True,10,1010.0,-0.49261083743842365,1050.0,3.4482758620689653,1010.0,-0.49261083743842365,969.0,-4.532019704433497
2026-08-07,3324.TWO,雙鴻,量價面,因子轉弱,25.0,0.0,-25.0,41.0,22.0,1015.0,True,10,1010.0,-0.49261083743842365,1050.0,3.4482758620689653,1010.0,-0.49261083743842365,969.0,-4.532019704433497
2026-08-07,3481.TW,群創,技術面,因子轉弱,20.0,-20.0,-40.0,-22.0,-38.0,47.55,True,10,52.3,9.989484752891693,50.4,5.993690851735019,50.1,5.362776025236602,46.05,-3.154574132492114
2026-08-07,3673.TW,TPK-KY,籌碼面,因子轉弱,60.0,30.0,-30.0,32.0,20.0,60.4,False,,63.3,4.801324503311256,63.2,4.63576158940398,61.6,1.9867549668874218,63.3,4.801324503311256
2026-08-07,3711.TW,日月光投控,技術面,因子轉弱,20.0,-20.0,-40.0,-14.0,-30.0,585.0,False,,630.0,7.6923076923076925,621.0,6.153846153846154,616.0,5.299145299145299,587.0,0.3418803418803419
2026-08-07,4903.TWO,聯光通,技術面,因子轉弱,70.0,5.0,-65.0,28.0,2.0,38.3,True,5,41.8,9.138381201044387,37.4,-2.3498694516971246,36.9,-3.6553524804177515,34.7,-9.399477806788498
2026-08-07,4931.TWO,新盛力,量價面,因子轉弱,0.0,-20.0,-20.0,2.0,22.0,216.5,False,,238.0,9.930715935334874,267.0,23.325635103926096,263.0,21.478060046189377,280.0,29.330254041570434
2026-08-07,4960.TW,誠美材,籌碼面,因子轉弱,20.0,-50.0,-70.0,16.0,-12.0,20.45,False,,20.9,2.200488997555009,22.75,11.246943765281177,21.85,6.84596577017116,20.9,2.200488997555009
2026-08-07,5289.TWO,宜鼎,技術面,因子轉弱,80.0,35.0,-45.0,32.0,14.0,1500.0,False,,1465.0,-2.3333333333333335,1520.0,1.3333333333333335,1475.0,-1.6666666666666667,1560.0,4.0
2026-08-07,5530.TWO,龍巖,技術面,因子轉弱,-15.0,-55.0,-40.0,-6.0,-22.0,47.3,False,,49.85,5.391120507399586,49.35,4.334038054968297,50.8,7.399577167019028,50.5,6.765327695560259
2026-08-07,6214.TW,精誠,籌碼面,因子轉弱,20.0,-75.0,-95.0,14.0,-28.0,146.5,False,,144.5,-1.3651877133105803,142.5,-2.7303754266211606,172.0,17.4061433447099,179.5,22.525597269624573
2026-08-07,6230.TW,超眾,技術面,因子轉弱,5.0,-35.0,-40.0,2.0,-2.0,109.0,False,,110.0,0.9174311926605505,108.5,-0.45871559633027525,109.0,0.0,107.5,-1.3761467889908259
2026-08-07,6269.TW,台郡,技術面,因子轉弱,75.0,40.0,-35.0,62.0,45.0,66.6,True,10,65.9,-1.051051051051034,66.9,0.45045045045046755,65.7,-1.3513513513513387,62.4,-6.3063063063063005
2026-08-07,6274.TWO,台燿,技術面,因子轉弱,65.0,30.0,-35.0,26.0,12.0,1440.0,False,,1460.0,1.3888888888888888,1600.0,11.11111111111111,1675.0,16.319444444444446,1495.0,3.8194444444444446
2026-08-07,6285.TW,啟碁,技術面,因子轉弱,30.0,5.0,-25.0,32.0,-30.0,233.0,False,,256.0,9.871244635193133,251.5,7.939914163090128,245.0,5.150214592274678,235.5,1.0729613733905579
2026-08-07,6285.TW,啟碁,籌碼面,因子轉弱,50.0,-80.0,-130.0,32.0,-30.0,233.0,False,,256.0,9.871244635193133,251.5,7.939914163090128,245.0,5.150214592274678,235.5,1.0729613733905579
2026-08-07,6669.TW,緯穎,技術面,因子轉弱,45.0,5.0,-40.0,42.0,14.0,6100.0,False,,6010.0,-1.4754098360655739,6025.0,-1.2295081967213115,6435.0,5.491803278688525,6255.0,2.540983606557377
2026-08-07,6669.TW,緯穎,籌碼面,因子轉弱,60.0,30.0,-30.0,42.0,14.0,6100.0,False,,6010.0,-1.4754098360655739,6025.0,-1.2295081967213115,6435.0,5.491803278688525,6255.0,2.540983606557377
2026-08-07,6770.TW,力積電,技術面,因子轉弱,40.0,20.0,-20.0,32.0,-6.0,65.5,False,,67.6,3.2061068702289988,73.7,12.519083969465653,78.4,19.69465648854963,68.4,4.427480916030543
2026-08-07,6770.TW,力積電,籌碼面,因子轉弱,40.0,-35.0,-75.0,32.0,-6.0,65.5,False,,67.6,3.2061068702289988,73.7,12.519083969465653,78.4,19.69465648854963,68.4,4.427480916030543
2026-08-07,7769.TW,鴻勁,技術面,因子轉弱,45.0,-20.0,-65.0,22.0,0.0,6320.0,False,,6280.0,-0.6329113924050633,6480.0,2.5316455696202533,6590.0,4.272151898734177,6405.0,1.3449367088607596
2026-08-07,8028.TW,昇陽半導體,技術面,因子轉弱,15.0,-5.0,-20.0,-28.0,-32.0,254.0,True,10,264.0,3.937007874015748,265.0,4.330708661417323,263.0,3.543307086614173,242.5,-4.52755905511811
2026-08-07,8039.TW,台虹,技術面,因子轉弱,80.0,20.0,-60.0,64.0,28.0,237.5,True,1,226.0,-4.842105263157895,227.0,-4.421052631578947,272.5,14.736842105263156,282.0,18.736842105263158
2026-08-07,8039.TW,台虹,籌碼面,因子轉弱,80.0,50.0,-30.0,64.0,28.0,237.5,True,1,226.0,-4.842105263157895,227.0,-4.421052631578947,272.5,14.736842105263156,282.0,18.736842105263158
2026-08-07,8046.TW,南電,籌碼面,因子轉弱,10.0,-70.0,-80.0,12.0,-20.0,1080.0,False,,1130.0,4.62962962962963,1265.0,17.12962962962963,1305.0,20.833333333333336,1135.0,5.092592592592593
2026-08-10,00403A.TW,主動統一升級50,技術面,因子轉弱,45.0,20.0,-25.0,30.0,32.0,9.9,False,,9.94,0.40404040404039543,10.3,4.040404040404043,10.4,5.05050505050505,9.87,-0.30303030303031453
2026-08-10,1714.TW,和桐,技術面,因子轉弱,60.0,30.0,-30.0,2.0,-10.0,16.65,False,,16.65,0.0,16.7,0.3003003003003046,17.15,3.0030030030030033,16.65,0.0
2026-08-10,2313.TW,華通,技術面,因子轉弱,45.0,20.0,-25.0,38.0,20.0,215.0,False,,211.5,-1.627906976744186,212.0,-1.3953488372093024,211.0,-1.8604651162790697,212.5,-1.1627906976744187
2026-08-10,2344.TW,華邦電,技術面,因子轉弱,55.0,35.0,-20.0,0.0,2.0,179.5,False,,178.0,-0.8356545961002786,177.0,-1.392757660167131,181.5,1.1142061281337048,177.0,-1.392757660167131
2026-08-10,2362.TW,藍天,技術面,因子轉弱,45.0,15.0,-30.0,42.0,18.0,46.8,False,,47.3,1.0683760683760684,47.9,2.3504273504273536,48.5,3.632478632478639,48.85,4.38034188034189
2026-08-10,2362.TW,藍天,籌碼面,因子轉弱,60.0,30.0,-30.0,42.0,18.0,46.8,False,,47.3,1.0683760683760684,47.9,2.3504273504273536,48.5,3.632478632478639,48.85,4.38034188034189
2026-08-10,2368.TW,金像電,技術面,因子轉弱,55.0,-10.0,-65.0,-8.0,-34.0,926.0,False,,964.0,4.103671706263499,1010.0,9.071274298056156,1010.0,9.071274298056156,948.0,2.375809935205184
2026-08-10,2374.TW,佳能,技術面,因子轉弱,55.0,30.0,-25.0,42.0,36.0,72.4,True,10,71.1,-1.795580110497253,70.9,-2.071823204419889,70.9,-2.071823204419889,67.1,-7.320441988950291
2026-08-10,2376.TW,技嘉,技術面,因子轉弱,45.0,20.0,-25.0,30.0,32.0,349.5,False,,350.5,0.28612303290414876,393.5,12.589413447782546,358.0,2.432045779685265,341.0,-2.432045779685265
2026-08-10,2421.TW,建準,籌碼面,因子轉弱,60.0,30.0,-30.0,46.0,30.0,149.5,True,10,151.5,1.3377926421404682,149.5,0.0,148.0,-1.0033444816053512,143.5,-4.013377926421405
2026-08-10,2451.TW,創見,籌碼面,因子轉弱,60.0,30.0,-30.0,48.0,36.0,295.5,True,1,286.0,-3.2148900169204735,302.0,2.199661590524535,290.0,-1.8612521150592216,316.0,6.937394247038917
2026-08-10,2606.TW,裕民,技術面,因子轉弱,90.0,60.0,-30.0,65.0,36.0,66.8,False,,66.4,-0.5988023952095681,65.5,-1.9461077844311336,68.3,2.245508982035928,72.3,8.233532934131736
2026-08-10,2606.TW,裕民,籌碼面,因子轉弱,60.0,30.0,-30.0,65.0,36.0,66.8,False,,66.4,-0.5988023952095681,65.5,-1.9461077844311336,68.3,2.245508982035928,72.3,8.233532934131736
2026-08-10,2606.TW,裕民,量價面,因子轉弱,25.0,0.0,-25.0,65.0,36.0,66.8,False,,66.4,-0.5988023952095681,65.5,-1.9461077844311336,68.3,2.245508982035928,72.3,8.233532934131736
2026-08-10,2610.TW,華航,技術面,因子轉弱,60.0,15.0,-45.0,56.0,-30.0,20.45,False,,20.25,-0.9779951100244464,20.1,-1.7114914425427767,20.25,-0.9779951100244464,20.5,0.24449877750611593
2026-08-10,2610.TW,華航,籌碼面,因子轉弱,80.0,-80.0,-160.0,56.0,-30.0,20.45,False,,20.25,-0.9779951100244464,20.1,-1.7114914425427767,20.25,-0.9779951100244464,20.5,0.24449877750611593
2026-08-10,2610.TW,華航,量價面,因子轉弱,0.0,-20.0,-20.0,56.0,-30.0,20.45,False,,20.25,-0.9779951100244464,20.1,-1.7114914425427767,20.25,-0.9779951100244464,20.5,0.24449877750611593
2026-08-10,2618.TW,長榮航,技術面,因子轉弱,60.0,15.0,-45.0,48.0,18.0,42.65,True,3,41.75,-2.110199296600231,41.0,-3.86869871043376,41.8,-1.9929660023446694,42.65,0.0
2026-08-10,2618.TW,長榮航,籌碼面,因子轉弱,60.0,30.0,-30.0,48.0,18.0,42.65,True,3,41.75,-2.110199296600231,41.0,-3.86869871043376,41.8,-1.9929660023446694,42.65,0.0
2026-08-10,2881.TW,富邦金,籌碼面,因子轉弱,80.0,50.0,-30.0,34.0,38.0,128.5,False,,128.0,-0.38910505836575876,128.5,0.0,125.5,-2.3346303501945527,132.0,2.7237354085603114
2026-08-10,3017.TW,奇鋐,籌碼面,因子轉弱,80.0,50.0,-30.0,50.0,38.0,2765.0,False,,2760.0,-0.18083182640144665,3200.0,15.732368896925857,3150.0,13.924050632911392,2855.0,3.25497287522604
2026-08-10,3035.TW,智原,籌碼面,因子轉弱,60.0,30.0,-30.0,22.0,24.0,178.0,True,10,176.0,-1.1235955056179776,177.0,-0.5617977528089888,177.0,-0.5617977528089888,170.0,-4.49438202247191
2026-08-10,3105.TWO,穩懋,技術面,因子轉弱,55.0,30.0,-25.0,22.0,12.0,385.5,True,1,371.0,-3.761348897535668,387.0,0.38910505836575876,398.0,3.24254215304799,355.0,-7.911802853437094
2026-08-10,4931.TWO,新盛力,技術面,因子轉弱,65.0,45.0,-20.0,22.0,18.0,238.0,False,,255.0,7.142857142857142,261.0,9.663865546218489,269.5,13.23529411764706,252.0,5.88235294117647
2026-08-10,4958.TW,臻鼎-KY,技術面,因子轉弱,20.0,-20.0,-40.0,-14.0,-30.0,470.5,True,10,490.0,4.1445270988310305,477.5,1.487778958554729,503.0,6.9075451647183845,435.5,-7.438894792773645
2026-08-10,4966.TWO,譜瑞-KY,技術面,因子轉弱,30.0,5.0,-25.0,12.0,2.0,600.0,True,5,595.0,-0.8333333333333334,586.0,-2.3333333333333335,565.0,-5.833333333333333,557.0,-7.166666666666667
2026-08-10,4967.TW,十銓,籌碼面,因子轉弱,60.0,30.0,-30.0,46.0,30.0,280.5,True,5,274.5,-2.13903743315508,280.5,0.0,263.5,-6.0606060606060606,278.0,-0.8912655971479502
2026-08-10,5289.TWO,宜鼎,技術面,因子轉弱,35.0,5.0,-30.0,14.0,2.0,1465.0,False,,1470.0,0.3412969283276451,1535.0,4.778156996587031,1530.0,4.436860068259386,1570.0,7.167235494880546
2026-08-10,6269.TW,台郡,技術面,因子轉弱,40.0,20.0,-20.0,45.0,20.0,65.9,True,10,67.4,2.2761760242792106,65.0,-1.365705614567535,66.5,0.9104704097116757,61.9,-6.069802731411239
2026-08-10,6269.TW,台郡,籌碼面,因子轉弱,60.0,30.0,-30.0,45.0,20.0,65.9,True,10,67.4,2.2761760242792106,65.0,-1.365705614567535,66.5,0.9104704097116757,61.9,-6.069802731411239
2026-08-10,6269.TW,台郡,量價面,因子轉弱,25.0,0.0,-25.0,45.0,20.0,65.9,True,10,67.4,2.2761760242792106,65.0,-1.365705614567535,66.5,0.9104704097116757,61.9,-6.069802731411239
2026-08-10,7769.TW,鴻勁,籌碼面,因子轉弱,20.0,-80.0,-100.0,0.0,-36.0,6280.0,False,,6350.0,1.1146496815286624,6770.0,7.802547770700636,6750.0,7.484076433121019,6255.0,-0.3980891719745223
2026-08-10,8299.TWO,群聯,技術面,因子轉弱,55.0,20.0,-35.0,22.0,8.0,2040.0,False,,2090.0,2.450980392156863,2280.0,11.76470588235294,2085.0,2.2058823529411766,2135.0,4.6568627450980395
2026-08-10,8358.TWO,金居,技術面,因子轉弱,30.0,-10.0,-40.0,12.0,-4.0,346.0,False,,380.5,9.971098265895954,421.0,21.67630057803468,419.5,21.242774566473987,417.0,20.520231213872833
2026-08-11,1326.TW,台化,技術面,因子轉弱,20.0,-30.0,-50.0,-14.0,-42.0,58.2,False,,59.6,2.405498281786939,60.5,3.951890034364256,59.4,2.0618556701030855,58.0,-0.3436426116838536
2026-08-11,1409.TW,新纖,量價面,因子轉弱,0.0,-20.0,-20.0,-14.0,0.0,24.25,False,,24.8,2.268041237113405,25.25,4.123711340206185,24.35,0.41237113402062436,24.45,0.8247422680412342
2026-08-11,1802.TW,台玻,技術面,因子轉弱,45.0,20.0,-25.0,6.0,-12.0,55.9,False,,57.6,3.0411449016100227,57.9,3.5778175313059033,56.5,1.0733452593917736,58.0,3.756708407871201
2026-08-11,2002.TW,中鋼,技術面,因子轉弱,90.0,70.0,-20.0,73.0,52.0,19.75,True,3,19.75,0.0,19.0,-3.79746835443038,18.95,-4.050632911392409,19.05,-3.544303797468351
2026-08-11,2002.TW,中鋼,量價面,因子轉弱,25.0,0.0,-25.0,73.0,52.0,19.75,True,3,19.75,0.0,19.0,-3.79746835443038,18.95,-4.050632911392409,19.05,-3.544303797468351
2026-08-11,2027.TW,大成鋼,籌碼面,因子轉弱,80.0,50.0,-30.0,56.0,38.0,46.45,False,,46.85,0.8611410118406859,47.6,2.4757804090419775,49.7,6.996770721205597,50.6,8.934337997847145
2026-08-11,2308.TW,台達電,籌碼面,因子轉弱,60.0,-55.0,-115.0,32.0,-10.0,1805.0,True,10,1790.0,-0.8310249307479225,1885.0,4.43213296398892,1820.0,0.8310249307479225,1710.0,-5.263157894736842
2026-08-11,2313.TW,華通,技術面,因子轉弱,20.0,-20.0,-40.0,20.0,0.0,211.5,False,,209.0,-1.1820330969267139,215.5,1.8912529550827424,211.0,-0.2364066193853428,217.5,2.8368794326241136
2026-08-11,2317.TW,鴻海,籌碼面,因子轉弱,60.0,30.0,-30.0,48.0,36.0,263.0,True,5,270.0,2.6615969581749046,259.5,-1.3307984790874523,249.0,-5.323193916349809,243.0,-7.604562737642586
2026-08-11,2329.TW,華泰,籌碼面,因子轉弱,80.0,50.0,-30.0,40.0,38.0,44.5,True,5,44.7,0.4494382022471974,45.1,1.348314606741576,43.1,-3.1460674157303337,43.35,-2.584269662921345
2026-08-11,2331.TW,精英,技術面,因子轉弱,45.0,-10.0,-55.0,42.0,8.0,19.2,False,,19.3,0.5208333333333408,20.7,7.8125,20.25,5.468750000000004,19.55,1.822916666666674
2026-08-11,2331.TW,精英,籌碼面,因子轉弱,60.0,30.0,-30.0,42.0,8.0,19.2,False,,19.3,0.5208333333333408,20.7,7.8125,20.25,5.468750000000004,19.55,1.822916666666674
2026-08-11,2337.TW,旺宏,技術面,因子轉弱,55.0,30.0,-25.0,16.0,36.0,132.5,True,5,136.5,3.018867924528302,137.0,3.3962264150943398,122.0,-7.9245283018867925,122.0,-7.9245283018867925
2026-08-11,2356.TW,英業達,技術面,因子轉弱,45.0,5.0,-40.0,50.0,14.0,65.1,False,,69.0,5.990783410138258,69.9,7.3732718894009395,64.9,-0.3072196620583543,65.4,0.46082949308757515
2026-08-11,2356.TW,英業達,籌碼面,因子轉弱,80.0,30.0,-50.0,50.0,14.0,65.1,False,,69.0,5.990783410138258,69.9,7.3732718894009395,64.9,-0.3072196620583543,65.4,0.46082949308757515
2026-08-11,2374.TW,佳能,籌碼面,因子轉弱,60.0,30.0,-30.0,36.0,24.0,71.1,True,10,71.5,0.5625879043600643,70.5,-0.8438818565400765,69.3,-2.5316455696202493,66.9,-5.907172995780575
2026-08-11,2401.TW,凌陽,技術面,因子轉弱,45.0,-20.0,-65.0,30.0,0.0,27.4,True,5,27.7,1.0948905109489078,26.8,-2.1897810218978027,25.35,-7.481751824817508,25.15,-8.211678832116789
2026-08-11,2451.TW,創見,技術面,因子轉弱,60.0,5.0,-55.0,36.0,14.0,286.0,False,,294.5,2.972027972027972,292.5,2.272727272727273,280.0,-2.097902097902098,299.0,4.545454545454546
2026-08-11,2485.TW,兆赫,技術面,因子轉弱,55.0,20.0,-35.0,10.0,-24.0,42.95,True,5,44.0,2.4447031431897486,43.0,0.11641443538998174,40.6,-5.471478463329456,41.15,-4.19091967403959
2026-08-11,2485.TW,兆赫,籌碼面,因子轉弱,-30.0,-80.0,-50.0,10.0,-24.0,42.95,True,5,44.0,2.4447031431897486,43.0,0.11641443538998174,40.6,-5.471478463329456,41.15,-4.19091967403959
2026-08-11,2498.TW,宏達電,籌碼面,因子轉弱,60.0,30.0,-30.0,32.0,20.0,40.5,False,,40.5,0.0,40.5,0.0,39.5,-2.4691358024691357,40.5,0.0
2026-08-11,2603.TW,長榮,量價面,因子轉弱,25.0,0.0,-25.0,69.0,60.0,218.0,False,,214.5,-1.6055045871559634,219.0,0.45871559633027525,238.0,9.174311926605505,246.0,12.844036697247708
2026-08-11,2605.TW,新興,技術面,因子轉弱,75.0,45.0,-30.0,54.0,42.0,32.75,False,,32.55,-0.610687022900772,32.35,-1.2213740458015223,35.2,7.48091603053436,36.7,12.061068702290086
2026-08-11,2610.TW,華航,技術面,因子轉弱,15.0,-20.0,-35.0,-30.0,-30.0,20.25,False,,20.25,0.0,19.9,-1.7283950617284023,20.1,-0.7407407407407337,20.4,0.7407407407407337
2026-08-11,2731.TW,雄獅,技術面,因子轉弱,-5.0,-30.0,-25.0,-14.0,-42.0,145.5,False,,145.5,0.0,143.5,-1.3745704467353952,142.0,-2.405498281786942,145.5,0.0
2026-08-11,2731.TW,雄獅,籌碼面,因子轉弱,-30.0,-75.0,-45.0,-14.0,-42.0,145.5,False,,145.5,0.0,143.5,-1.3745704467353952,142.0,-2.405498281786942,145.5,0.0
2026-08-11,2832.TW,台產,技術面,因子轉弱,45.0,-30.0,-75.0,2.0,-12.0,58.2,False,,58.5,0.5154639175257684,58.7,0.8591065292096219,59.1,1.546391752577317,60.5,3.951890034364256
2026-08-11,2882.TW,國泰金,技術面,因子轉弱,60.0,15.0,-45.0,44.0,18.0,99.6,False,,99.7,0.10040160642571137,101.5,1.9076305220883591,99.2,-0.4016064257028027,103.0,3.413654618473901
2026-08-11,2886.TW,兆豐金,技術面,因子轉弱,20.0,-10.0,-30.0,-14.0,-26.0,49.4,True,3,48.7,-1.4170040485829873,47.35,-4.149797570850197,46.9,-5.060728744939271,47.0,-4.858299595141697
2026-08-11,3017.TW,奇鋐,技術面,因子轉弱,45.0,5.0,-40.0,38.0,34.0,2760.0,False,,2910.0,5.434782608695652,3235.0,17.21014492753623,3035.0,9.96376811594203,2950.0,6.884057971014493
2026-08-11,3022.TW,威強電,技術面,因子轉弱,80.0,55.0,-25.0,64.0,54.0,108.0,True,3,105.5,-2.314814814814815,94.2,-12.777777777777773,92.8,-14.074074074074078,93.0,-13.88888888888889
2026-08-11,3029.TW,零壹,技術面,因子轉弱,45.0,5.0,-40.0,30.0,10.0,108.0,False,,108.5,0.4629629629629629,111.5,3.2407407407407405,107.5,-0.4629629629629629,110.5,2.314814814814815
2026-08-11,3081.TWO,聯亞,技術面,因子轉弱,70.0,45.0,-25.0,28.0,18.0,2480.0,False,,2725.0,9.879032258064516,2540.0,2.4193548387096775,2925.0,17.943548387096776,2960.0,19.35483870967742
2026-08-11,3105.TWO,穩懋,技術面,因子轉弱,30.0,-20.0,-50.0,12.0,-8.0,371.0,False,,400.0,7.816711590296496,378.0,1.8867924528301887,374.5,0.9433962264150944,379.0,2.15633423180593
2026-08-11,3163.TWO,波若威,技術面,因子轉弱,20.0,-20.0,-40.0,8.0,-8.0,683.0,False,,718.0,5.124450951683748,702.0,2.781844802342606,711.0,4.099560761346998,770.0,12.73792093704246
2026-08-11,3260.TWO,威剛,技術面,因子轉弱,45.0,5.0,-40.0,18.0,2.0,405.5,True,5,409.5,0.9864364981504316,402.0,-0.8631319358816275,387.0,-4.562268803945746,418.5,3.2059186189889024
2026-08-11,3363.TWO,上詮,技術面,因子轉弱,45.0,-10.0,-55.0,18.0,-4.0,606.0,True,3,630.0,3.9603960396039604,586.0,-3.3003300330033,586.0,-3.3003300330033,623.0,2.8052805280528053
2026-08-11,3481.TW,群創,籌碼面,因子轉弱,-35.0,-75.0,-40.0,-6.0,-8.0,50.1,True,10,50.4,0.5988023952095751,50.1,0.0,49.5,-1.1976047904191645,46.8,-6.586826347305398
2026-08-11,3673.TW,TPK-KY,籌碼面,因子轉弱,60.0,0.0,-60.0,36.0,18.0,62.9,True,5,63.2,0.476947535771072,61.6,-2.0667726550079446,60.2,-4.29252782193958,66.0,4.928457869634342
2026-08-11,4903.TWO,聯光通,技術面,因子轉弱,60.0,15.0,-45.0,24.0,6.0,37.65,True,5,37.4,-0.6640106241699867,36.9,-1.9920318725099602,34.55,-8.233731739707839,36.0,-4.3824701195219085
2026-08-11,4960.TW,誠美材,籌碼面,因子轉弱,50.0,-10.0,-60.0,28.0,-2.0,20.7,False,,22.75,9.90338164251208,21.85,5.555555555555566,20.5,-0.9661835748792237,21.2,2.4154589371980677
2026-08-11,4966.TWO,譜瑞-KY,技術面,因子轉弱,5.0,-20.0,-25.0,2.0,-8.0,595.0,True,3,591.0,-0.6722689075630253,570.0,-4.201680672268908,565.0,-5.042016806722689,556.0,-6.5546218487394965
2026-08-11,4967.TW,十銓,技術面,因子轉弱,45.0,5.0,-40.0,30.0,14.0,274.5,True,5,279.5,1.8214936247723135,275.0,0.18214936247723132,252.0,-8.19672131147541,272.5,-0.7285974499089253
2026-08-11,4979.TWO,華星光,技術面,因子轉弱,85.0,65.0,-20.0,39.0,22.0,510.0,False,,561.0,10.0,522.0,2.3529411764705883,528.0,3.5294117647058822,601.0,17.84313725490196
2026-08-11,4979.TWO,華星光,量價面,因子轉弱,25.0,-20.0,-45.0,39.0,22.0,510.0,False,,561.0,10.0,522.0,2.3529411764705883,528.0,3.5294117647058822,601.0,17.84313725490196
2026-08-11,5469.TW,瀚宇博,技術面,因子轉弱,60.0,35.0,-25.0,48.0,26.0,75.9,True,10,76.7,1.0540184453227894,74.1,-2.3715415019762993,74.0,-2.503293807641641,71.4,-5.928853754940711
2026-08-11,5469.TW,瀚宇博,籌碼面,因子轉弱,60.0,30.0,-30.0,48.0,26.0,75.9,True,10,76.7,1.0540184453227894,74.1,-2.3715415019762993,74.0,-2.503293807641641,71.4,-5.928853754940711
2026-08-11,6191.TW,精成科,籌碼面,因子轉弱,60.0,30.0,-30.0,36.0,20.0,86.1,True,10,87.1,1.1614401858304297,85.8,-0.3484320557491256,85.4,-0.8130081300812877,80.9,-6.039488966318221
2026-08-11,6214.TW,精誠,技術面,因子轉弱,5.0,-20.0,-25.0,-38.0,-48.0,143.0,False,,142.5,-0.34965034965034963,172.0,20.27972027972028,176.0,23.076923076923077,181.5,26.923076923076923
2026-08-11,6230.TW,超眾,籌碼面,因子轉弱,30.0,0.0,-30.0,10.0,-8.0,109.5,False,,108.5,-0.91324200913242,109.0,-0.45662100456621,108.0,-1.36986301369863,106.5,-2.73972602739726
2026-08-11,6239.TW,力成,籌碼面,因子轉弱,-15.0,-55.0,-40.0,2.0,2.0,282.5,True,5,281.5,-0.35398230088495575,278.0,-1.592920353982301,265.5,-6.017699115044247,273.5,-3.185840707964602
2026-08-11,6275.TWO,元山,技術面,因子轉弱,45.0,-20.0,-65.0,18.0,-8.0,43.8,False,,44.6,1.82648401826485,43.65,-0.3424657534246543,43.9,0.22831050228310826,44.35,1.2557077625570874
2026-08-11,6426.TW,統新,量價面,因子轉弱,25.0,0.0,-25.0,27.0,14.0,218.0,False,,222.0,1.834862385321101,219.0,0.45871559633027525,244.0,11.926605504587156,255.0,16.972477064220186
2026-08-11,6669.TW,緯穎,籌碼面,因子轉弱,20.0,-60.0,-80.0,10.0,-18.0,5930.0,False,,6025.0,1.6020236087689714,6435.0,8.51602023608769,6400.0,7.925801011804384,6440.0,8.600337268128163
2026-08-11,6770.TW,力積電,技術面,因子轉弱,45.0,20.0,-25.0,38.0,28.0,67.0,False,,73.7,10.000000000000005,78.4,17.01492537313434,69.7,4.029850746268661,69.0,2.9850746268656714
2026-08-11,8039.TW,台虹,技術面,因子轉弱,35.0,-20.0,-55.0,34.0,12.0,216.0,False,,227.0,5.092592592592593,272.5,26.15740740740741,277.5,28.47222222222222,291.5,34.9537037037037
2026-08-11,9105.TW,泰金寶-DR,籌碼面,因子轉弱,60.0,-30.0,-90.0,32.0,0.0,8.27,False,,8.33,0.7255139056831983,8.61,4.111245465538088,8.42,1.813784764207985,8.3,0.36275695284160986
2026-08-12,1303.TW,南亞,技術面,因子轉弱,55.0,20.0,-35.0,10.0,-14.0,189.0,False,,189.0,0.0,200.5,6.084656084656085,187.5,-0.7936507936507936,207.0,9.523809523809524
2026-08-12,1409.TW,新纖,技術面,因子轉弱,65.0,30.0,-35.0,0.0,0.0,24.8,False,,25.15,1.4112903225806364,24.4,-1.6129032258064602,24.1,-2.8225806451612874,24.85,0.2016129032258093
2026-08-12,2313.TW,華通,籌碼面,因子轉弱,20.0,-80.0,-100.0,0.0,-40.0,209.0,False,,212.0,1.4354066985645932,211.0,0.9569377990430622,207.5,-0.7177033492822966,222.0,6.220095693779904
2026-08-12,2329.TW,華泰,技術面,因子轉弱,45.0,20.0,-25.0,38.0,40.0,44.7,True,5,44.6,-0.22371364653244163,44.2,-1.1185682326621922,42.7,-4.474272930648769,44.15,-1.230425055928421
2026-08-12,2344.TW,華邦電,籌碼面,因子轉弱,80.0,-50.0,-130.0,50.0,2.0,177.0,True,5,177.0,0.0,181.5,2.5423728813559325,168.0,-5.084745762711865,181.5,2.5423728813559325
2026-08-12,2401.TW,凌陽,籌碼面,因子轉弱,20.0,-90.0,-110.0,0.0,-24.0,27.7,True,3,27.2,-1.8050541516245486,26.65,-3.7906137184115547,25.7,-7.2202166064981945,25.65,-7.400722021660652
2026-08-12,2408.TW,南亞科,籌碼面,因子轉弱,80.0,50.0,-30.0,54.0,38.0,482.5,False,,514.0,6.528497409326425,524.0,8.60103626943005,481.0,-0.31088082901554404,517.0,7.1502590673575135
2026-08-12,2409.TW,友達,技術面,因子轉弱,60.0,20.0,-40.0,2.0,-14.0,26.25,False,,25.75,-1.9047619047619049,27.25,3.8095238095238098,26.15,-0.38095238095238637,25.5,-2.857142857142857
2026-08-12,2421.TW,建準,技術面,因子轉弱,45.0,5.0,-40.0,42.0,26.0,150.5,True,5,149.5,-0.6644518272425249,148.0,-1.6611295681063125,145.0,-3.6544850498338874,151.5,0.6644518272425249
2026-08-12,2603.TW,長榮,籌碼面,因子轉弱,80.0,50.0,-30.0,60.0,42.0,214.5,False,,215.5,0.4662004662004662,231.5,7.925407925407925,240.5,12.121212121212121,231.0,7.6923076923076925
2026-08-12,2605.TW,新興,技術面,因子轉弱,45.0,5.0,-40.0,42.0,14.0,32.55,False,,32.3,-0.7680491551459294,32.9,1.0752688172043054,36.75,12.903225806451623,34.85,7.066052227342563
2026-08-12,2605.TW,新興,籌碼面,因子轉弱,60.0,30.0,-30.0,42.0,14.0,32.55,False,,32.3,-0.7680491551459294,32.9,1.0752688172043054,36.75,12.903225806451623,34.85,7.066052227342563
2026-08-12,2609.TW,陽明,籌碼面,因子轉弱,80.0,50.0,-30.0,60.0,44.0,51.7,False,,51.4,-0.5802707930367587,54.7,5.802707930367505,59.0,14.119922630560922,57.6,11.411992263056089
2026-08-12,2610.TW,華航,技術面,因子轉弱,-20.0,-55.0,-35.0,-30.0,-44.0,20.25,False,,20.1,-0.7407407407407337,20.25,0.0,19.9,-1.7283950617284023,20.8,2.716049382716053
2026-08-12,2618.TW,長榮航,技術面,因子轉弱,5.0,-20.0,-25.0,22.0,12.0,42.15,False,,41.0,-2.7283511269276364,41.8,-0.8303677342823285,41.6,-1.304863582443647,43.0,2.01660735468565
2026-08-12,2881.TW,富邦金,技術面,因子轉弱,45.0,-20.0,-65.0,42.0,-20.0,127.0,False,,128.5,1.1811023622047243,125.5,-1.1811023622047243,128.5,1.1811023622047243,138.5,9.05511811023622
2026-08-12,2881.TW,富邦金,籌碼面,因子轉弱,60.0,-30.0,-90.0,42.0,-20.0,127.0,False,,128.5,1.1811023622047243,125.5,-1.1811023622047243,128.5,1.1811023622047243,138.5,9.05511811023622
2026-08-12,2892.TW,第一金,技術面,因子轉弱,-15.0,-55.0,-40.0,-18.0,-28.0,33.15,False,,33.15,0.0,33.4,0.7541478129713424,33.6,1.357466063348425,33.4,0.7541478129713424
2026-08-12,3013.TW,晟銘電,籌碼面,因子轉弱,50.0,10.0,-40.0,38.0,16.0,86.7,True,5,87.0,0.34602076124567144,85.3,-1.6147635524798218,83.3,-3.9215686274509864,87.2,0.5767012687427913
2026-08-12,3022.TW,威強電,技術面,因子轉弱,55.0,5.0,-50.0,54.0,34.0,105.5,True,1,98.1,-7.014218009478679,96.5,-8.530805687203792,91.9,-12.890995260663502,92.5,-12.322274881516588
2026-08-12,3029.TW,零壹,籌碼面,因子轉弱,20.0,-70.0,-90.0,10.0,-26.0,108.5,False,,111.5,2.7649769585253456,109.5,0.9216589861751152,110.0,1.3824884792626728,110.0,1.3824884792626728
2026-08-12,3443.TW,創意,量價面,因子轉弱,25.0,0.0,-25.0,63.0,56.0,5130.0,False,,5540.0,7.992202729044834,5850.0,14.035087719298245,5295.0,3.216374269005848,6125.0,19.39571150097466
2026-08-12,3481.TW,群創,技術面,因子轉弱,55.0,20.0,-35.0,-8.0,20.0,50.4,True,5,49.4,-1.984126984126984,51.2,1.5873015873015959,46.75,-7.24206349206349,46.4,-7.936507936507936
2026-08-12,3673.TW,TPK-KY,技術面,因子轉弱,45.0,20.0,-25.0,18.0,28.0,63.2,True,5,62.6,-0.9493670886075972,62.6,-0.9493670886075972,59.5,-5.85443037974684,68.1,7.753164556962011
2026-08-12,3711.TW,日月光投控,技術面,因子轉弱,45.0,20.0,-25.0,12.0,2.0,621.0,True,5,626.0,0.8051529790660225,615.0,-0.966183574879227,588.0,-5.314009661835748,592.0,-4.669887278582931
2026-08-12,4931.TWO,新盛力,量價面,因子轉弱,25.0,0.0,-25.0,21.0,28.0,267.0,True,10,261.0,-2.247191011235955,269.5,0.9363295880149813,268.0,0.37453183520599254,255.5,-4.307116104868914
2026-08-12,4958.TW,臻鼎-KY,技術面,因子轉弱,45.0,-10.0,-55.0,6.0,-34.0,471.5,True,5,477.5,1.2725344644750796,503.0,6.680805938494168,457.0,-3.0752916224814424,453.0,-3.923647932131495
2026-08-12,4958.TW,臻鼎-KY,籌碼面,因子轉弱,-30.0,-75.0,-45.0,6.0,-34.0,471.5,True,5,477.5,1.2725344644750796,503.0,6.680805938494168,457.0,-3.0752916224814424,453.0,-3.923647932131495
2026-08-12,4960.TW,誠美材,籌碼面,因子轉弱,-10.0,-55.0,-45.0,-2.0,-6.0,22.75,True,1,21.95,-3.51648351648352,21.55,-5.274725274725272,20.05,-11.868131868131865,22.2,-2.417582417582421
2026-08-12,5439.TWO,高技,技術面,因子轉弱,45.0,20.0,-25.0,18.0,8.0,245.5,True,5,250.0,1.8329938900203666,247.5,0.8146639511201629,234.5,-4.480651731160896,248.0,1.0183299389002036
2026-08-12,5530.TWO,龍巖,技術面,因子轉弱,60.0,20.0,-40.0,24.0,8.0,49.35,False,,49.5,0.3039513677811521,49.85,1.0131712259371835,49.9,1.1144883485308958,50.6,2.532928064842958
2026-08-12,6116.TW,彩晶,技術面,因子轉弱,45.0,-20.0,-65.0,-4.0,-30.0,14.15,False,,13.95,-1.4134275618374632,14.15,0.0,14.25,0.7067137809187254,14.4,1.76678445229682
2026-08-12,6213.TW,聯茂,技術面,因子轉弱,70.0,45.0,-25.0,60.0,50.0,464.0,False,,469.0,1.0775862068965518,481.0,3.6637931034482754,484.0,4.310344827586207,583.0,25.646551724137932
2026-08-12,6239.TW,力成,技術面,因子轉弱,60.0,20.0,-40.0,2.0,-14.0,281.5,True,5,283.0,0.5328596802841918,278.0,-1.2433392539964476,262.5,-6.74955595026643,286.0,1.5985790408525755
2026-08-12,6274.TWO,台燿,技術面,因子轉弱,70.0,45.0,-25.0,28.0,18.0,1600.0,True,5,1600.0,0.0,1600.0,0.0,1500.0,-6.25,1530.0,-4.375
2026-08-12,6285.TW,啟碁,籌碼面,因子轉弱,50.0,-30.0,-80.0,28.0,-4.0,251.5,True,3,246.5,-1.9880715705765408,243.0,-3.3797216699801194,235.5,-6.36182902584493,242.0,-3.7773359840954273
2026-08-12,8039.TW,台虹,籌碼面,因子轉弱,50.0,-55.0,-105.0,12.0,-10.0,227.0,False,,249.5,9.911894273127754,259.0,14.096916299559473,271.5,19.60352422907489,320.5,41.18942731277533
2026-08-12,8150.TW,南茂,籌碼面,因子轉弱,-35.0,-75.0,-40.0,2.0,-8.0,92.2,True,5,92.9,0.7592190889370963,91.5,-0.7592190889370963,87.3,-5.314533622559659,91.1,-1.1930585683297272
2026-08-13,1717.TW,長興,技術面,因子轉弱,80.0,55.0,-25.0,69.0,54.0,78.2,True,1,71.7,-8.312020460358056,70.5,-9.846547314578007,70.2,-10.230179028132993,75.8,-3.0690537084399048
2026-08-13,1717.TW,長興,量價面,因子轉弱,25.0,0.0,-25.0,69.0,54.0,78.2,True,1,71.7,-8.312020460358056,70.5,-9.846547314578007,70.2,-10.230179028132993,75.8,-3.0690537084399048
2026-08-13,1906.TW,寶隆,技術面,因子轉弱,105.0,55.0,-50.0,63.0,38.0,11.45,False,,11.3,-1.3100436681222583,11.4,-0.4366812227074143,11.5,0.4366812227074298,11.5,0.4366812227074298
2026-08-13,1906.TW,寶隆,量價面,因子轉弱,25.0,0.0,-25.0,63.0,38.0,11.45,False,,11.3,-1.3100436681222583,11.4,-0.4366812227074143,11.5,0.4366812227074298,11.5,0.4366812227074298
2026-08-13,2002.TW,中鋼,技術面,因子轉弱,60.0,-5.0,-65.0,48.0,10.0,19.2,False,,19.0,-1.041666666666663,18.95,-1.3020833333333335,19.35,0.7812500000000111,19.15,-0.2604166666666704
2026-08-13,2002.TW,中鋼,籌碼面,因子轉弱,60.0,30.0,-30.0,48.0,10.0,19.2,False,,19.0,-1.041666666666663,18.95,-1.3020833333333335,19.35,0.7812500000000111,19.15,-0.2604166666666704
2026-08-13,2317.TW,鴻海,技術面,因子轉弱,70.0,20.0,-50.0,60.0,-32.0,262.0,True,3,259.5,-0.9541984732824428,249.0,-4.961832061068702,246.5,-5.916030534351145,252.0,-3.816793893129771
2026-08-13,2317.TW,鴻海,籌碼面,因子轉弱,80.0,-100.0,-180.0,60.0,-32.0,262.0,True,3,259.5,-0.9541984732824428,249.0,-4.961832061068702,246.5,-5.916030534351145,252.0,-3.816793893129771
2026-08-13,2324.TW,仁寶,技術面,因子轉弱,90.0,65.0,-25.0,65.0,46.0,39.3,False,,43.2,9.923664122137419,40.6,3.307888040712479,38.5,-2.035623409669204,39.75,1.1450381679389385
2026-08-13,2324.TW,仁寶,量價面,因子轉弱,25.0,-20.0,-45.0,65.0,46.0,39.3,False,,43.2,9.923664122137419,40.6,3.307888040712479,38.5,-2.035623409669204,39.75,1.1450381679389385
2026-08-13,2329.TW,華泰,籌碼面,因子轉弱,80.0,50.0,-30.0,40.0,42.0,44.6,True,3,45.1,1.1210762331838564,43.1,-3.3632286995515694,42.75,-4.147982062780272,43.8,-1.7937219730941798
2026-08-13,2331.TW,精英,籌碼面,因子轉弱,60.0,30.0,-30.0,20.0,14.0,19.1,False,,20.7,8.376963350785328,20.25,6.020942408376955,19.95,4.450261780104701,19.8,3.6649214659685825
2026-08-13,2356.TW,英業達,量價面,因子轉弱,25.0,0.0,-25.0,63.0,56.0,68.8,True,3,69.9,1.5988372093023382,64.9,-5.668604651162779,64.5,-6.249999999999996,65.6,-4.651162790697678
2026-08-13,2362.TW,藍天,籌碼面,因子轉弱,50.0,-30.0,-80.0,22.0,-10.0,47.9,False,,49.9,4.175365344467641,47.2,-1.4613778705636653,47.35,-1.1482254697285954,48.55,1.3569937369519804
2026-08-13,2374.TW,佳能,技術面,因子轉弱,45.0,5.0,-40.0,38.0,14.0,70.9,True,5,70.5,-0.5641748942172153,69.3,-2.256699576868841,67.1,-5.359661495063485,69.1,-2.538787023977449
2026-08-13,2382.TW,廣達,籌碼面,因子轉弱,-15.0,-55.0,-40.0,6.0,-4.0,325.0,False,,327.5,0.7692307692307693,327.0,0.6153846153846154,327.0,0.6153846153846154,333.5,2.6153846153846154
2026-08-13,2383.TW,台光電,技術面,因子轉弱,70.0,45.0,-25.0,60.0,38.0,5690.0,True,10,6165.0,8.347978910369068,6205.0,9.050966608084359,5985.0,5.184534270650263,5500.0,-3.3391915641476277
2026-08-13,2383.TW,台光電,籌碼面,因子轉弱,80.0,50.0,-30.0,60.0,38.0,5690.0,True,10,6165.0,8.347978910369068,6205.0,9.050966608084359,5985.0,5.184534270650263,5500.0,-3.3391915641476277
2026-08-13,2498.TW,宏達電,技術面,因子轉弱,20.0,-10.0,-30.0,32.0,8.0,40.1,False,,40.5,0.9975062344139616,39.5,-1.496259351620951,40.0,-0.24937655860349484,40.5,0.9975062344139616
2026-08-13,2498.TW,宏達電,籌碼面,因子轉弱,60.0,30.0,-30.0,32.0,8.0,40.1,False,,40.5,0.9975062344139616,39.5,-1.496259351620951,40.0,-0.24937655860349484,40.5,0.9975062344139616
2026-08-13,2605.TW,新興,籌碼面,因子轉弱,30.0,-70.0,-100.0,14.0,-20.0,32.3,False,,32.35,0.15479876160992034,35.2,8.978328173374631,36.4,12.693498452012388,34.4,6.501547987616103
2026-08-13,2606.TW,裕民,技術面,因子轉弱,60.0,5.0,-55.0,48.0,14.0,65.5,False,,66.3,1.2213740458015223,69.0,5.343511450381679,70.2,7.175572519083974,74.3,13.43511450381679
2026-08-13,2606.TW,裕民,籌碼面,因子轉弱,60.0,30.0,-30.0,48.0,14.0,65.5,False,,66.3,1.2213740458015223,69.0,5.343511450381679,70.2,7.175572519083974,74.3,13.43511450381679
2026-08-13,2607.TW,榮運,技術面,因子轉弱,80.0,55.0,-25.0,61.0,30.0,49.9,False,,49.5,-0.8016032064128228,50.5,1.2024048096192415,51.8,3.8076152304609194,52.3,4.809619238476951
2026-08-13,2607.TW,榮運,籌碼面,因子轉弱,60.0,20.0,-40.0,61.0,30.0,49.9,False,,49.5,-0.8016032064128228,50.5,1.2024048096192415,51.8,3.8076152304609194,52.3,4.809619238476951
2026-08-13,2607.TW,榮運,量價面,因子轉弱,25.0,0.0,-25.0,61.0,30.0,49.9,False,,49.5,-0.8016032064128228,50.5,1.2024048096192415,51.8,3.8076152304609194,52.3,4.809619238476951
2026-08-13,2609.TW,陽明,技術面,因子轉弱,60.0,30.0,-30.0,44.0,32.0,51.4,False,,51.6,0.3891050583657643,56.2,9.338521400778218,60.3,17.31517509727626,57.9,12.645914396887159
2026-08-13,2707.TW,晶華,技術面,因子轉弱,10.0,-30.0,-40.0,-14.0,-34.0,178.0,False,,177.5,-0.2808988764044944,178.0,0.0,180.0,1.1235955056179776,181.0,1.6853932584269662
2026-08-13,2731.TW,雄獅,籌碼面,因子轉弱,-25.0,-65.0,-40.0,-18.0,-34.0,145.0,False,,143.5,-1.0344827586206897,142.0,-2.0689655172413794,145.0,0.0,144.5,-0.3448275862068966
2026-08-13,2748.TW,雲品,技術面,因子轉弱,20.0,-20.0,-40.0,10.0,-8.0,38.45,False,,38.4,-0.13003901170352214,38.25,-0.5201560468140516,38.4,-0.13003901170352214,38.7,0.6501950585175552
2026-08-13,2882.TW,國泰金,技術面,因子轉弱,55.0,-20.0,-75.0,54.0,24.0,99.5,False,,101.5,2.0100502512562812,99.2,-0.30150753768843935,97.7,-1.8090452261306504,102.5,3.015075376884422
2026-08-13,2886.TW,兆豐金,技術面,因子轉弱,-10.0,-40.0,-30.0,-26.0,-28.0,45.85,False,,47.35,3.271537622682661,46.9,2.290076335877856,46.4,1.199563794983636,46.15,0.654307524536526
2026-08-13,3022.TW,威強電,籌碼面,因子轉弱,80.0,30.0,-50.0,34.0,14.0,98.1,True,1,94.2,-3.9755351681957105,92.8,-5.4026503567787945,92.5,-5.708460754332308,91.5,-6.727828746177365
2026-08-13,3062.TW,建漢,技術面,因子轉弱,55.0,30.0,-25.0,46.0,36.0,21.0,True,3,21.3,1.428571428571432,20.25,-3.571428571428571,20.5,-2.380952380952381,21.2,0.952380952380949
2026-08-13,3081.TWO,聯亞,技術面,因子轉弱,70.0,45.0,-25.0,28.0,18.0,2665.0,True,1,2540.0,-4.690431519699812,2925.0,9.75609756097561,2780.0,4.315196998123827,3370.0,26.454033771106943
2026-08-13,3189.TW,景碩,籌碼面,因子轉弱,30.0,-30.0,-60.0,36.0,6.0,851.0,False,,862.0,1.2925969447708578,865.0,1.645123384253819,851.0,0.0,914.0,7.403055229142186
2026-08-13,3211.TWO,順達,技術面,因子轉弱,45.0,20.0,-25.0,18.0,8.0,406.5,True,1,391.0,-3.8130381303813037,382.5,-5.904059040590406,355.0,-12.669126691266912,397.5,-2.214022140221402
2026-08-13,3363.TWO,上詮,技術面,因子轉弱,55.0,15.0,-40.0,22.0,6.0,600.0,False,,586.0,-2.3333333333333335,586.0,-2.3333333333333335,610.0,1.6666666666666667,704.0,17.333333333333336
2026-08-13,3481.TW,群創,籌碼面,因子轉弱,30.0,-55.0,-85.0,20.0,-20.0,49.4,True,5,50.1,1.4170040485830018,49.5,0.2024291497975737,46.0,-6.882591093117406,46.25,-6.376518218623479
2026-08-13,3673.TW,TPK-KY,籌碼面,因子轉弱,50.0,0.0,-50.0,28.0,18.0,62.6,True,3,61.6,-1.5974440894568689,60.2,-3.8338658146964835,65.1,3.993610223642161,67.5,7.827476038338656
2026-08-13,4931.TWO,新盛力,技術面,因子轉弱,70.0,45.0,-25.0,28.0,18.0,261.0,False,,263.0,0.7662835249042145,259.5,-0.5747126436781609,273.0,4.597701149425287,265.5,1.7241379310344827
2026-08-13,4960.TW,誠美材,量價面,因子轉弱,0.0,-20.0,-20.0,-6.0,0.0,21.95,True,3,21.85,-0.4555808656036349,20.5,-6.605922551252845,20.5,-6.605922551252845,22.15,0.9111617312072862
2026-08-13,4979.TWO,華星光,技術面,因子轉弱,85.0,60.0,-25.0,39.0,29.0,564.0,True,1,522.0,-7.446808510638298,528.0,-6.382978723404255,570.0,1.0638297872340425,617.0,9.397163120567376
2026-08-13,5706.TW,鳳凰,技術面,因子轉弱,35.0,-30.0,-65.0,30.0,-12.0,45.15,False,,45.15,0.0,45.05,-0.22148394241417813,45.3,0.3322259136212593,45.4,0.5537098560354374
2026-08-13,5706.TW,鳳凰,籌碼面,因子轉弱,40.0,0.0,-40.0,30.0,-12.0,45.15,False,,45.15,0.0,45.05,-0.22148394241417813,45.3,0.3322259136212593,45.4,0.5537098560354374
2026-08-13,6230.TW,超眾,籌碼面,因子轉弱,30.0,0.0,-30.0,4.0,16.0,112.5,True,1,109.0,-3.111111111111111,108.0,-4.0,107.0,-4.888888888888889,110.0,-2.2222222222222223
2026-08-13,6269.TW,台郡,技術面,因子轉弱,45.0,5.0,-40.0,42.0,14.0,65.0,False,,65.7,1.0769230769230813,64.4,-0.9230769230769144,63.6,-2.1538461538461515,72.9,12.153846153846162
2026-08-13,6269.TW,台郡,籌碼面,因子轉弱,60.0,30.0,-30.0,42.0,14.0,65.0,False,,65.7,1.0769230769230813,64.4,-0.9230769230769144,63.6,-2.1538461538461515,72.9,12.153846153846162
2026-08-13,6275.TWO,元山,技術面,因子轉弱,35.0,5.0,-30.0,14.0,2.0,44.2,False,,43.65,-1.2443438914027245,43.9,-0.6787330316742178,44.2,0.0,46.4,4.97737556561085
2026-08-13,8028.TW,昇陽半導體,技術面,因子轉弱,20.0,-5.0,-25.0,-6.0,-32.0,267.5,True,3,263.0,-1.6822429906542056,248.5,-7.102803738317758,247.0,-7.663551401869159,248.5,-7.102803738317758
2026-08-13,8028.TW,昇陽半導體,籌碼面,因子轉弱,-35.0,-75.0,-40.0,-6.0,-32.0,267.5,True,3,263.0,-1.6822429906542056,248.5,-7.102803738317758,247.0,-7.663551401869159,248.5,-7.102803738317758
2026-08-13,8046.TW,南電,量價面,因子轉弱,0.0,-20.0,-20.0,-6.0,0.0,1215.0,False,,1305.0,7.4074074074074066,1245.0,2.4691358024691357,1195.0,-1.646090534979424,1295.0,6.584362139917696
2026-08-13,8150.TW,南茂,技術面,因子轉弱,55.0,30.0,-25.0,-8.0,-8.0,92.9,True,3,91.9,-1.0764262648008611,89.1,-4.090419806243284,87.9,-5.382131324004305,90.3,-2.798708288482248
2026-08-13,8215.TW,明基材,籌碼面,因子轉弱,60.0,30.0,-30.0,36.0,30.0,25.2,True,3,24.6,-2.3809523809523725,24.2,-3.968253968253968,24.2,-3.968253968253968,24.85,-1.3888888888888804
2026-08-13,9105.TW,泰金寶-DR,籌碼面,因子轉弱,60.0,30.0,-30.0,36.0,34.0,8.3,False,,8.61,3.734939759036129,8.42,1.445783132530111,8.35,0.6024096385542039,8.38,0.9638554216867478
2026-08-14,1714.TW,和桐,技術面,因子轉弱,45.0,5.0,-40.0,-4.0,-10.0,16.4,False,,17.15,4.573170731707318,16.75,2.1341463414634236,17.0,3.6585365853658622,16.9,3.0487804878048785
2026-08-14,1717.TW,長興,技術面,因子轉弱,55.0,15.0,-40.0,54.0,26.0,71.7,False,,71.8,0.13947001394699346,69.6,-2.928870292887041,71.6,-0.13947001394701328,82.5,15.062761506276146
2026-08-14,1717.TW,長興,籌碼面,因子轉弱,80.0,50.0,-30.0,54.0,26.0,71.7,False,,71.8,0.13947001394699346,69.6,-2.928870292887041,71.6,-0.13947001394701328,82.5,15.062761506276146
2026-08-14,1906.TW,寶隆,技術面,因子轉弱,55.0,5.0,-50.0,38.0,18.0,11.3,False,,11.55,2.2123893805309733,11.35,0.4424778761061852,11.5,1.7699115044247724,11.35,0.4424778761061852
2026-08-14,2027.TW,大成鋼,技術面,因子轉弱,65.0,15.0,-50.0,55.0,18.0,47.6,False,,50.0,5.042016806722685,50.0,5.042016806722685,50.3,5.672268907563016,48.8,2.5210084033613356
2026-08-14,2027.TW,大成鋼,籌碼面,因子轉弱,60.0,30.0,-30.0,55.0,18.0,47.6,False,,50.0,5.042016806722685,50.0,5.042016806722685,50.3,5.672268907563016,48.8,2.5210084033613356
2026-08-14,2027.TW,大成鋼,量價面,因子轉弱,25.0,0.0,-25.0,55.0,18.0,47.6,False,,50.0,5.042016806722685,50.0,5.042016806722685,50.3,5.672268907563016,48.8,2.5210084033613356
2026-08-14,2303.TW,聯電,技術面,因子轉弱,30.0,5.0,-25.0,36.0,14.0,121.0,True,3,121.5,0.4132231404958678,115.5,-4.545454545454546,116.5,-3.71900826446281,129.0,6.6115702479338845
2026-08-14,2303.TW,聯電,籌碼面,因子轉弱,60.0,30.0,-30.0,36.0,14.0,121.0,True,3,121.5,0.4132231404958678,115.5,-4.545454545454546,116.5,-3.71900826446281,129.0,6.6115702479338845
2026-08-14,2329.TW,華泰,籌碼面,因子轉弱,50.0,-80.0,-130.0,42.0,-6.0,45.1,True,3,44.2,-1.9955654101995532,42.7,-5.321507760532147,43.15,-4.323725055432378,43.5,-3.54767184035477
2026-08-14,2330.TW,台積電,技術面,因子轉弱,70.0,5.0,-65.0,60.0,22.0,2395.0,False,,2400.0,0.20876826722338201,2350.0,-1.8789144050104383,2410.0,0.6263048016701461,2405.0,0.41753653444676403
2026-08-14,2330.TW,台積電,籌碼面,因子轉弱,80.0,50.0,-30.0,60.0,22.0,2395.0,False,,2400.0,0.20876826722338201,2350.0,-1.8789144050104383,2410.0,0.6263048016701461,2405.0,0.41753653444676403
2026-08-14,2338.TW,光罩,技術面,因子轉弱,55.0,15.0,-40.0,46.0,14.0,39.65,True,3,39.4,-0.6305170239596469,37.8,-4.665825977301391,38.25,-3.5308953341740197,39.05,-1.5132408575031562
2026-08-14,2338.TW,光罩,籌碼面,因子轉弱,60.0,20.0,-40.0,46.0,14.0,39.65,True,3,39.4,-0.6305170239596469,37.8,-4.665825977301391,38.25,-3.5308953341740197,39.05,-1.5132408575031562
2026-08-14,2376.TW,技嘉,量價面,因子轉弱,25.0,0.0,-25.0,59.0,52.0,397.5,True,1,358.0,-9.937106918238994,348.5,-12.327044025157234,339.5,-14.59119496855346,358.0,-9.937106918238994
2026-08-14,2408.TW,南亞科,籌碼面,因子轉弱,80.0,50.0,-30.0,54.0,38.0,512.0,True,3,524.0,2.34375,481.0,-6.0546875,528.0,3.125,543.0,6.0546875
2026-08-14,2421.TW,建準,籌碼面,因子轉弱,60.0,0.0,-60.0,26.0,2.0,146.0,False,,148.0,1.36986301369863,145.0,-0.684931506849315,142.5,-2.3972602739726026,179.5,22.945205479452056
2026-08-14,2451.TW,創見,技術面,因子轉弱,60.0,5.0,-55.0,48.0,14.0,292.5,True,3,290.0,-0.8547008547008548,281.0,-3.9316239316239314,312.5,6.837606837606838,294.5,0.6837606837606838
2026-08-14,2451.TW,創見,籌碼面,因子轉弱,60.0,30.0,-30.0,48.0,14.0,292.5,True,3,290.0,-0.8547008547008548,281.0,-3.9316239316239314,312.5,6.837606837606838,294.5,0.6837606837606838
2026-08-14,2454.TW,聯發科,技術面,因子轉弱,75.0,55.0,-20.0,59.0,46.0,4210.0,True,1,4050.0,-3.800475059382423,3845.0,-8.669833729216151,3790.0,-9.97624703087886,3925.0,-6.7695961995249405
2026-08-14,2454.TW,聯發科,量價面,因子轉弱,25.0,0.0,-25.0,59.0,46.0,4210.0,True,1,4050.0,-3.800475059382423,3845.0,-8.669833729216151,3790.0,-9.97624703087886,3925.0,-6.7695961995249405
2026-08-14,2485.TW,兆赫,技術面,因子轉弱,45.0,5.0,-40.0,42.0,26.0,43.0,True,3,42.05,-2.209302325581402,40.35,-6.162790697674415,40.9,-4.8837209302325615,42.75,-0.5813953488372093
2026-08-14,2606.TW,裕民,籌碼面,因子轉弱,30.0,-40.0,-70.0,14.0,-14.0,66.3,False,,68.3,3.0165912518853695,69.5,4.826546003016595,72.6,9.50226244343891,76.1,14.781297134238308
2026-08-14,2607.TW,榮運,籌碼面,因子轉弱,20.0,-45.0,-65.0,30.0,0.0,49.5,False,,50.2,1.41414141414142,50.4,1.8181818181818152,52.4,5.8585858585858555,52.7,6.46464646464647
2026-08-14,2610.TW,華航,技術面,因子轉弱,-30.0,-55.0,-25.0,-34.0,-44.0,19.9,False,,20.25,1.7587939698492534,19.9,0.0,20.4,2.512562814070352,20.25,1.7587939698492534
2026-08-14,2618.TW,長榮航,籌碼面,因子轉弱,50.0,-80.0,-130.0,8.0,-50.0,39.9,False,,41.8,4.761904761904758,41.6,4.260651629072689,42.6,6.7669172932330905,42.0,5.263157894736846
2026-08-14,2832.TW,台產,籌碼面,因子轉弱,0.0,-45.0,-45.0,14.0,-10.0,58.7,False,,59.2,0.8517887563884157,59.3,1.022146507666089,61.5,4.770017035775123,58.3,-0.6814310051107422
2026-08-14,2891.TW,中信金,技術面,因子轉弱,70.0,5.0,-65.0,48.0,34.0,65.8,False,,65.6,-0.30395136778115933,64.9,-1.3677811550151848,65.0,-1.2158054711246158,64.7,-1.6717325227963442
2026-08-14,2892.TW,第一金,技術面,因子轉弱,-30.0,-55.0,-25.0,20.0,10.0,33.35,False,,33.4,0.14992503748125086,33.6,0.7496251874062968,33.65,0.8995502248875477,35.3,5.8470764617691025
2026-08-14,3013.TW,晟銘電,技術面,因子轉弱,55.0,5.0,-50.0,42.0,10.0,85.3,False,,85.3,0.0,83.3,-2.3446658851113718,82.9,-2.813599062133636,87.6,2.696365767878074
2026-08-14,3013.TW,晟銘電,籌碼面,因子轉弱,50.0,20.0,-30.0,42.0,10.0,85.3,False,,85.3,0.0,83.3,-2.3446658851113718,82.9,-2.813599062133636,87.6,2.696365767878074
2026-08-14,3017.TW,奇鋐,技術面,因子轉弱,90.0,55.0,-35.0,73.0,54.0,3235.0,True,3,3150.0,-2.627511591962906,3095.0,-4.327666151468315,2865.0,-11.437403400309119,3425.0,5.873261205564142
2026-08-14,3017.TW,奇鋐,量價面,因子轉弱,25.0,0.0,-25.0,73.0,54.0,3235.0,True,3,3150.0,-2.627511591962906,3095.0,-4.327666151468315,2865.0,-11.437403400309119,3425.0,5.873261205564142
2026-08-14,3035.TW,智原,技術面,因子轉弱,30.0,-20.0,-50.0,36.0,4.0,173.5,False,,177.0,2.0172910662824206,172.5,-0.5763688760806917,169.5,-2.3054755043227666,175.0,0.8645533141210375
2026-08-14,3035.TW,智原,籌碼面,因子轉弱,60.0,30.0,-30.0,36.0,4.0,173.5,False,,177.0,2.0172910662824206,172.5,-0.5763688760806917,169.5,-2.3054755043227666,175.0,0.8645533141210375
2026-08-14,3081.TWO,聯亞,技術面,因子轉弱,45.0,5.0,-40.0,18.0,2.0,2540.0,False,,2790.0,9.84251968503937,2680.0,5.511811023622047,2920.0,14.960629921259844,3530.0,38.976377952755904
2026-08-14,3105.TWO,穩懋,技術面,因子轉弱,55.0,5.0,-50.0,22.0,2.0,378.0,True,3,398.0,5.291005291005291,363.5,-3.835978835978836,373.0,-1.3227513227513228,447.5,18.386243386243386
2026-08-14,3163.TWO,波若威,技術面,因子轉弱,45.0,5.0,-40.0,18.0,2.0,702.0,False,,733.0,4.415954415954416,710.0,1.1396011396011396,783.0,11.538461538461538,741.0,5.555555555555555
2026-08-14,3231.TW,緯創,技術面,因子轉弱,55.0,20.0,-35.0,46.0,28.0,193.5,True,1,187.0,-3.359173126614987,182.0,-5.943152454780361,175.5,-9.30232558139535,178.0,-8.010335917312661
2026-08-14,3324.TWO,雙鴻,技術面,因子轉弱,55.0,5.0,-50.0,22.0,2.0,1010.0,True,5,1005.0,-0.49504950495049505,989.0,-2.0792079207920793,969.0,-4.0594059405940595,1250.0,23.762376237623762
2026-08-14,3443.TW,創意,技術面,因子轉弱,70.0,45.0,-25.0,60.0,46.0,5465.0,True,3,5850.0,7.044830741079597,5295.0,-3.110704483074108,5600.0,2.470265324794145,6100.0,11.61939615736505
2026-08-14,3673.TW,TPK-KY,技術面,因子轉弱,45.0,5.0,-40.0,18.0,26.0,61.6,True,3,62.6,1.6233766233766231,59.5,-3.409090909090912,63.3,2.7597402597402527,68.2,10.714285714285717
2026-08-14,3711.TW,日月光投控,技術面,因子轉弱,45.0,5.0,-40.0,14.0,14.0,616.0,True,3,615.0,-0.16233766233766234,588.0,-4.545454545454546,587.0,-4.707792207792208,584.0,-5.194805194805195
2026-08-14,4903.TWO,聯光通,技術面,因子轉弱,5.0,-20.0,-25.0,2.0,-8.0,36.9,True,1,35.5,-3.7940379403794,34.55,-6.36856368563686,34.7,-5.962059620596195,36.4,-1.3550135501355014
2026-08-14,4908.TWO,前鼎,技術面,因子轉弱,55.0,5.0,-50.0,22.0,2.0,155.0,False,,163.5,5.483870967741936,152.5,-1.6129032258064515,153.0,-1.2903225806451613,209.0,34.83870967741935
2026-08-14,4938.TW,和碩,技術面,因子轉弱,65.0,45.0,-20.0,63.0,50.0,94.8,True,1,90.3,-4.746835443037975,89.4,-5.696202531645561,88.6,-6.540084388185657,91.1,-3.9029535864978935
2026-08-14,4938.TW,和碩,量價面,因子轉弱,25.0,0.0,-25.0,63.0,50.0,94.8,True,1,90.3,-4.746835443037975,89.4,-5.696202531645561,88.6,-6.540084388185657,91.1,-3.9029535864978935
2026-08-14,4960.TW,誠美材,技術面,因子轉弱,65.0,45.0,-20.0,0.0,6.0,21.85,True,3,21.55,-1.3729977116704837,20.05,-8.237986270022885,20.9,-4.347826086956535,21.2,-2.9748283752860507
2026-08-14,4966.TWO,譜瑞-KY,技術面,因子轉弱,15.0,-10.0,-25.0,6.0,-4.0,570.0,False,,565.0,-0.8771929824561403,582.0,2.1052631578947367,566.0,-0.7017543859649122,578.0,1.4035087719298245
2026-08-14,4967.TW,十銓,技術面,因子轉弱,45.0,15.0,-30.0,42.0,-10.0,275.0,True,1,263.5,-4.181818181818182,260.0,-5.454545454545454,276.0,0.36363636363636365,276.0,0.36363636363636365
2026-08-14,4967.TW,十銓,籌碼面,因子轉弱,60.0,-40.0,-100.0,42.0,-10.0,275.0,True,1,263.5,-4.181818181818182,260.0,-5.454545454545454,276.0,0.36363636363636365,276.0,0.36363636363636365
2026-08-14,4979.TWO,華星光,技術面,因子轉弱,60.0,5.0,-55.0,29.0,2.0,522.0,False,,545.0,4.406130268199234,529.0,1.3409961685823755,577.0,10.53639846743295,609.0,16.666666666666664
2026-08-14,4979.TWO,華星光,量價面,因子轉弱,25.0,0.0,-25.0,29.0,2.0,522.0,False,,545.0,4.406130268199234,529.0,1.3409961685823755,577.0,10.53639846743295,609.0,16.666666666666664
2026-08-14,5289.TWO,宜鼎,技術面,因子轉弱,45.0,15.0,-30.0,18.0,6.0,1475.0,False,,1530.0,3.728813559322034,1515.0,2.711864406779661,1560.0,5.762711864406779,1450.0,-1.694915254237288
2026-08-14,5469.TW,瀚宇博,技術面,因子轉弱,60.0,15.0,-45.0,48.0,14.0,74.1,True,5,74.9,1.0796221322537265,72.2,-2.5641025641025528,70.7,-4.588394062078262,74.0,-0.13495276653170624
2026-08-14,5469.TW,瀚宇博,籌碼面,因子轉弱,60.0,20.0,-40.0,48.0,14.0,74.1,True,5,74.9,1.0796221322537265,72.2,-2.5641025641025528,70.7,-4.588394062078262,74.0,-0.13495276653170624
2026-08-14,6191.TW,精成科,技術面,因子轉弱,45.0,-20.0,-65.0,42.0,4.0,85.8,True,3,85.8,0.0,82.5,-3.8461538461538427,82.0,-4.428904428904426,83.7,-2.447552447552441
2026-08-14,6191.TW,精成科,籌碼面,因子轉弱,60.0,30.0,-30.0,42.0,4.0,85.8,True,3,85.8,0.0,82.5,-3.8461538461538427,82.0,-4.428904428904426,83.7,-2.447552447552441
2026-08-14,6214.TW,精誠,量價面,因子轉弱,25.0,0.0,-25.0,9.0,22.0,172.0,False,,175.5,2.0348837209302326,178.5,3.77906976744186,179.5,4.3604651162790695,183.5,6.686046511627906
2026-08-14,6230.TW,超眾,技術面,因子轉弱,40.0,-20.0,-60.0,16.0,-18.0,109.0,False,,112.0,2.7522935779816518,106.0,-2.7522935779816518,107.5,-1.3761467889908259,108.0,-0.9174311926605505
2026-08-14,6269.TW,台郡,籌碼面,因子轉弱,30.0,-20.0,-50.0,14.0,-6.0,65.7,True,3,66.5,1.2176560121765556,62.7,-4.5662100456621,62.4,-5.022831050228317,74.9,14.003044140030447
2026-08-14,6426.TW,統新,籌碼面,因子轉弱,60.0,20.0,-40.0,42.0,26.0,219.0,False,,239.5,9.360730593607306,231.0,5.47945205479452,241.0,10.045662100456621,261.0,19.17808219178082
2026-08-14,7769.TW,鴻勁,技術面,因子轉弱,75.0,45.0,-30.0,55.0,22.0,6590.0,True,10,6750.0,2.4279210925644916,6445.0,-2.2003034901365703,6405.0,-2.8072837632776935,5860.0,-11.077389984825494
2026-08-14,7769.TW,鴻勁,籌碼面,因子轉弱,50.0,10.0,-40.0,55.0,22.0,6590.0,True,10,6750.0,2.4279210925644916,6445.0,-2.2003034901365703,6405.0,-2.8072837632776935,5860.0,-11.077389984825494
2026-08-14,7769.TW,鴻勁,量價面,因子轉弱,25.0,0.0,-25.0,55.0,22.0,6590.0,True,10,6750.0,2.4279210925644916,6445.0,-2.2003034901365703,6405.0,-2.8072837632776935,5860.0,-11.077389984825494
2026-08-14,8028.TW,昇陽半導體,技術面,因子轉弱,-5.0,-30.0,-25.0,-32.0,-30.0,263.0,True,3,265.0,0.7604562737642585,247.0,-6.083650190114068,242.5,-7.79467680608365,241.0,-8.365019011406844
2026-08-14,8150.TW,南茂,技術面,因子轉弱,30.0,5.0,-25.0,-8.0,-28.0,91.9,True,3,91.5,-0.43525571273123576,87.3,-5.00544069640915,86.7,-5.658324265505987,89.1,-3.0467899891186194
2026-08-14,8215.TW,明基材,技術面,因子轉弱,45.0,5.0,-40.0,30.0,10.0,24.6,False,,24.9,1.2195121951219396,23.9,-2.845528455284564,23.95,-2.642276422764236,25.6,4.0650406504065035
2026-08-14,8299.TWO,群聯,技術面,因子轉弱,80.0,25.0,-55.0,32.0,6.0,2080.0,True,3,2085.0,0.2403846153846154,1965.0,-5.528846153846153,2075.0,-0.2403846153846154,2165.0,4.086538461538462
2026-08-14,8299.TWO,群聯,量價面,因子轉弱,0.0,-20.0,-20.0,32.0,6.0,2080.0,True,3,2085.0,0.2403846153846154,1965.0,-5.528846153846153,2075.0,-0.2403846153846154,2165.0,4.086538461538462
2026-08-17,0056.TW,元大高股息,籌碼面,因子轉弱,80.0,30.0,-50.0,60.0,36.0,53.0,False,,52.7,-0.5660377358490513,52.05,-1.7924528301886848,52.3,-1.3207547169811376,54.85,3.4905660377358516
2026-08-17,00878.TW,國泰永續高股息,量價面,因子轉弱,0.0,-20.0,-20.0,8.0,6.0,33.75,True,1,32.38,-4.059259259259251,32.15,-4.740740740740745,32.43,-3.911111111111112,33.76,0.029629629629623736
2026-08-17,1326.TW,台化,技術面,因子轉弱,30.0,-20.0,-50.0,36.0,4.0,59.3,True,5,59.4,0.16863406408094675,58.4,-1.5177065767284967,57.1,-3.709949409780769,74.3,25.29510961214165
2026-08-17,1326.TW,台化,籌碼面,因子轉弱,60.0,30.0,-30.0,36.0,4.0,59.3,True,5,59.4,0.16863406408094675,58.4,-1.5177065767284967,57.1,-3.709949409780769,74.3,25.29510961214165
2026-08-17,1409.TW,新纖,技術面,因子轉弱,70.0,5.0,-65.0,40.0,-20.0,24.4,False,,24.35,-0.2049180327868736,24.4,0.0,24.3,-0.40983606557376173,25.65,5.122950819672131
2026-08-17,1409.TW,新纖,籌碼面,因子轉弱,30.0,-55.0,-85.0,40.0,-20.0,24.4,False,,24.35,-0.2049180327868736,24.4,0.0,24.3,-0.40983606557376173,25.65,5.122950819672131
2026-08-17,1718.TW,中纖,技術面,因子轉弱,45.0,5.0,-40.0,30.0,-28.0,10.65,False,,10.5,-1.4084507042253553,10.35,-2.8169014084507107,10.75,0.9389671361502313,11.15,4.694835680751173
2026-08-17,1718.TW,中纖,籌碼面,因子轉弱,30.0,-75.0,-105.0,30.0,-28.0,10.65,False,,10.5,-1.4084507042253553,10.35,-2.8169014084507107,10.75,0.9389671361502313,11.15,4.694835680751173
2026-08-17,2002.TW,中鋼,籌碼面,因子轉弱,30.0,-100.0,-130.0,10.0,-42.0,18.85,False,,18.95,0.5305039787798295,19.35,2.652519893899204,19.2,1.8567639257294315,19.05,1.0610079575596778
2026-08-17,2303.TW,聯電,技術面,因子轉弱,5.0,-20.0,-25.0,14.0,4.0,121.5,True,3,119.0,-2.05761316872428,115.5,-4.938271604938271,123.5,1.646090534979424,132.5,9.053497942386832
2026-08-17,2308.TW,台達電,籌碼面,因子轉弱,50.0,-15.0,-65.0,42.0,12.0,1885.0,True,1,1820.0,-3.4482758620689653,1745.0,-7.427055702917771,1735.0,-7.957559681697612,1865.0,-1.0610079575596816
2026-08-17,2312.TW,金寶,技術面,因子轉弱,55.0,5.0,-50.0,54.0,14.0,33.05,True,1,31.95,-3.3282904689863777,31.35,-5.1437216338880365,31.75,-3.933434190620264,33.05,0.0
2026-08-17,2312.TW,金寶,籌碼面,因子轉弱,80.0,30.0,-50.0,54.0,14.0,33.05,True,1,31.95,-3.3282904689863777,31.35,-5.1437216338880365,31.75,-3.933434190620264,33.05,0.0
2026-08-17,2313.TW,華通,技術面,因子轉弱,55.0,-20.0,-75.0,14.0,-12.0,211.0,False,,211.0,0.0,217.5,3.080568720379147,212.5,0.7109004739336493,252.0,19.431279620853083
2026-08-17,2317.TW,鴻海,籌碼面,因子轉弱,30.0,-100.0,-130.0,14.0,-38.0,255.0,True,3,249.0,-2.3529411764705883,246.5,-3.3333333333333335,243.5,-4.509803921568627,256.0,0.39215686274509803
2026-08-17,2324.TW,仁寶,技術面,因子轉弱,90.0,55.0,-35.0,65.0,46.0,41.65,True,3,40.6,-2.521008403361338,38.5,-7.563025210084031,41.6,-0.12004801920767626,39.9,-4.201680672268908
2026-08-17,2324.TW,仁寶,量價面,因子轉弱,25.0,0.0,-25.0,65.0,46.0,41.65,True,3,40.6,-2.521008403361338,38.5,-7.563025210084031,41.6,-0.12004801920767626,39.9,-4.201680672268908
2026-08-17,2327.TW,國巨,技術面,因子轉弱,30.0,5.0,-25.0,-10.0,-20.0,608.0,True,1,576.0,-5.263157894736842,562.0,-7.565789473684211,551.0,-9.375,568.0,-6.578947368421052
2026-08-17,2329.TW,華泰,技術面,因子轉弱,65.0,5.0,-60.0,-6.0,-28.0,44.2,True,3,43.1,-2.488687782805433,42.75,-3.280542986425346,43.7,-1.1312217194570136,43.7,-1.1312217194570136
2026-08-17,2331.TW,精英,技術面,因子轉弱,80.0,55.0,-25.0,61.0,14.0,19.8,False,,20.25,2.272727272727269,19.95,0.7575757575757504,19.6,-1.0101010101010066,19.7,-0.5050505050505122
2026-08-17,2331.TW,精英,籌碼面,因子轉弱,60.0,-20.0,-80.0,61.0,14.0,19.8,False,,20.25,2.272727272727269,19.95,0.7575757575757504,19.6,-1.0101010101010066,19.7,-0.5050505050505122
2026-08-17,2331.TW,精英,量價面,因子轉弱,25.0,0.0,-25.0,61.0,14.0,19.8,False,,20.25,2.272727272727269,19.95,0.7575757575757504,19.6,-1.0101010101010066,19.7,-0.5050505050505122
2026-08-17,2337.TW,旺宏,技術面,因子轉弱,45.0,5.0,-40.0,50.0,14.0,129.5,True,1,122.0,-5.7915057915057915,122.0,-5.7915057915057915,124.0,-4.247104247104247,122.5,-5.405405405405405
2026-08-17,2337.TW,旺宏,籌碼面,因子轉弱,80.0,30.0,-50.0,50.0,14.0,129.5,True,1,122.0,-5.7915057915057915,122.0,-5.7915057915057915,124.0,-4.247104247104247,122.5,-5.405405405405405
2026-08-17,2338.TW,光罩,籌碼面,因子轉弱,20.0,-25.0,-45.0,14.0,-8.0,39.4,True,1,38.15,-3.1725888324873095,38.2,-3.0456852791878064,38.35,-2.6649746192893327,39.25,-0.3807106598984736
2026-08-17,2344.TW,華邦電,籌碼面,因子轉弱,60.0,30.0,-30.0,46.0,30.0,181.5,True,10,176.5,-2.7548209366391188,176.5,-2.7548209366391188,177.0,-2.479338842975207,176.0,-3.0303030303030303
2026-08-17,2353.TW,宏碁,技術面,因子轉弱,65.0,15.0,-50.0,50.0,26.0,31.45,False,,30.55,-2.861685214626387,31.0,-1.4308426073131935,31.1,-1.112877583465812,31.75,0.9538950715421327
2026-08-17,2356.TW,英業達,技術面,因子轉弱,55.0,5.0,-50.0,54.0,14.0,66.7,True,3,64.9,-2.698650674662664,64.5,-3.2983508245877107,66.1,-0.899550224887569,66.6,-0.14992503748127214
2026-08-17,2356.TW,英業達,籌碼面,因子轉弱,80.0,30.0,-50.0,54.0,14.0,66.7,True,3,64.9,-2.698650674662664,64.5,-3.2983508245877107,66.1,-0.899550224887569,66.6,-0.14992503748127214
2026-08-17,2362.TW,藍天,技術面,因子轉弱,55.0,5.0,-50.0,42.0,22.0,48.5,False,,47.2,-2.680412371134015,47.35,-2.3711340206185536,48.85,0.7216494845360854,47.7,-1.6494845360824684
2026-08-17,2374.TW,佳能,籌碼面,因子轉弱,60.0,0.0,-60.0,26.0,2.0,70.9,True,3,69.3,-2.256699576868841,67.1,-5.359661495063485,67.1,-5.359661495063485,68.7,-3.1029619181946444
2026-08-17,2376.TW,技嘉,技術面,因子轉弱,70.0,15.0,-55.0,52.0,26.0,358.0,True,3,348.0,-2.793296089385475,344.0,-3.910614525139665,341.0,-4.748603351955307,359.0,0.27932960893854747
2026-08-17,2401.TW,凌陽,技術面,因子轉弱,15.0,-20.0,-35.0,-34.0,-38.0,26.65,True,1,25.35,-4.878048780487795,25.75,-3.3771106941838593,25.2,-5.4409005628517795,25.45,-4.502814258911818
2026-08-17,2454.TW,聯發科,技術面,因子轉弱,55.0,15.0,-40.0,46.0,30.0,4050.0,True,1,3885.0,-4.074074074074074,3700.0,-8.641975308641975,3765.0,-7.037037037037037,4315.0,6.5432098765432105
2026-08-17,2731.TW,雄獅,技術面,因子轉弱,-30.0,-55.0,-25.0,-38.0,-52.0,144.0,False,,142.0,-1.3888888888888888,145.0,0.6944444444444444,145.5,1.0416666666666665,143.5,-0.3472222222222222
2026-08-17,2748.TW,雲品,籌碼面,因子轉弱,0.0,-35.0,-35.0,-8.0,-26.0,38.4,False,,38.25,-0.39062499999999634,38.4,0.0,38.55,0.39062499999999634,38.85,1.1718750000000075
2026-08-17,2881.TW,富邦金,技術面,因子轉弱,45.0,-10.0,-55.0,50.0,12.0,125.5,False,,129.5,3.187250996015936,128.0,1.9920318725099602,132.0,5.179282868525896,145.0,15.53784860557769
2026-08-17,2881.TW,富邦金,籌碼面,因子轉弱,80.0,50.0,-30.0,50.0,12.0,125.5,False,,129.5,3.187250996015936,128.0,1.9920318725099602,132.0,5.179282868525896,145.0,15.53784860557769
2026-08-17,2881.TW,富邦金,量價面,因子轉弱,0.0,-20.0,-20.0,50.0,12.0,125.5,False,,129.5,3.187250996015936,128.0,1.9920318725099602,132.0,5.179282868525896,145.0,15.53784860557769
2026-08-17,2882.TW,國泰金,技術面,因子轉弱,70.0,20.0,-50.0,60.0,28.0,98.1,False,,99.2,1.1213047910295704,97.7,-0.4077471967380138,98.9,0.8154943934760566,111.0,13.14984709480123
2026-08-17,2882.TW,國泰金,籌碼面,因子轉弱,80.0,50.0,-30.0,60.0,28.0,98.1,False,,99.2,1.1213047910295704,97.7,-0.4077471967380138,98.9,0.8154943934760566,111.0,13.14984709480123
2026-08-17,2886.TW,兆豐金,技術面,因子轉弱,-10.0,-45.0,-35.0,28.0,14.0,46.6,False,,46.9,0.6437768240343286,46.4,-0.42918454935622924,46.85,0.5364806866952789,48.5,4.077253218884117
2026-08-17,2887.TW,台新金,籌碼面,因子轉弱,80.0,30.0,-50.0,67.0,40.0,37.15,True,3,36.9,-0.6729475100942126,35.95,-3.2301480484522096,36.5,-1.7496635262449494,40.3,8.479138627187076
2026-08-17,2887.TW,台新金,量價面,因子轉弱,25.0,0.0,-25.0,67.0,40.0,37.15,True,3,36.9,-0.6729475100942126,35.95,-3.2301480484522096,36.5,-1.7496635262449494,40.3,8.479138627187076
2026-08-17,2891.TW,中信金,籌碼面,因子轉弱,80.0,-80.0,-160.0,34.0,-30.0,65.6,True,3,66.5,1.371951219512204,63.4,-3.35365853658536,63.6,-3.0487804878048674,66.5,1.371951219512204
2026-08-17,3017.TW,奇鋐,籌碼面,因子轉弱,80.0,50.0,-30.0,54.0,38.0,3150.0,True,1,3035.0,-3.650793650793651,2985.0,-5.238095238095238,2855.0,-9.365079365079366,3410.0,8.253968253968253
2026-08-17,3022.TW,威強電,技術面,因子轉弱,5.0,-20.0,-25.0,14.0,-40.0,96.5,True,1,92.8,-3.834196891191713,92.5,-4.145077720207254,93.8,-2.797927461139899,92.5,-4.145077720207254
2026-08-17,3022.TW,威強電,籌碼面,因子轉弱,30.0,-80.0,-110.0,14.0,-40.0,96.5,True,1,92.8,-3.834196891191713,92.5,-4.145077720207254,93.8,-2.797927461139899,92.5,-4.145077720207254
2026-08-17,3029.TW,零壹,技術面,因子轉弱,55.0,5.0,-50.0,46.0,14.0,109.5,False,,107.5,-1.82648401826484,111.5,1.82648401826484,113.5,3.65296803652968,112.5,2.73972602739726
2026-08-17,3029.TW,零壹,籌碼面,因子轉弱,60.0,30.0,-30.0,46.0,14.0,109.5,False,,107.5,-1.82648401826484,111.5,1.82648401826484,113.5,3.65296803652968,112.5,2.73972602739726
2026-08-17,3062.TW,建漢,技術面,因子轉弱,55.0,5.0,-50.0,46.0,26.0,20.9,True,1,20.25,-3.1100478468899455,20.5,-1.9138755980861177,20.55,-1.674641148325349,20.8,-0.47846889952152094
2026-08-17,3260.TWO,威剛,技術面,因子轉弱,15.0,-20.0,-35.0,6.0,-8.0,400.0,True,1,387.0,-3.25,401.0,0.25,438.5,9.625,412.0,3.0
2026-08-17,4903.TWO,聯光通,技術面,因子轉弱,-20.0,-45.0,-25.0,-8.0,-18.0,35.5,False,,34.55,-2.676056338028177,34.7,-2.2535211267605555,35.95,1.267605633802825,37.6,5.9154929577464825
2026-08-17,4938.TW,和碩,技術面,因子轉弱,45.0,5.0,-40.0,50.0,22.0,90.3,False,,91.0,0.7751937984496156,89.7,-0.6644518272425186,89.3,-1.1074197120708749,91.0,0.7751937984496156
2026-08-17,4938.TW,和碩,籌碼面,因子轉弱,80.0,50.0,-30.0,50.0,22.0,90.3,False,,91.0,0.7751937984496156,89.7,-0.6644518272425186,89.3,-1.1074197120708749,91.0,0.7751937984496156
2026-08-17,4960.TW,誠美材,技術面,因子轉弱,45.0,5.0,-40.0,6.0,-10.0,21.55,True,1,20.5,-4.872389791183298,20.5,-4.872389791183298,20.85,-3.2482598607888593,21.2,-1.624129930394438
2026-08-17,4966.TWO,譜瑞-KY,技術面,因子轉弱,-10.0,-45.0,-35.0,-4.0,-18.0,565.0,False,,565.0,0.0,567.0,0.35398230088495575,557.0,-1.415929203539823,580.0,2.6548672566371683
2026-08-17,4967.TW,十銓,籌碼面,因子轉弱,-40.0,-100.0,-60.0,-10.0,-38.0,263.5,True,1,252.0,-4.364326375711575,266.0,0.9487666034155597,278.0,5.502846299810247,276.0,4.743833017077799
2026-08-17,5469.TW,瀚宇博,籌碼面,因子轉弱,20.0,-55.0,-75.0,14.0,-20.0,74.9,True,3,74.0,-1.201602136181583,71.6,-4.405874499332458,70.6,-5.740987983978653,74.0,-1.201602136181583
2026-08-17,5530.TWO,龍巖,技術面,因子轉弱,75.0,55.0,-20.0,35.0,22.0,49.85,False,,49.25,-1.2036108324974952,50.1,0.5015045135406219,50.4,1.1033099297893625,50.2,0.7021063189568734
2026-08-17,5530.TWO,龍巖,量價面,因子轉弱,25.0,0.0,-25.0,35.0,22.0,49.85,False,,49.25,-1.2036108324974952,50.1,0.5015045135406219,50.4,1.1033099297893625,50.2,0.7021063189568734
2026-08-17,6274.TWO,台燿,技術面,因子轉弱,55.0,20.0,-35.0,22.0,8.0,1600.0,True,1,1545.0,-3.4375000000000004,1575.0,-1.5625,1455.0,-9.0625,1450.0,-9.375
2026-08-17,6275.TWO,元山,技術面,因子轉弱,5.0,-20.0,-25.0,2.0,-8.0,43.2,False,,43.9,1.6203703703703605,44.2,2.314814814814815,44.85,3.8194444444444406,46.05,6.597222222222208
2026-08-17,6285.TW,啟碁,技術面,因子轉弱,5.0,-20.0,-25.0,14.0,-20.0,243.0,True,5,236.0,-2.880658436213992,237.0,-2.4691358024691357,230.5,-5.1440329218107,249.0,2.4691358024691357
2026-08-17,6285.TW,啟碁,籌碼面,因子轉弱,30.0,-30.0,-60.0,14.0,-20.0,243.0,True,5,236.0,-2.880658436213992,237.0,-2.4691358024691357,230.5,-5.1440329218107,249.0,2.4691358024691357
2026-08-17,6669.TW,緯穎,量價面,因子轉弱,25.0,0.0,-25.0,19.0,16.0,6620.0,True,1,6400.0,-3.3232628398791544,6325.0,-4.45619335347432,6300.0,-4.833836858006042,7800.0,17.82477341389728
2026-08-17,6770.TW,力積電,籌碼面,因子轉弱,80.0,30.0,-50.0,54.0,30.0,74.6,True,1,69.7,-6.5683646112600425,67.3,-9.78552278820375,70.8,-5.093833780160854,70.8,-5.093833780160854
2026-08-17,8039.TW,台虹,技術面,因子轉弱,75.0,55.0,-20.0,67.0,14.0,259.0,False,,277.5,7.142857142857142,283.0,9.266409266409266,265.0,2.3166023166023164,319.0,23.166023166023166
2026-08-17,8039.TW,台虹,籌碼面,因子轉弱,80.0,-20.0,-100.0,67.0,14.0,259.0,False,,277.5,7.142857142857142,283.0,9.266409266409266,265.0,2.3166023166023164,319.0,23.166023166023166
2026-08-17,8039.TW,台虹,量價面,因子轉弱,25.0,0.0,-25.0,67.0,14.0,259.0,False,,277.5,7.142857142857142,283.0,9.266409266409266,265.0,2.3166023166023164,319.0,23.166023166023166
2026-08-17,8299.TWO,群聯,技術面,因子轉弱,25.0,5.0,-20.0,6.0,2.0,2085.0,True,1,2000.0,-4.07673860911271,1995.0,-4.316546762589928,2135.0,2.3980815347721824,2125.0,1.9184652278177456
2026-08-17,9105.TW,泰金寶-DR,籌碼面,因子轉弱,60.0,30.0,-30.0,48.0,36.0,8.82,True,1,8.42,-4.535147392290254,8.35,-5.32879818594105,8.42,-4.535147392290254,8.64,-2.040816326530609
2026-08-18,00403A.TW,主動統一升級50,技術面,因子轉弱,60.0,5.0,-55.0,48.0,26.0,10.16,False,,9.97,-1.8700787401574752,9.92,-2.362204724409451,9.94,-2.165354330708668,10.27,1.0826771653543252
2026-08-18,0056.TW,元大高股息,技術面,因子轉弱,60.0,5.0,-55.0,36.0,14.0,52.7,False,,52.0,-1.328273244781789,52.4,-0.5692599620493439,52.55,-0.2846299810246787,55.1,4.554079696394684
2026-08-18,00878.TW,國泰永續高股息,技術面,因子轉弱,80.0,15.0,-65.0,6.0,-16.0,32.38,False,,32.3,-0.24706609017913958,32.38,0.0,32.64,0.8029647930821433,33.65,3.922174181593564
2026-08-18,1303.TW,南亞,籌碼面,因子轉弱,50.0,-15.0,-65.0,42.0,12.0,200.0,True,1,187.5,-6.25,192.0,-4.0,188.5,-5.75,237.5,18.75
2026-08-18,1714.TW,和桐,技術面,因子轉弱,55.0,5.0,-50.0,10.0,34.0,16.9,False,,16.75,-0.8875739644970331,17.0,0.5917159763313694,16.5,-2.3668639053254354,17.35,2.6627218934911414
2026-08-18,1802.TW,台玻,技術面,因子轉弱,55.0,15.0,-40.0,46.0,30.0,56.5,False,,57.1,1.0619469026548698,57.6,1.946902654867259,58.0,2.6548672566371683,60.8,7.610619469026543
2026-08-18,1906.TW,寶隆,技術面,因子轉弱,45.0,5.0,-40.0,38.0,22.0,11.4,False,,11.35,-0.4385964912280764,11.5,0.8771929824561372,11.6,1.7543859649122744,11.2,-1.75438596491229
2026-08-18,2002.TW,中鋼,技術面,因子轉弱,-5.0,-30.0,-25.0,-42.0,-42.0,18.95,False,,18.95,0.0,19.45,2.638522427440633,19.05,0.5277044854881342,19.05,0.5277044854881342
2026-08-18,2303.TW,聯電,籌碼面,因子轉弱,30.0,-55.0,-85.0,4.0,-30.0,119.0,False,,115.5,-2.941176470588235,116.5,-2.100840336134454,125.0,5.042016806722689,126.0,5.88235294117647
2026-08-18,2308.TW,台達電,技術面,因子轉弱,45.0,5.0,-40.0,12.0,-20.0,1820.0,True,1,1765.0,-3.021978021978022,1750.0,-3.8461538461538463,1710.0,-6.043956043956044,1730.0,-4.945054945054945
2026-08-18,2308.TW,台達電,籌碼面,因子轉弱,-15.0,-55.0,-40.0,12.0,-20.0,1820.0,True,1,1765.0,-3.021978021978022,1750.0,-3.8461538461538463,1710.0,-6.043956043956044,1730.0,-4.945054945054945
2026-08-18,2317.TW,鴻海,技術面,因子轉弱,5.0,-20.0,-25.0,-38.0,-48.0,249.0,False,,245.0,-1.6064257028112447,245.5,-1.4056224899598393,243.0,-2.4096385542168677,251.0,0.8032128514056224
2026-08-18,2324.TW,仁寶,技術面,因子轉弱,55.0,5.0,-50.0,46.0,26.0,40.6,True,1,39.3,-3.201970443349764,38.95,-4.064039408866991,40.8,0.49261083743841316,39.7,-2.2167487684729026
2026-08-18,2329.TW,華泰,技術面,因子轉弱,5.0,-20.0,-25.0,-28.0,-30.0,43.1,False,,42.7,-0.9280742459396718,43.15,0.1160092807424528,43.35,0.580046403712297,43.35,0.580046403712297
2026-08-18,2331.TW,精英,籌碼面,因子轉弱,-20.0,-80.0,-60.0,14.0,-14.0,20.25,True,1,19.5,-3.7037037037037033,19.8,-2.2222222222222188,19.55,-3.4567901234567864,19.85,-1.9753086419753016
2026-08-18,2337.TW,旺宏,籌碼面,因子轉弱,30.0,-55.0,-85.0,14.0,-16.0,122.0,False,,119.0,-2.459016393442623,122.5,0.4098360655737705,122.0,0.0,123.0,0.819672131147541
2026-08-18,2344.TW,華邦電,技術面,因子轉弱,45.0,5.0,-40.0,30.0,-10.0,176.5,True,1,168.0,-4.815864022662889,181.0,2.5495750708215295,179.0,1.41643059490085,179.0,1.41643059490085
2026-08-18,2344.TW,華邦電,籌碼面,因子轉弱,30.0,-30.0,-60.0,30.0,-10.0,176.5,True,1,168.0,-4.815864022662889,181.0,2.5495750708215295,179.0,1.41643059490085,179.0,1.41643059490085
2026-08-18,2345.TW,智邦,技術面,因子轉弱,20.0,-10.0,-30.0,-22.0,-34.0,2225.0,True,1,2125.0,-4.49438202247191,2035.0,-8.539325842696629,2030.0,-8.764044943820224,2140.0,-3.8202247191011236
2026-08-18,2362.TW,藍天,技術面,因子轉弱,5.0,-20.0,-25.0,22.0,4.0,47.2,False,,47.15,-0.10593220338983952,47.35,0.3177966101694885,48.55,2.8601694915254114,48.7,3.1779661016949152
2026-08-18,2382.TW,廣達,技術面,因子轉弱,70.0,5.0,-65.0,60.0,34.0,327.0,False,,331.0,1.2232415902140672,321.5,-1.6819571865443423,328.5,0.45871559633027525,337.0,3.058103975535168
2026-08-18,2454.TW,聯發科,籌碼面,因子轉弱,60.0,30.0,-30.0,30.0,14.0,3885.0,True,5,3845.0,-1.0296010296010296,3790.0,-2.445302445302445,3735.0,-3.861003861003861,4275.0,10.038610038610038
2026-08-18,2498.TW,宏達電,技術面,因子轉弱,55.0,-20.0,-75.0,46.0,16.0,39.5,False,,39.85,0.8860759493670923,40.95,3.670886075949374,40.5,2.5316455696202533,41.65,5.4430379746835404
2026-08-18,2610.TW,華航,技術面,因子轉弱,-15.0,-55.0,-40.0,-28.0,-44.0,20.1,False,,19.9,-0.9950248756219046,20.4,1.4925373134328215,20.4,1.4925373134328215,20.45,1.7412935323382976
2026-08-18,2707.TW,晶華,技術面,因子轉弱,-30.0,-55.0,-25.0,-38.0,-30.0,178.0,False,,178.5,0.2808988764044944,183.0,2.8089887640449436,180.5,1.4044943820224718,179.0,0.5617977528089888
2026-08-18,2832.TW,台產,技術面,因子轉弱,70.0,45.0,-25.0,40.0,30.0,59.1,False,,59.3,0.3384094754653058,61.5,4.060913705583754,60.5,2.3688663282571887,58.2,-1.5228426395939063
2026-08-18,2882.TW,國泰金,技術面,因子轉弱,20.0,-20.0,-40.0,28.0,12.0,99.2,False,,98.3,-0.9072580645161348,100.5,1.310483870967739,103.0,3.83064516129032,109.0,9.879032258064512
2026-08-18,2887.TW,台新金,技術面,因子轉弱,70.0,45.0,-25.0,40.0,30.0,36.9,False,,36.4,-1.3550135501355014,37.25,0.9485094850948549,37.15,0.6775067750677507,41.2,11.653116531165324
2026-08-18,3013.TW,晟銘電,技術面,因子轉弱,5.0,-20.0,-25.0,10.0,12.0,83.1,False,,83.3,0.2406738868832766,82.9,-0.24067388688325952,85.1,2.406738868832732,89.5,7.701564380264749
2026-08-18,3017.TW,奇鋐,技術面,因子轉弱,45.0,5.0,-40.0,38.0,34.0,3035.0,True,3,3095.0,1.9769357495881383,2865.0,-5.601317957166392,2950.0,-2.800658978583196,3310.0,9.060955518945635
2026-08-18,3035.TW,智原,技術面,因子轉弱,20.0,-20.0,-40.0,32.0,16.0,170.5,False,,172.5,1.1730205278592376,169.5,-0.5865102639296188,172.0,0.8797653958944283,184.5,8.211143695014663
2026-08-18,3037.TW,欣興,技術面,因子轉弱,90.0,60.0,-30.0,65.0,53.0,1145.0,True,3,1130.0,-1.3100436681222707,1085.0,-5.240174672489083,1095.0,-4.366812227074235,973.0,-15.021834061135372
2026-08-18,3105.TWO,穩懋,技術面,因子轉弱,45.0,15.0,-30.0,18.0,6.0,374.5,False,,363.5,-2.9372496662216285,373.0,-0.4005340453938585,379.0,1.2016021361815754,469.5,25.367156208277702
2026-08-18,3163.TWO,波若威,技術面,因子轉弱,45.0,5.0,-40.0,18.0,2.0,711.0,False,,710.0,-0.14064697609001406,783.0,10.126582278481013,770.0,8.29817158931083,766.0,7.7355836849507735
2026-08-18,3189.TW,景碩,技術面,因子轉弱,65.0,20.0,-45.0,43.0,24.0,865.0,True,3,849.0,-1.8497109826589597,811.0,-6.242774566473988,835.0,-3.4682080924855487,847.0,-2.0809248554913293
2026-08-18,3189.TW,景碩,量價面,因子轉弱,25.0,0.0,-25.0,43.0,24.0,865.0,True,3,849.0,-1.8497109826589597,811.0,-6.242774566473988,835.0,-3.4682080924855487,847.0,-2.0809248554913293
2026-08-18,3231.TW,緯創,籌碼面,因子轉弱,50.0,-80.0,-130.0,22.0,-30.0,181.0,True,3,182.0,0.5524861878453038,175.5,-3.0386740331491713,178.5,-1.3812154696132597,185.5,2.4861878453038675
2026-08-18,3324.TWO,雙鴻,技術面,因子轉弱,5.0,-20.0,-25.0,2.0,-8.0,978.0,False,,989.0,1.1247443762781186,969.0,-0.9202453987730062,1065.0,8.895705521472392,1435.0,46.7280163599182
2026-08-18,3363.TWO,上詮,技術面,因子轉弱,45.0,-20.0,-65.0,18.0,-8.0,586.0,False,,584.0,-0.3412969283276451,600.0,2.3890784982935154,623.0,6.313993174061433,780.0,33.105802047781566
2026-08-18,3481.TW,群創,技術面,因子轉弱,55.0,5.0,-50.0,54.0,14.0,49.5,True,1,46.75,-5.555555555555555,46.05,-6.969696969696976,46.8,-5.45454545454546,49.05,-0.9090909090909147
2026-08-18,3481.TW,群創,籌碼面,因子轉弱,80.0,30.0,-50.0,54.0,14.0,49.5,True,1,46.75,-5.555555555555555,46.05,-6.969696969696976,46.8,-5.45454545454546,49.05,-0.9090909090909147
2026-08-18,3673.TW,TPK-KY,技術面,因子轉弱,45.0,15.0,-30.0,42.0,30.0,60.2,False,,59.5,-1.1627906976744233,63.3,5.149501661129558,66.0,9.634551495016606,67.0,11.295681063122919
2026-08-18,4908.TWO,前鼎,技術面,因子轉弱,45.0,5.0,-40.0,18.0,2.0,150.0,False,,152.5,1.6666666666666667,153.0,2.0,162.0,8.0,218.0,45.33333333333333
2026-08-18,4931.TWO,新盛力,技術面,因子轉弱,60.0,5.0,-55.0,24.0,2.0,259.5,True,5,268.0,3.275529865125241,280.0,7.89980732177264,245.0,-5.5876685934489405,250.0,-3.6608863198458574
2026-08-18,4958.TW,臻鼎-KY,技術面,因子轉弱,45.0,5.0,-40.0,4.0,-28.0,474.0,True,1,457.0,-3.5864978902953584,441.0,-6.962025316455696,444.0,-6.329113924050633,507.0,6.962025316455696
2026-08-18,4958.TW,臻鼎-KY,籌碼面,因子轉弱,-35.0,-75.0,-40.0,4.0,-28.0,474.0,True,1,457.0,-3.5864978902953584,441.0,-6.962025316455696,444.0,-6.329113924050633,507.0,6.962025316455696
2026-08-18,4967.TW,十銓,技術面,因子轉弱,5.0,-20.0,-25.0,-38.0,-40.0,252.0,False,,260.0,3.1746031746031744,276.0,9.523809523809524,272.5,8.134920634920634,278.0,10.317460317460316
2026-08-18,4979.TWO,華星光,技術面,因子轉弱,45.0,5.0,-40.0,18.0,2.0,528.0,False,,529.0,0.1893939393939394,577.0,9.280303030303031,601.0,13.825757575757574,624.0,18.181818181818183
2026-08-18,5289.TWO,宜鼎,技術面,因子轉弱,45.0,5.0,-40.0,18.0,2.0,1460.0,False,,1515.0,3.767123287671233,1560.0,6.8493150684931505,1510.0,3.4246575342465753,1420.0,-2.73972602739726
2026-08-18,5439.TWO,高技,技術面,因子轉弱,45.0,5.0,-40.0,18.0,2.0,242.0,True,1,234.5,-3.0991735537190084,239.5,-1.0330578512396695,241.5,-0.2066115702479339,269.5,11.363636363636363
2026-08-18,5530.TWO,龍巖,技術面,因子轉弱,55.0,5.0,-50.0,22.0,2.0,49.25,False,,49.9,1.3197969543147179,50.5,2.5380710659898478,50.6,2.7411167512690384,50.2,1.92893401015229
2026-08-18,6116.TW,彩晶,技術面,因子轉弱,45.0,-20.0,-65.0,6.0,-20.0,13.7,False,,14.25,4.0145985401459905,13.8,0.7299270072992805,14.1,2.919708029197083,14.15,3.284671532846723
2026-08-18,6214.TW,精誠,量價面,因子轉弱,25.0,0.0,-25.0,55.0,48.0,176.0,False,,178.5,1.4204545454545454,179.5,1.9886363636363635,181.5,3.125,183.0,3.977272727272727
2026-08-18,6230.TW,超眾,技術面,因子轉弱,20.0,-20.0,-40.0,-2.0,-18.0,108.0,False,,106.0,-1.8518518518518516,107.5,-0.4629629629629629,106.5,-1.3888888888888888,110.0,1.8518518518518516
2026-08-18,6269.TW,台郡,技術面,因子轉弱,45.0,5.0,-40.0,42.0,26.0,64.4,True,3,62.7,-2.6397515527950355,62.4,-3.105590062111812,61.9,-3.8819875776397623,71.7,11.33540372670807
2026-08-18,6285.TW,啟碁,籌碼面,因子轉弱,-30.0,-75.0,-45.0,-20.0,-38.0,236.0,False,,235.5,-0.211864406779661,235.5,-0.211864406779661,233.5,-1.059322033898305,245.5,4.025423728813559
2026-08-18,6426.TW,統新,籌碼面,因子轉弱,20.0,-25.0,-45.0,32.0,14.0,244.0,True,1,231.0,-5.327868852459016,241.0,-1.2295081967213115,255.0,4.508196721311475,257.0,5.327868852459016
2026-08-18,6770.TW,力積電,技術面,因子轉弱,45.0,5.0,-40.0,30.0,14.0,69.7,True,1,66.6,-4.447632711621246,68.4,-1.8651362984218034,69.0,-1.0043041606886698,70.4,1.0043041606886698
2026-08-18,7769.TW,鴻勁,技術面,因子轉弱,45.0,5.0,-40.0,46.0,18.0,6525.0,True,5,6445.0,-1.2260536398467434,6405.0,-1.839080459770115,6210.0,-4.827586206896552,5710.0,-12.490421455938696
2026-08-18,7769.TW,鴻勁,籌碼面,因子轉弱,70.0,40.0,-30.0,46.0,18.0,6525.0,True,5,6445.0,-1.2260536398467434,6405.0,-1.839080459770115,6210.0,-4.827586206896552,5710.0,-12.490421455938696
2026-08-18,8028.TW,昇陽半導體,技術面,因子轉弱,-5.0,-35.0,-30.0,-14.0,-36.0,248.5,False,,247.0,-0.6036217303822937,242.5,-2.414486921529175,242.0,-2.61569416498994,245.5,-1.2072434607645874
2026-08-18,8046.TW,南電,技術面,因子轉弱,55.0,5.0,-50.0,10.0,-20.0,1245.0,True,1,1180.0,-5.220883534136546,1135.0,-8.835341365461847,1160.0,-6.827309236947792,1200.0,-3.614457831325301
2026-08-18,8358.TWO,金居,技術面,因子轉弱,45.0,15.0,-30.0,18.0,6.0,416.0,False,,410.5,-1.3221153846153846,436.0,4.807692307692308,429.0,3.125,503.0,20.91346153846154
2026-08-18,9105.TW,泰金寶-DR,技術面,因子轉弱,60.0,15.0,-45.0,36.0,18.0,8.42,False,,8.45,0.35629453681709455,8.42,0.0,8.3,-1.4251781472683993,8.48,0.7125890736342102
2026-08-19,00403A.TW,主動統一升級50,籌碼面,因子轉弱,60.0,30.0,-30.0,26.0,14.0,9.97,False,,10.03,0.6018054162487334,9.87,-1.003009027081258,10.16,1.9057171514543578,10.06,0.9027081243731179
2026-08-19,1303.TW,南亞,技術面,因子轉弱,45.0,5.0,-40.0,12.0,-28.0,187.5,True,3,186.0,-0.8,180.0,-4.0,207.0,10.4,221.0,17.866666666666667
2026-08-19,1303.TW,南亞,籌碼面,因子轉弱,-15.0,-75.0,-60.0,12.0,-28.0,187.5,True,3,186.0,-0.8,180.0,-4.0,207.0,10.4,221.0,17.866666666666667
2026-08-19,1326.TW,台化,籌碼面,因子轉弱,30.0,-55.0,-85.0,8.0,-30.0,56.7,False,,58.4,2.998236331569657,57.1,0.7054673721340362,60.3,6.349206349206339,69.7,22.92768959435626
2026-08-19,1714.TW,和桐,籌碼面,因子轉弱,80.0,-35.0,-115.0,34.0,-12.0,16.75,False,,17.0,1.4925373134328357,16.65,-0.5970149253731428,16.55,-1.1940298507462643,16.55,-1.1940298507462643
2026-08-19,1906.TW,寶隆,籌碼面,因子轉弱,50.0,10.0,-40.0,22.0,6.0,11.35,False,,11.5,1.3215859030837036,11.55,1.7621145374449434,11.65,2.643171806167407,11.2,-1.3215859030837036
2026-08-19,2002.TW,中鋼,技術面,因子轉弱,-30.0,-55.0,-25.0,-42.0,-62.0,18.95,False,,19.35,2.110817941952518,19.2,1.3192612137203166,19.35,2.110817941952518,19.0,0.2638522427440671
2026-08-19,2313.TW,華通,籌碼面,因子轉弱,50.0,-70.0,-120.0,12.0,-36.0,207.5,False,,217.5,4.819277108433735,212.5,2.4096385542168677,222.0,6.987951807228916,236.0,13.734939759036143
2026-08-19,2324.TW,仁寶,籌碼面,因子轉弱,60.0,30.0,-30.0,26.0,14.0,39.3,False,,38.5,-2.035623409669204,41.6,5.852417302798994,40.95,4.198473282442762,38.75,-1.3994910941475756
2026-08-19,2330.TW,台積電,籌碼面,因子轉弱,60.0,-75.0,-135.0,26.0,-24.0,2350.0,False,,2375.0,1.0638297872340425,2375.0,1.0638297872340425,2415.0,2.7659574468085104,2390.0,1.702127659574468
2026-08-19,2331.TW,精英,技術面,因子轉弱,45.0,5.0,-40.0,-14.0,-20.0,19.5,False,,19.95,2.307692307692304,19.6,0.5128205128205201,19.75,1.282051282051282,19.25,-1.282051282051282
2026-08-19,2337.TW,旺宏,技術面,因子轉弱,15.0,-20.0,-35.0,-16.0,-48.0,119.0,False,,122.0,2.5210084033613445,124.0,4.201680672268908,125.5,5.46218487394958,117.0,-1.680672268907563
2026-08-19,2337.TW,旺宏,籌碼面,因子轉弱,-55.0,-100.0,-45.0,-16.0,-48.0,119.0,False,,122.0,2.5210084033613445,124.0,4.201680672268908,125.5,5.46218487394958,117.0,-1.680672268907563
2026-08-19,2338.TW,光罩,技術面,因子轉弱,15.0,-20.0,-35.0,-12.0,-26.0,37.8,False,,38.2,1.0582010582010732,38.35,1.4550264550264664,39.65,4.894179894179898,38.05,0.6613756613756614
2026-08-19,2353.TW,宏碁,籌碼面,因子轉弱,50.0,-30.0,-80.0,22.0,-10.0,30.9,False,,31.0,0.32362459546926026,31.1,0.6472491909385205,31.4,1.6181229773462786,31.25,1.1326860841423994
2026-08-19,2356.TW,英業達,籌碼面,因子轉弱,30.0,-50.0,-80.0,14.0,-18.0,65.2,False,,64.5,-1.073619631901845,66.1,1.3803680981594961,66.8,2.453987730061341,65.0,-0.30674846625767305
2026-08-19,2362.TW,藍天,籌碼面,因子轉弱,30.0,-80.0,-110.0,4.0,-40.0,47.15,False,,47.35,0.4241781548250325,48.85,3.605514316012731,49.2,4.34782608695653,47.25,0.21208907741251626
2026-08-19,2374.TW,佳能,技術面,因子轉弱,15.0,-20.0,-35.0,14.0,-34.0,66.9,False,,67.1,0.2989536621823447,67.1,0.2989536621823447,70.1,4.78325859491777,67.9,1.4947683109118086
2026-08-19,2374.TW,佳能,籌碼面,因子轉弱,20.0,-65.0,-85.0,14.0,-34.0,66.9,False,,67.1,0.2989536621823447,67.1,0.2989536621823447,70.1,4.78325859491777,67.9,1.4947683109118086
2026-08-19,2376.TW,技嘉,籌碼面,因子轉弱,50.0,-55.0,-105.0,22.0,-20.0,348.5,False,,344.0,-1.291248206599713,341.0,-2.1520803443328553,351.5,0.860832137733142,350.5,0.5738880918220948
2026-08-19,2383.TW,台光電,技術面,因子轉弱,45.0,15.0,-30.0,50.0,14.0,5880.0,True,3,5985.0,1.7857142857142856,5430.0,-7.653061224489796,5895.0,0.25510204081632654,5290.0,-10.034013605442176
2026-08-19,2383.TW,台光電,籌碼面,因子轉弱,80.0,20.0,-60.0,50.0,14.0,5880.0,True,3,5985.0,1.7857142857142856,5430.0,-7.653061224489796,5895.0,0.25510204081632654,5290.0,-10.034013605442176
2026-08-19,2408.TW,南亞科,技術面,因子轉弱,45.0,5.0,-40.0,50.0,22.0,481.0,False,,517.0,7.484407484407485,501.0,4.158004158004158,517.0,7.484407484407485,477.5,-0.7276507276507277
2026-08-19,2408.TW,南亞科,籌碼面,因子轉弱,80.0,50.0,-30.0,50.0,22.0,481.0,False,,517.0,7.484407484407485,501.0,4.158004158004158,517.0,7.484407484407485,477.5,-0.7276507276507277
2026-08-19,2409.TW,友達,技術面,因子轉弱,45.0,5.0,-40.0,30.0,14.0,26.15,True,3,25.8,-1.3384321223709288,25.25,-3.4416826003824035,25.5,-2.4856596558317348,26.55,1.529636711281079
2026-08-19,2421.TW,建準,籌碼面,因子轉弱,80.0,30.0,-50.0,28.0,4.0,145.0,False,,144.0,-0.6896551724137931,143.5,-1.0344827586206897,151.5,4.482758620689655,164.5,13.448275862068964
2026-08-19,2451.TW,創見,技術面,因子轉弱,5.0,-20.0,-25.0,14.0,4.0,281.0,False,,284.5,1.2455516014234875,316.0,12.455516014234876,301.0,7.11743772241993,286.0,1.7793594306049825
2026-08-19,2485.TW,兆赫,技術面,因子轉弱,5.0,-20.0,-25.0,26.0,16.0,40.35,False,,41.1,1.858736059479554,42.1,4.337050805452292,43.05,6.691449814126384,40.7,0.867410161090462
2026-08-19,2498.TW,宏達電,籌碼面,因子轉弱,60.0,-75.0,-135.0,16.0,-34.0,39.85,False,,40.0,0.3764115432873239,40.5,1.6311166875784155,40.7,2.1329987452948593,41.6,4.391468005018821
2026-08-19,2603.TW,長榮,量價面,因子轉弱,25.0,0.0,-25.0,67.0,56.0,240.5,True,5,246.0,2.2869022869022873,250.5,4.158004158004158,231.0,-3.9501039501039505,239.0,-0.6237006237006237
2026-08-19,2605.TW,新興,籌碼面,因子轉弱,60.0,-35.0,-95.0,61.0,17.0,36.75,True,5,36.4,-0.9523809523809563,36.6,-0.4081632653061186,34.85,-5.17006802721088,35.5,-3.4013605442176873
2026-08-19,2618.TW,長榮航,技術面,因子轉弱,20.0,-5.0,-25.0,40.0,22.0,41.6,False,,42.25,1.5624999999999964,42.65,2.5240384615384546,43.0,3.365384615384612,42.8,2.8846153846153744
2026-08-19,2882.TW,國泰金,籌碼面,因子轉弱,50.0,-75.0,-125.0,12.0,-38.0,98.3,False,,97.7,-0.6103763987792414,98.9,0.6103763987792559,102.5,4.272634791454733,112.5,14.445574771108854
2026-08-19,2887.TW,台新金,技術面,因子轉弱,45.0,5.0,-40.0,30.0,-20.0,36.4,False,,35.95,-1.2362637362637245,36.5,0.27472527472527863,37.5,3.0219780219780263,41.45,13.873626373626385
2026-08-19,2887.TW,台新金,籌碼面,因子轉弱,30.0,-55.0,-85.0,30.0,-20.0,36.4,False,,35.95,-1.2362637362637245,36.5,0.27472527472527863,37.5,3.0219780219780263,41.45,13.873626373626385
2026-08-19,2891.TW,中信金,技術面,因子轉弱,60.0,-10.0,-70.0,-8.0,-34.0,64.9,False,,63.4,-2.3112480739599492,63.6,-2.00308166409862,64.6,-0.46224961479200516,67.5,4.006163328197218
2026-08-19,3022.TW,威強電,技術面,因子轉弱,-20.0,-45.0,-25.0,-40.0,-40.0,91.9,True,10,92.5,0.6528835690968382,93.8,2.067464635473331,92.5,0.6528835690968382,87.2,-5.1142546245919505
2026-08-19,3037.TW,欣興,量價面,因子轉弱,25.0,0.0,-25.0,53.0,42.0,1130.0,True,3,1140.0,0.8849557522123894,1075.0,-4.867256637168142,1160.0,2.6548672566371683,923.0,-18.318584070796458
2026-08-19,3062.TW,建漢,技術面,因子轉弱,5.0,-20.0,-25.0,26.0,-4.0,20.3,False,,20.5,0.9852216748768439,20.55,1.231527093596059,20.85,2.709359605911333,20.4,0.49261083743841316
2026-08-19,3062.TW,建漢,籌碼面,因子轉弱,60.0,10.0,-50.0,26.0,-4.0,20.3,False,,20.5,0.9852216748768439,20.55,1.231527093596059,20.85,2.709359605911333,20.4,0.49261083743841316
2026-08-19,3081.TWO,聯亞,技術面,因子轉弱,65.0,20.0,-45.0,31.0,8.0,2680.0,False,,2780.0,3.731343283582089,2765.0,3.171641791044776,3255.0,21.455223880597014,3120.0,16.417910447761194
2026-08-19,3081.TWO,聯亞,量價面,因子轉弱,25.0,0.0,-25.0,31.0,8.0,2680.0,False,,2780.0,3.731343283582089,2765.0,3.171641791044776,3255.0,21.455223880597014,3120.0,16.417910447761194
2026-08-19,3105.TWO,穩懋,技術面,因子轉弱,15.0,-20.0,-35.0,6.0,-8.0,363.5,False,,379.0,4.264099037138927,355.0,-2.3383768913342506,405.0,11.416781292984869,446.5,22.833562585969737
2026-08-19,3189.TW,景碩,籌碼面,因子轉弱,40.0,-20.0,-60.0,24.0,-2.0,849.0,True,3,851.0,0.23557126030624262,794.0,-6.478209658421672,881.0,3.769140164899882,775.0,-8.716136631330977
2026-08-19,3231.TW,緯創,技術面,因子轉弱,5.0,-20.0,-25.0,-30.0,-38.0,182.0,True,3,180.0,-1.098901098901099,175.5,-3.571428571428571,182.0,0.0,188.5,3.571428571428571
2026-08-19,3443.TW,創意,技術面,因子轉弱,45.0,5.0,-40.0,50.0,34.0,5295.0,False,,5630.0,6.326723323890462,5365.0,1.3220018885741265,6125.0,15.675165250236073,5800.0,9.537299338999055
2026-08-19,3481.TW,群創,籌碼面,因子轉弱,30.0,-55.0,-85.0,14.0,-26.0,46.75,False,,46.0,-1.6042780748663104,45.45,-2.780748663101598,46.4,-0.7486631016042811,48.1,2.8877005347593614
2026-08-19,3673.TW,TPK-KY,技術面,因子轉弱,15.0,-20.0,-35.0,30.0,-36.0,59.5,False,,65.1,9.411764705882343,63.1,6.050420168067229,68.1,14.453781512605032,64.7,8.739495798319332
2026-08-19,3673.TW,TPK-KY,籌碼面,因子轉弱,60.0,-70.0,-130.0,30.0,-36.0,59.5,False,,65.1,9.411764705882343,63.1,6.050420168067229,68.1,14.453781512605032,64.7,8.739495798319332
2026-08-19,3711.TW,日月光投控,技術面,因子轉弱,15.0,-10.0,-25.0,30.0,8.0,588.0,False,,590.0,0.3401360544217687,592.0,0.6802721088435374,592.0,0.6802721088435374,589.0,0.17006802721088435
2026-08-19,3711.TW,日月光投控,籌碼面,因子轉弱,60.0,30.0,-30.0,30.0,8.0,588.0,False,,590.0,0.3401360544217687,592.0,0.6802721088435374,592.0,0.6802721088435374,589.0,0.17006802721088435
2026-08-19,6191.TW,精成科,技術面,因子轉弱,15.0,-10.0,-25.0,38.0,-32.0,82.5,False,,82.6,0.12121212121211432,81.1,-1.6969696969697037,82.1,-0.4848484848484917,81.4,-1.3333333333333264
2026-08-19,6191.TW,精成科,籌碼面,因子轉弱,80.0,-70.0,-150.0,38.0,-32.0,82.5,False,,82.6,0.12121212121211432,81.1,-1.6969696969697037,82.1,-0.4848484848484917,81.4,-1.3333333333333264
2026-08-19,6230.TW,超眾,技術面,因子轉弱,-20.0,-55.0,-35.0,-18.0,-32.0,106.0,False,,107.0,0.9433962264150944,107.0,0.9433962264150944,109.0,2.8301886792452833,106.0,0.0
2026-08-19,6239.TW,力成,技術面,因子轉弱,5.0,-20.0,-25.0,-28.0,-38.0,262.5,False,,268.5,2.2857142857142856,269.5,2.666666666666667,286.0,8.952380952380953,275.0,4.761904761904762
2026-08-19,6269.TW,台郡,技術面,因子轉弱,5.0,-20.0,-25.0,26.0,-24.0,62.7,False,,63.6,1.4354066985645908,61.9,-1.2759170653907563,66.3,5.741626794258363,65.0,3.6682615629984006
2026-08-19,6269.TW,台郡,籌碼面,因子轉弱,60.0,-40.0,-100.0,26.0,-24.0,62.7,False,,63.6,1.4354066985645908,61.9,-1.2759170653907563,66.3,5.741626794258363,65.0,3.6682615629984006
2026-08-19,6488.TWO,環球晶,技術面,因子轉弱,30.0,5.0,-25.0,12.0,2.0,983.0,True,5,993.0,1.017293997965412,1010.0,2.746693794506612,949.0,-3.458799593082401,927.0,-5.696846388606307
2026-08-19,6669.TW,緯穎,技術面,因子轉弱,55.0,5.0,-50.0,20.0,-20.0,6375.0,True,10,6325.0,-0.7843137254901961,6300.0,-1.1764705882352942,6785.0,6.431372549019608,2475.0,-61.1764705882353
2026-08-19,6669.TW,緯穎,籌碼面,因子轉弱,-5.0,-55.0,-50.0,20.0,-20.0,6375.0,True,10,6325.0,-0.7843137254901961,6300.0,-1.1764705882352942,6785.0,6.431372549019608,2475.0,-61.1764705882353
2026-08-19,6770.TW,力積電,籌碼面,因子轉弱,30.0,-75.0,-105.0,14.0,-28.0,66.6,False,,67.3,1.0510510510510556,70.8,6.306306306306311,70.2,5.405405405405419,67.8,1.8018018018018063
2026-08-19,8039.TW,台虹,籌碼面,因子轉弱,80.0,30.0,-50.0,50.0,34.0,271.5,False,,283.0,4.23572744014733,265.0,-2.394106813996317,320.5,18.047882136279927,293.0,7.918968692449356
2026-08-19,8150.TW,南茂,技術面,因子轉弱,5.0,-20.0,-25.0,-28.0,4.0,87.3,False,,87.9,0.6872852233677074,87.7,0.45819014891180493,91.1,4.352806414662082,89.1,2.0618556701030895
2026-08-19,8215.TW,明基材,技術面,因子轉弱,5.0,-20.0,-25.0,10.0,-4.0,23.9,False,,24.2,1.2552301255230156,23.85,-0.2092050209204902,24.35,1.8828451882845307,25.3,5.857740585774067
2026-08-19,9105.TW,泰金寶-DR,籌碼面,因子轉弱,30.0,-30.0,-60.0,18.0,-10.0,8.45,False,,8.35,-1.1834319526627177,8.42,-0.35502958579880906,8.32,-1.5384615384615268,8.54,1.065088757396448
2026-08-20,00878.TW,國泰永續高股息,技術面,因子轉弱,5.0,-20.0,-25.0,-20.0,-30.0,32.15,False,,32.38,0.7153965785381151,32.64,1.5241057542768337,32.71,1.7418351477449527,34.11,6.096423017107313
2026-08-20,1326.TW,台化,技術面,因子轉弱,-20.0,-45.0,-25.0,-30.0,-30.0,58.4,False,,60.1,2.9109589041095942,58.0,-0.6849315068493127,63.2,8.219178082191789,69.8,19.520547945205475
2026-08-20,1717.TW,長興,技術面,因子轉弱,5.0,-20.0,-25.0,22.0,-48.0,70.2,False,,71.6,1.9943019943019822,71.7,2.1367521367521367,75.8,7.977207977207969,76.1,8.404558404558392
2026-08-20,1717.TW,長興,籌碼面,因子轉弱,50.0,-100.0,-150.0,22.0,-48.0,70.2,False,,71.6,1.9943019943019822,71.7,2.1367521367521367,75.8,7.977207977207969,76.1,8.404558404558392
2026-08-20,1802.TW,台玻,籌碼面,因子轉弱,60.0,30.0,-30.0,26.0,38.0,57.7,False,,57.6,-0.17331022530329535,58.0,0.5199306759098737,59.2,2.5996533795493932,59.1,2.4263431542460983
2026-08-20,2027.TW,大成鋼,籌碼面,因子轉弱,60.0,-30.0,-90.0,42.0,6.0,50.5,True,5,50.3,-0.39603960396040166,50.6,0.19801980198020083,48.65,-3.6633663366336657,50.2,-0.5940594059405885
2026-08-20,2312.TW,金寶,技術面,因子轉弱,5.0,-20.0,-25.0,14.0,-40.0,31.35,False,,31.05,-0.9569377990430644,31.4,0.15948963317383463,31.7,1.1164274322168992,32.85,4.784688995215311
2026-08-20,2312.TW,金寶,籌碼面,因子轉弱,30.0,-80.0,-110.0,14.0,-40.0,31.35,False,,31.05,-0.9569377990430644,31.4,0.15948963317383463,31.7,1.1164274322168992,32.85,4.784688995215311
2026-08-20,2317.TW,鴻海,技術面,因子轉弱,-20.0,-45.0,-25.0,-38.0,-48.0,246.5,False,,245.5,-0.4056795131845842,243.0,-1.4198782961460445,252.0,2.231237322515213,256.0,3.8539553752535496
2026-08-20,2327.TW,國巨,技術面,因子轉弱,15.0,-20.0,-35.0,-24.0,-38.0,562.0,True,3,554.0,-1.4234875444839856,544.0,-3.202846975088968,555.0,-1.2455516014234875,562.0,0.0
2026-08-20,2330.TW,台積電,技術面,因子轉弱,15.0,-20.0,-35.0,-24.0,-28.0,2375.0,False,,2410.0,1.4736842105263157,2400.0,1.0526315789473684,2410.0,1.4736842105263157,2410.0,1.4736842105263157
2026-08-20,2338.TW,光罩,籌碼面,因子轉弱,-45.0,-80.0,-35.0,-26.0,-40.0,38.2,False,,38.25,0.1308900523560135,38.55,0.9162303664921316,39.2,2.6178010471204183,38.6,1.0471204188481638
2026-08-20,2356.TW,英業達,技術面,因子轉弱,5.0,-20.0,-25.0,-18.0,4.0,64.5,False,,65.7,1.8604651162790742,65.4,1.3953488372093112,65.6,1.7054263565891385,67.5,4.651162790697675
2026-08-20,2368.TW,金像電,技術面,因子轉弱,45.0,5.0,-40.0,-4.0,-20.0,1025.0,True,1,965.0,-5.853658536585367,971.0,-5.2682926829268295,1030.0,0.4878048780487805,1045.0,1.951219512195122
2026-08-20,2376.TW,技嘉,技術面,因子轉弱,5.0,-20.0,-25.0,-20.0,12.0,344.0,False,,339.5,-1.308139534883721,347.5,1.0174418604651163,345.0,0.29069767441860467,361.0,4.941860465116279
2026-08-20,2382.TW,廣達,技術面,因子轉弱,45.0,5.0,-40.0,50.0,22.0,327.0,False,,321.5,-1.6819571865443423,328.5,0.45871559633027525,333.5,1.9877675840978593,345.0,5.5045871559633035
2026-08-20,2382.TW,廣達,籌碼面,因子轉弱,80.0,50.0,-30.0,50.0,22.0,327.0,False,,321.5,-1.6819571865443423,328.5,0.45871559633027525,333.5,1.9877675840978593,345.0,5.5045871559633035
2026-08-20,2408.TW,南亞科,籌碼面,因子轉弱,50.0,-30.0,-80.0,22.0,10.0,517.0,True,10,528.0,2.127659574468085,510.0,-1.3539651837524178,541.0,4.642166344294004,496.0,-4.061895551257253
2026-08-20,2421.TW,建準,籌碼面,因子轉弱,30.0,-80.0,-110.0,4.0,-40.0,144.0,False,,142.5,-1.0416666666666665,144.0,0.0,159.5,10.76388888888889,178.0,23.61111111111111
2026-08-20,2451.TW,創見,籌碼面,因子轉弱,30.0,-50.0,-80.0,4.0,-28.0,284.5,False,,312.5,9.84182776801406,299.0,5.0966608084358525,298.0,4.745166959578207,284.5,0.0
2026-08-20,2454.TW,聯發科,籌碼面,因子轉弱,30.0,-80.0,-110.0,14.0,-36.0,3700.0,False,,3790.0,2.4324324324324325,3735.0,0.945945945945946,3865.0,4.45945945945946,4415.0,19.324324324324323
2026-08-20,2498.TW,宏達電,技術面,因子轉弱,-10.0,-40.0,-30.0,-34.0,-20.0,40.0,False,,40.95,2.375000000000007,40.5,1.25,40.5,1.25,41.6,4.0000000000000036
2026-08-20,2540.TW,愛山林,籌碼面,因子轉弱,60.0,20.0,-40.0,22.0,10.0,48.3,True,3,47.55,-1.5527950310559007,46.6,-3.5196687370600324,48.0,-0.6211180124223544,47.15,-2.380952380952378
2026-08-20,2603.TW,長榮,籌碼面,因子轉弱,80.0,50.0,-30.0,56.0,48.0,246.0,True,5,251.5,2.2357723577235773,246.0,0.0,232.5,-5.487804878048781,233.0,-5.284552845528456
2026-08-20,2605.TW,新興,籌碼面,因子轉弱,-35.0,-75.0,-40.0,17.0,-8.0,36.4,True,5,37.8,3.8461538461538423,36.7,0.824175824175836,34.4,-5.4945054945054945,35.85,-1.5109890109890032
2026-08-20,2605.TW,新興,量價面,因子轉弱,25.0,0.0,-25.0,17.0,-8.0,36.4,True,5,37.8,3.8461538461538423,36.7,0.824175824175836,34.4,-5.4945054945054945,35.85,-1.5109890109890032
2026-08-20,2609.TW,陽明,籌碼面,因子轉弱,80.0,50.0,-30.0,71.0,55.0,60.3,True,5,64.0,6.135986733001663,63.6,5.472636815920405,57.9,-3.98009950248756,58.2,-3.4825870646766073
2026-08-20,2612.TW,中航,技術面,因子轉弱,90.0,70.0,-20.0,65.0,48.0,58.7,False,,60.2,2.555366269165247,63.8,8.68824531516183,62.0,5.6218057921635385,63.3,7.836456558773413
2026-08-20,2612.TW,中航,量價面,因子轉弱,25.0,0.0,-25.0,65.0,48.0,58.7,False,,60.2,2.555366269165247,63.8,8.68824531516183,62.0,5.6218057921635385,63.3,7.836456558773413
2026-08-20,2617.TW,台航,量價面,因子轉弱,25.0,0.0,-25.0,61.0,54.0,30.95,False,,31.8,2.746365105008082,31.85,2.9079159935379715,31.3,1.1308562197092131,32.45,4.84652665589662
2026-08-20,2618.TW,長榮航,籌碼面,因子轉弱,60.0,-15.0,-75.0,22.0,-8.0,42.25,False,,42.6,0.8284023668639087,42.2,-0.11834319526626547,42.75,1.183431952662722,42.5,0.591715976331361
2026-08-20,2637.TW,慧洋-KY,籌碼面,因子轉弱,80.0,50.0,-30.0,69.0,55.0,94.7,False,,102.0,7.708553326293556,95.5,0.8447729672650445,94.6,-0.10559662090813993,99.8,5.385427666314672
2026-08-20,2832.TW,台產,籌碼面,因子轉弱,40.0,0.0,-40.0,40.0,37.0,61.0,True,10,61.5,0.819672131147541,60.5,-0.819672131147541,60.0,-1.639344262295082,58.5,-4.098360655737705
2026-08-20,2881.TW,富邦金,技術面,因子轉弱,45.0,15.0,-30.0,42.0,-26.0,128.0,False,,134.0,4.6875,141.5,10.546875,141.5,10.546875,150.5,17.578125
2026-08-20,2881.TW,富邦金,籌碼面,因子轉弱,60.0,-80.0,-140.0,42.0,-26.0,128.0,False,,134.0,4.6875,141.5,10.546875,141.5,10.546875,150.5,17.578125
2026-08-20,2886.TW,兆豐金,技術面,因子轉弱,-15.0,-55.0,-40.0,26.0,-2.0,46.4,False,,46.95,1.1853448275862162,47.0,1.2931034482758652,46.15,-0.5387931034482759,49.55,6.788793103448273
2026-08-20,2886.TW,兆豐金,籌碼面,因子轉弱,80.0,50.0,-30.0,26.0,-2.0,46.4,False,,46.95,1.1853448275862162,47.0,1.2931034482758652,46.15,-0.5387931034482759,49.55,6.788793103448273
2026-08-20,2892.TW,第一金,技術面,因子轉弱,-15.0,-55.0,-40.0,26.0,10.0,33.3,False,,33.65,1.0510510510510556,33.8,1.5015015015015016,33.35,0.15015015015016298,37.3,12.012012012012013
2026-08-20,3013.TW,晟銘電,籌碼面,因子轉弱,50.0,10.0,-40.0,12.0,-4.0,82.2,False,,82.9,0.8515815085158186,85.1,3.5279805352797946,87.9,6.934306569343068,88.0,7.055961070559608
2026-08-20,3017.TW,奇鋐,籌碼面,因子轉弱,80.0,50.0,-30.0,34.0,22.0,2985.0,True,1,2865.0,-4.0201005025125625,2950.0,-1.1725293132328307,3340.0,11.892797319932999,3570.0,19.597989949748744
2026-08-20,3022.TW,威強電,籌碼面,因子轉弱,-55.0,-100.0,-45.0,-40.0,-44.0,92.5,False,,90.2,-2.4864864864864833,93.0,0.5405405405405406,91.5,-1.0810810810810811,95.9,3.6756756756756817
2026-08-20,3035.TW,智原,籌碼面,因子轉弱,80.0,-70.0,-150.0,28.0,-36.0,172.0,False,,169.5,-1.4534883720930232,172.0,0.0,176.5,2.616279069767442,179.5,4.3604651162790695
2026-08-20,3037.TW,欣興,籌碼面,因子轉弱,60.0,30.0,-30.0,42.0,30.0,1140.0,True,1,1085.0,-4.824561403508771,1095.0,-3.9473684210526314,1180.0,3.508771929824561,902.0,-20.87719298245614
2026-08-20,3443.TW,創意,籌碼面,因子轉弱,80.0,50.0,-30.0,34.0,38.0,5630.0,False,,5600.0,-0.5328596802841918,5570.0,-1.0657193605683837,5920.0,5.150976909413854,5810.0,3.197158081705151
2026-08-20,3711.TW,日月光投控,籌碼面,因子轉弱,30.0,-55.0,-85.0,8.0,-26.0,590.0,False,,587.0,-0.5084745762711864,591.0,0.1694915254237288,605.0,2.5423728813559325,588.0,-0.3389830508474576
2026-08-20,4903.TWO,聯光通,技術面,因子轉弱,-20.0,-45.0,-25.0,-8.0,-18.0,34.7,False,,34.7,0.0,36.0,3.7463976945244872,36.6,5.475504322766566,36.95,6.484149855907781
2026-08-20,4938.TW,和碩,籌碼面,因子轉弱,50.0,-80.0,-130.0,22.0,-30.0,89.7,False,,88.6,-1.2263099219621054,88.8,-1.0033444816053574,89.4,-0.3344481605351139,95.4,6.354515050167227
2026-08-20,4960.TW,誠美材,技術面,因子轉弱,5.0,-20.0,-25.0,-4.0,4.0,20.5,False,,20.9,1.951219512195115,21.2,3.4146341463414602,22.15,8.048780487804871,21.1,2.9268292682926895
2026-08-20,4966.TWO,譜瑞-KY,技術面,因子轉弱,35.0,-35.0,-70.0,14.0,-14.0,567.0,False,,566.0,-0.1763668430335097,556.0,-1.9400352733686066,590.0,4.056437389770723,569.0,0.3527336860670194
2026-08-20,5289.TWO,宜鼎,技術面,因子轉弱,20.0,-20.0,-40.0,8.0,-8.0,1490.0,True,10,1560.0,4.697986577181208,1510.0,1.342281879194631,1490.0,0.0,1360.0,-8.724832214765101
2026-08-20,5469.TW,瀚宇博,技術面,因子轉弱,15.0,-20.0,-35.0,-22.0,-38.0,71.6,False,,70.7,-1.256983240223452,71.4,-0.27932960893853165,73.0,1.9553072625698404,71.6,0.0
2026-08-20,6116.TW,彩晶,技術面,因子轉弱,40.0,-10.0,-50.0,40.0,-22.0,13.8,False,,13.8,0.0,14.1,2.173913043478253,14.85,7.608695652173905,14.05,1.8115942028985508
2026-08-20,6116.TW,彩晶,籌碼面,因子轉弱,60.0,-45.0,-105.0,40.0,-22.0,13.8,False,,13.8,0.0,14.1,2.173913043478253,14.85,7.608695652173905,14.05,1.8115942028985508
2026-08-20,6214.TW,精誠,籌碼面,因子轉弱,80.0,50.0,-30.0,60.0,44.0,180.0,False,,179.5,-0.2777777777777778,181.5,0.8333333333333334,182.5,1.3888888888888888,185.5,3.0555555555555554
2026-08-20,6275.TWO,元山,技術面,因子轉弱,40.0,20.0,-20.0,16.0,8.0,44.2,False,,43.8,-0.9049773755656236,44.35,0.3393665158371008,46.4,4.97737556561085,48.15,8.936651583710397
2026-08-20,8039.TW,台虹,籌碼面,因子轉弱,30.0,-55.0,-85.0,34.0,0.0,283.0,False,,282.0,-0.35335689045936397,291.5,3.0035335689045937,352.5,24.558303886925795,297.5,5.123674911660777
2026-08-20,8150.TW,南茂,籌碼面,因子轉弱,30.0,-55.0,-85.0,4.0,-30.0,87.9,False,,86.7,-1.3651877133105834,87.5,-0.45506257110353315,90.3,2.7303754266211504,90.1,2.502844141069384
2026-08-20,8299.TWO,群聯,技術面,因子轉弱,5.0,-20.0,-25.0,2.0,-8.0,1995.0,False,,2075.0,4.010025062656641,2085.0,4.511278195488721,2155.0,8.020050125313283,2015.0,1.0025062656641603
2026-08-21,00403A.TW,主動統一升級50,技術面,因子轉弱,5.0,-20.0,-25.0,14.0,4.0,9.92,False,,9.87,-0.5040322580645233,10.16,2.4193548387096793,10.22,3.0241935483871036,10.39,4.737903225806458
2026-08-21,0056.TW,元大高股息,技術面,因子轉弱,5.0,-20.0,-25.0,14.0,-30.0,52.4,False,,52.3,-0.19083969465649128,53.25,1.6221374045801553,54.6,4.1984732824427535,55.85,6.5839694656488605
2026-08-21,0056.TW,元大高股息,籌碼面,因子轉弱,30.0,-55.0,-85.0,14.0,-30.0,52.4,False,,52.3,-0.19083969465649128,53.25,1.6221374045801553,54.6,4.1984732824427535,55.85,6.5839694656488605
2026-08-21,1102.TW,亞泥,量價面,因子轉弱,25.0,0.0,-25.0,67.0,60.0,34.95,False,,34.8,-0.4291845493562394,35.2,0.7153075822603718,34.55,-1.1444921316166112,35.05,0.2861230329041325
2026-08-21,1409.TW,新纖,籌碼面,因子轉弱,-25.0,-75.0,-50.0,-8.0,-22.0,24.5,False,,24.3,-0.816326530612242,24.85,1.4285714285714344,24.6,0.40816326530612823,24.35,-0.6122448979591778
2026-08-21,1802.TW,台玻,技術面,因子轉弱,65.0,45.0,-20.0,38.0,6.0,57.6,False,,56.9,-1.2152777777777826,59.7,3.6458333333333357,60.8,5.555555555555548,60.7,5.381944444444446
2026-08-21,1802.TW,台玻,籌碼面,因子轉弱,30.0,-30.0,-60.0,38.0,6.0,57.6,False,,56.9,-1.2152777777777826,59.7,3.6458333333333357,60.8,5.555555555555548,60.7,5.381944444444446
2026-08-21,2308.TW,台達電,技術面,因子轉弱,5.0,-20.0,-25.0,-28.0,-28.0,1750.0,False,,1735.0,-0.8571428571428572,1750.0,0.0,1840.0,5.142857142857142,1850.0,5.714285714285714
2026-08-21,2313.TW,華通,技術面,因子轉弱,60.0,30.0,-30.0,56.0,24.0,213.5,False,,212.5,-0.468384074941452,222.0,3.9812646370023423,248.5,16.39344262295082,240.0,12.412177985948478
2026-08-21,2313.TW,華通,籌碼面,因子轉弱,80.0,30.0,-50.0,56.0,24.0,213.5,False,,212.5,-0.468384074941452,222.0,3.9812646370023423,248.5,16.39344262295082,240.0,12.412177985948478
2026-08-21,2324.TW,仁寶,籌碼面,因子轉弱,30.0,-100.0,-130.0,14.0,-38.0,38.95,False,,41.6,6.803594351732987,40.95,5.134788189987162,40.35,3.59435173299101,40.05,2.8241335044929246
2026-08-21,2331.TW,精英,籌碼面,因子轉弱,60.0,-55.0,-115.0,26.0,-20.0,19.8,False,,19.6,-1.0101010101010066,19.75,-0.2525252525252561,19.6,-1.0101010101010066,19.35,-2.272727272727269
2026-08-21,2345.TW,智邦,技術面,因子轉弱,5.0,-70.0,-75.0,-28.0,-58.0,2035.0,False,,2070.0,1.71990171990172,2055.0,0.9828009828009828,2035.0,0.0,2100.0,3.194103194103194
2026-08-21,2353.TW,宏碁,技術面,因子轉弱,5.0,-20.0,-25.0,26.0,-20.0,30.7,False,,31.1,1.3029315960912122,31.4,2.280130293159607,31.5,2.605863192182413,32.3,5.211726384364814
2026-08-21,2353.TW,宏碁,籌碼面,因子轉弱,60.0,-30.0,-90.0,26.0,-20.0,30.7,False,,31.1,1.3029315960912122,31.4,2.280130293159607,31.5,2.605863192182413,32.3,5.211726384364814
2026-08-21,2356.TW,英業達,籌碼面,因子轉弱,30.0,-50.0,-80.0,4.0,-12.0,65.7,False,,66.1,0.608828006088267,66.8,1.6742770167427614,66.7,1.5220700152207,66.1,0.608828006088267
2026-08-21,2362.TW,藍天,籌碼面,因子轉弱,30.0,-55.0,-85.0,4.0,-30.0,47.35,False,,48.85,3.167898627243928,49.2,3.9070749736008477,47.75,0.8447729672650445,47.95,1.2671594508975743
2026-08-21,2374.TW,佳能,籌碼面,因子轉弱,20.0,-75.0,-95.0,0.0,-32.0,68.5,False,,67.1,-2.0437956204379644,70.1,2.335766423357656,68.7,0.29197080291971217,67.5,-1.4598540145985401
2026-08-21,2376.TW,技嘉,籌碼面,因子轉弱,50.0,-80.0,-130.0,12.0,-40.0,339.5,False,,341.0,0.4418262150220913,351.5,3.5346097201767304,358.0,5.44918998527246,364.5,7.363770250368189
2026-08-21,2409.TW,友達,籌碼面,因子轉弱,30.0,-75.0,-105.0,14.0,-28.0,25.6,False,,25.25,-1.3671875000000056,25.5,-0.39062500000000555,26.65,4.101562499999989,28.7,12.109374999999991
2026-08-21,2498.TW,宏達電,籌碼面,因子轉弱,-10.0,-40.0,-30.0,-20.0,2.0,40.95,False,,40.5,-1.0989010989011057,40.7,-0.6105006105006106,40.2,-1.8315018315018312,41.0,0.12210012210011516
2026-08-21,2607.TW,榮運,量價面,因子轉弱,25.0,0.0,-25.0,51.0,52.0,52.4,False,,52.3,-0.19083969465649128,52.4,0.0,52.7,0.5725190839694738,53.1,1.3358778625954253
2026-08-21,2832.TW,台產,量價面,因子轉弱,25.0,0.0,-25.0,37.0,48.0,61.5,True,5,60.7,-1.3008130081300766,60.3,-1.9512195121951263,58.3,-5.20325203252033,57.9,-5.853658536585368
2026-08-21,2882.TW,國泰金,籌碼面,因子轉弱,30.0,-50.0,-80.0,4.0,-2.0,100.5,False,,98.9,-1.5920398009950192,102.5,1.9900497512437811,110.5,9.950248756218906,114.5,13.930348258706468
2026-08-21,2887.TW,台新金,籌碼面,因子轉弱,30.0,-55.0,-85.0,14.0,2.0,37.25,False,,36.5,-2.013422818791946,37.5,0.6711409395973155,38.55,3.489932885906032,41.1,10.335570469798663
2026-08-21,3017.TW,奇鋐,籌碼面,因子轉弱,50.0,10.0,-40.0,22.0,6.0,2865.0,False,,2855.0,-0.34904013961605584,3155.0,10.12216404886562,3425.0,19.546247818499126,3420.0,19.3717277486911
2026-08-21,3029.TW,零壹,籌碼面,因子轉弱,60.0,20.0,-40.0,42.0,26.0,111.0,False,,113.5,2.2522522522522523,110.0,-0.9009009009009009,113.0,1.8018018018018018,109.5,-1.3513513513513513
2026-08-21,3037.TW,欣興,技術面,因子轉弱,45.0,5.0,-40.0,30.0,26.0,1085.0,True,5,1075.0,-0.9216589861751152,1160.0,6.912442396313365,999.0,-7.92626728110599,949.0,-12.534562211981568
2026-08-21,3105.TWO,穩懋,技術面,因子轉弱,20.0,-10.0,-30.0,8.0,-4.0,373.0,True,1,355.0,-4.825737265415549,405.0,8.579088471849866,447.5,19.973190348525467,450.5,20.777479892761395
2026-08-21,3189.TW,景碩,籌碼面,因子轉弱,15.0,-55.0,-70.0,8.0,-20.0,811.0,False,,794.0,-2.096177558569667,881.0,8.631319358816276,819.0,0.9864364981504316,813.0,0.2466091245376079
2026-08-21,3231.TW,緯創,技術面,因子轉弱,-20.0,-45.0,-25.0,-28.0,-48.0,175.5,False,,175.5,0.0,182.0,3.7037037037037033,178.0,1.4245014245014245,197.0,12.250712250712251
2026-08-21,3363.TWO,上詮,技術面,因子轉弱,20.0,-20.0,-40.0,8.0,-8.0,600.0,True,1,567.0,-5.5,650.0,8.333333333333332,747.0,24.5,723.0,20.5
2026-08-21,3673.TW,TPK-KY,技術面,因子轉弱,55.0,30.0,-25.0,30.0,-10.0,63.3,False,,63.1,-0.3159557661927263,68.1,7.582938388625589,68.2,7.740916271721968,65.8,3.949447077409163
2026-08-21,3673.TW,TPK-KY,籌碼面,因子轉弱,20.0,-55.0,-75.0,30.0,-10.0,63.3,False,,63.1,-0.3159557661927263,68.1,7.582938388625589,68.2,7.740916271721968,65.8,3.949447077409163
2026-08-21,4908.TWO,前鼎,技術面,因子轉弱,5.0,-20.0,-25.0,2.0,-8.0,153.0,True,1,147.5,-3.594771241830065,178.0,16.33986928104575,209.0,36.60130718954248,223.0,45.751633986928105
2026-08-21,4938.TW,和碩,技術面,因子轉弱,5.0,-20.0,-25.0,-30.0,-40.0,88.6,False,,89.3,0.7900677200902968,89.3,0.7900677200902968,91.1,2.8216704288939054,93.6,5.643340857787811
2026-08-21,4958.TW,臻鼎-KY,技術面,因子轉弱,5.0,-20.0,-25.0,14.0,-38.0,441.0,False,,435.5,-1.2471655328798186,453.0,2.7210884353741496,500.0,13.378684807256235,501.0,13.60544217687075
2026-08-21,4958.TW,臻鼎-KY,籌碼面,因子轉弱,30.0,-75.0,-105.0,14.0,-38.0,441.0,False,,435.5,-1.2471655328798186,453.0,2.7210884353741496,500.0,13.378684807256235,501.0,13.60544217687075
2026-08-21,5439.TWO,高技,技術面,因子轉弱,30.0,-10.0,-40.0,12.0,-4.0,239.5,False,,239.5,0.0,248.0,3.549060542797495,267.5,11.691022964509393,262.5,9.603340292275574
2026-08-21,6274.TWO,台燿,技術面,因子轉弱,5.0,-20.0,-25.0,2.0,-8.0,1495.0,True,5,1455.0,-2.6755852842809364,1530.0,2.341137123745819,1435.0,-4.013377926421405,1370.0,-8.361204013377927
2026-08-21,6275.TWO,元山,技術面,因子轉弱,20.0,-20.0,-40.0,8.0,-8.0,43.8,False,,44.85,2.3972602739726128,44.7,2.0547945205479583,46.3,5.707762557077626,46.25,5.59360730593608
2026-08-21,6285.TW,啟碁,籌碼面,因子轉弱,-45.0,-75.0,-30.0,-22.0,-38.0,235.5,False,,230.5,-2.1231422505307855,242.0,2.7600849256900215,244.0,3.6093418259023355,239.5,1.6985138004246285
2026-08-21,6426.TW,統新,技術面,因子轉弱,80.0,20.0,-60.0,37.0,-10.0,241.0,False,,238.5,-1.0373443983402488,268.0,11.20331950207469,261.0,8.29875518672199,296.0,22.821576763485478
2026-08-21,6426.TW,統新,籌碼面,因子轉弱,0.0,-45.0,-45.0,37.0,-10.0,241.0,False,,238.5,-1.0373443983402488,268.0,11.20331950207469,261.0,8.29875518672199,296.0,22.821576763485478
2026-08-21,6426.TW,統新,量價面,因子轉弱,25.0,0.0,-25.0,37.0,-10.0,241.0,False,,238.5,-1.0373443983402488,268.0,11.20331950207469,261.0,8.29875518672199,296.0,22.821576763485478
2026-08-21,6669.TW,緯穎,籌碼面,因子轉弱,40.0,-75.0,-115.0,18.0,-28.0,6255.0,True,10,6300.0,0.7194244604316548,6785.0,8.47322142286171,7095.0,13.42925659472422,2490.0,-60.19184652278178
2026-08-21,6770.TW,力積電,技術面,因子轉弱,5.0,-20.0,-25.0,14.0,-38.0,68.4,False,,70.8,3.5087719298245488,70.2,2.631578947368417,73.0,6.725146198830401,72.9,6.578947368421052
2026-08-21,6770.TW,力積電,籌碼面,因子轉弱,30.0,-75.0,-105.0,14.0,-38.0,68.4,False,,70.8,3.5087719298245488,70.2,2.631578947368417,73.0,6.725146198830401,72.9,6.578947368421052
2026-08-21,7769.TW,鴻勁,籌碼面,因子轉弱,50.0,20.0,-30.0,22.0,10.0,6405.0,True,5,6255.0,-2.3419203747072603,6335.0,-1.092896174863388,5860.0,-8.508977361436378,6565.0,2.498048399687744
2026-08-21,8046.TW,南電,技術面,因子轉弱,5.0,-20.0,-25.0,26.0,-14.0,1135.0,True,10,1135.0,0.0,1180.0,3.9647577092511015,1230.0,8.370044052863436,1050.0,-7.488986784140969
2026-08-21,8046.TW,南電,籌碼面,因子轉弱,60.0,-15.0,-75.0,26.0,-14.0,1135.0,True,10,1135.0,0.0,1180.0,3.9647577092511015,1230.0,8.370044052863436,1050.0,-7.488986784140969
2026-08-21,9105.TW,泰金寶-DR,籌碼面,因子轉弱,30.0,-80.0,-110.0,14.0,-30.0,8.42,False,,8.42,0.0,8.32,-1.1876484560570029,8.71,3.4441805225653312,8.85,5.106888361045128
2026-08-24,00403A.TW,主動統一升級50,籌碼面,因子轉弱,30.0,-80.0,-110.0,4.0,-40.0,9.87,False,,9.94,0.7092198581560313,10.25,3.8500506585613046,10.45,5.876393110435664,10.24,3.748733535967589
2026-08-24,1326.TW,台化,技術面,因子轉弱,20.0,-20.0,-40.0,-4.0,-30.0,57.1,False,,58.0,1.5761821366024493,63.2,10.683012259194397,74.3,30.12259194395796,70.6,23.642732049036763
2026-08-24,1409.TW,新纖,技術面,因子轉弱,20.0,-10.0,-30.0,-22.0,20.0,24.3,False,,24.45,0.6172839506172781,25.0,2.880658436213989,25.65,5.5555555555555465,24.45,0.6172839506172781
2026-08-24,1714.TW,和桐,技術面,因子轉弱,45.0,-10.0,-55.0,42.0,4.0,16.65,False,,16.5,-0.9009009009008924,16.55,-0.6006006006005878,18.55,11.411411411411425,16.25,-2.402402402402394
2026-08-24,1714.TW,和桐,籌碼面,因子轉弱,60.0,20.0,-40.0,42.0,4.0,16.65,False,,16.5,-0.9009009009008924,16.55,-0.6006006006005878,18.55,11.411411411411425,16.25,-2.402402402402394
2026-08-24,1802.TW,台玻,技術面,因子轉弱,45.0,-20.0,-65.0,6.0,-38.0,56.9,False,,58.0,1.9332161687170502,59.2,4.042179261862925,61.3,7.732864674868188,59.9,5.272407732864675
2026-08-24,1802.TW,台玻,籌碼面,因子轉弱,-30.0,-75.0,-45.0,6.0,-38.0,56.9,False,,58.0,1.9332161687170502,59.2,4.042179261862925,61.3,7.732864674868188,59.9,5.272407732864675
2026-08-24,1906.TW,寶隆,量價面,因子轉弱,0.0,-20.0,-20.0,34.0,24.0,11.55,True,10,11.6,0.4329004329004236,11.5,-0.43290043290043906,11.3,-2.1645021645021645,11.1,-3.896103896103905
2026-08-24,2002.TW,中鋼,籌碼面,因子轉弱,60.0,30.0,-30.0,28.0,26.0,19.2,False,,19.05,-0.7812499999999927,19.15,-0.2604166666666704,19.05,-0.7812499999999927,19.1,-0.5208333333333223
2026-08-24,2327.TW,國巨,技術面,因子轉弱,-20.0,-45.0,-25.0,-38.0,-48.0,551.0,False,,544.0,-1.2704174228675136,555.0,0.7259528130671506,568.0,3.0852994555353903,567.0,2.9038112522686026
2026-08-24,2330.TW,台積電,技術面,因子轉弱,45.0,-20.0,-65.0,18.0,-20.0,2375.0,False,,2400.0,1.0526315789473684,2410.0,1.4736842105263157,2440.0,2.736842105263158,2470.0,4.0
2026-08-24,2330.TW,台積電,籌碼面,因子轉弱,0.0,-30.0,-30.0,18.0,-20.0,2375.0,False,,2400.0,1.0526315789473684,2410.0,1.4736842105263157,2440.0,2.736842105263158,2470.0,4.0
2026-08-24,2344.TW,華邦電,籌碼面,因子轉弱,60.0,30.0,-30.0,32.0,20.0,177.0,False,,179.0,1.1299435028248588,186.0,5.084745762711865,176.0,-0.5649717514124294,188.0,6.214689265536723
2026-08-24,2376.TW,技嘉,技術面,因子轉弱,-20.0,-45.0,-25.0,-40.0,-50.0,341.0,False,,347.5,1.906158357771261,345.0,1.1730205278592376,359.0,5.278592375366569,357.0,4.69208211143695
2026-08-24,2383.TW,台光電,技術面,因子轉弱,5.0,-20.0,-25.0,26.0,4.0,5430.0,False,,5595.0,3.0386740331491713,5500.0,1.289134438305709,5640.0,3.867403314917127,5340.0,-1.6574585635359116
2026-08-24,2383.TW,台光電,籌碼面,因子轉弱,60.0,30.0,-30.0,26.0,4.0,5430.0,False,,5595.0,3.0386740331491713,5500.0,1.289134438305709,5640.0,3.867403314917127,5340.0,-1.6574585635359116
2026-08-24,2408.TW,南亞科,技術面,因子轉弱,45.0,5.0,-40.0,50.0,22.0,501.0,False,,510.0,1.7964071856287425,541.0,7.984031936127744,518.0,3.3932135728542914,531.0,5.9880239520958085
2026-08-24,2408.TW,南亞科,籌碼面,因子轉弱,80.0,50.0,-30.0,50.0,22.0,501.0,False,,510.0,1.7964071856287425,541.0,7.984031936127744,518.0,3.3932135728542914,531.0,5.9880239520958085
2026-08-24,2409.TW,友達,技術面,因子轉弱,5.0,-20.0,-25.0,-28.0,-38.0,25.25,False,,25.65,1.5841584158415787,25.25,0.0,26.4,4.554455445544549,29.6,17.227722772277236
2026-08-24,2451.TW,創見,籌碼面,因子轉弱,60.0,30.0,-30.0,55.0,41.0,316.0,True,1,299.0,-5.379746835443038,298.0,-5.69620253164557,295.0,-6.645569620253164,286.0,-9.49367088607595
2026-08-24,2485.TW,兆赫,籌碼面,因子轉弱,60.0,20.0,-40.0,16.0,24.0,42.1,True,10,41.15,-2.25653206650832,44.0,4.5130641330166235,42.9,1.9002375296912046,39.9,-5.225653206650838
2026-08-24,2498.TW,宏達電,技術面,因子轉弱,45.0,20.0,-25.0,2.0,-6.0,40.5,False,,40.5,0.0,40.5,0.0,40.9,0.9876543209876508,40.2,-0.7407407407407337
2026-08-24,2540.TW,愛山林,技術面,因子轉弱,20.0,-20.0,-40.0,32.0,4.0,46.3,False,,46.6,0.6479481641468775,48.0,3.6717062634989266,48.1,3.887688984881219,48.2,4.103671706263511
2026-08-24,2540.TW,愛山林,籌碼面,因子轉弱,60.0,30.0,-30.0,32.0,4.0,46.3,False,,46.6,0.6479481641468775,48.0,3.6717062634989266,48.1,3.887688984881219,48.2,4.103671706263511
2026-08-24,2603.TW,長榮,技術面,因子轉弱,70.0,45.0,-25.0,60.0,50.0,250.5,True,3,246.0,-1.7964071856287425,232.5,-7.18562874251497,238.0,-4.990019960079841,229.0,-8.582834331337326
2026-08-24,2605.TW,新興,技術面,因子轉弱,70.0,45.0,-25.0,8.0,-12.0,36.6,True,3,36.7,0.27322404371585085,34.4,-6.010928961748641,34.75,-5.054644808743173,36.5,-0.27322404371585085
2026-08-24,2606.TW,裕民,技術面,因子轉弱,75.0,55.0,-20.0,67.0,54.0,72.3,False,,78.0,7.883817427385896,74.3,2.766251728907331,75.0,3.7344398340249003,77.8,7.60719225449516
2026-08-24,2606.TW,裕民,量價面,因子轉弱,25.0,0.0,-25.0,67.0,54.0,72.3,False,,78.0,7.883817427385896,74.3,2.766251728907331,75.0,3.7344398340249003,77.8,7.60719225449516
2026-08-24,2609.TW,陽明,技術面,因子轉弱,75.0,55.0,-20.0,67.0,54.0,64.5,True,3,63.6,-1.3953488372093001,57.9,-10.232558139534886,57.6,-10.697674418604649,57.3,-11.162790697674422
2026-08-24,2609.TW,陽明,量價面,因子轉弱,25.0,0.0,-25.0,67.0,54.0,64.5,True,3,63.6,-1.3953488372093001,57.9,-10.232558139534886,57.6,-10.697674418604649,57.3,-11.162790697674422
2026-08-24,2612.TW,中航,技術面,因子轉弱,75.0,55.0,-20.0,59.0,46.0,60.3,False,,63.8,5.804311774461028,62.0,2.8192371475953615,60.9,0.9950248756218929,64.0,6.135986733001663
2026-08-24,2612.TW,中航,量價面,因子轉弱,25.0,0.0,-25.0,59.0,46.0,60.3,False,,63.8,5.804311774461028,62.0,2.8192371475953615,60.9,0.9950248756218929,64.0,6.135986733001663
2026-08-24,2617.TW,台航,技術面,因子轉弱,70.0,45.0,-25.0,52.0,42.0,31.75,False,,31.85,0.3149606299212643,31.3,-1.417322834645667,31.2,-1.7322834645669316,32.35,1.8897637795275635
2026-08-24,2636.TW,台驊投控,技術面,因子轉弱,80.0,60.0,-20.0,61.0,36.0,74.6,True,3,74.3,-0.4021447721179587,69.5,-6.836461126005355,69.6,-6.702412868632708,68.7,-7.908847184986584
2026-08-24,2636.TW,台驊投控,籌碼面,因子轉弱,60.0,30.0,-30.0,61.0,36.0,74.6,True,3,74.3,-0.4021447721179587,69.5,-6.836461126005355,69.6,-6.702412868632708,68.7,-7.908847184986584
2026-08-24,2636.TW,台驊投控,量價面,因子轉弱,25.0,0.0,-25.0,61.0,36.0,74.6,True,3,74.3,-0.4021447721179587,69.5,-6.836461126005355,69.6,-6.702412868632708,68.7,-7.908847184986584
2026-08-24,2637.TW,慧洋-KY,技術面,因子轉弱,80.0,60.0,-20.0,69.0,36.0,97.1,False,,95.5,-1.6477857878475741,94.6,-2.5746652935118437,95.6,-1.544799176107106,98.1,1.0298661174047374
2026-08-24,2637.TW,慧洋-KY,籌碼面,因子轉弱,80.0,30.0,-50.0,69.0,36.0,97.1,False,,95.5,-1.6477857878475741,94.6,-2.5746652935118437,95.6,-1.544799176107106,98.1,1.0298661174047374
2026-08-24,2637.TW,慧洋-KY,量價面,因子轉弱,25.0,0.0,-25.0,69.0,36.0,97.1,False,,95.5,-1.6477857878475741,94.6,-2.5746652935118437,95.6,-1.544799176107106,98.1,1.0298661174047374
2026-08-24,2707.TW,晶華,技術面,因子轉弱,105.0,50.0,-55.0,67.0,28.0,180.5,False,,180.5,0.0,181.0,0.2770083102493075,179.0,-0.8310249307479225,178.0,-1.3850415512465373
2026-08-24,2707.TW,晶華,籌碼面,因子轉弱,50.0,20.0,-30.0,67.0,28.0,180.5,False,,180.5,0.0,181.0,0.2770083102493075,179.0,-0.8310249307479225,178.0,-1.3850415512465373
2026-08-24,2707.TW,晶華,量價面,因子轉弱,25.0,0.0,-25.0,67.0,28.0,180.5,False,,180.5,0.0,181.0,0.2770083102493075,179.0,-0.8310249307479225,178.0,-1.3850415512465373
2026-08-24,2731.TW,雄獅,技術面,因子轉弱,10.0,-15.0,-25.0,-6.0,-16.0,145.5,False,,145.5,0.0,144.5,-0.6872852233676976,143.5,-1.3745704467353952,143.0,-1.718213058419244
2026-08-24,2748.TW,雲品,籌碼面,因子轉弱,40.0,0.0,-40.0,18.0,8.0,38.55,False,,38.55,0.0,38.7,0.3891050583657735,38.85,0.7782101167315286,39.4,2.204928664072637
2026-08-24,2816.TW,旺旺保,技術面,因子轉弱,75.0,45.0,-30.0,59.0,42.0,37.35,False,,37.55,0.5354752342704036,39.15,4.8192771084337265,38.65,3.480589022757689,39.15,4.8192771084337265
2026-08-24,2816.TW,旺旺保,量價面,因子轉弱,25.0,0.0,-25.0,59.0,42.0,37.35,False,,37.55,0.5354752342704036,39.15,4.8192771084337265,38.65,3.480589022757689,39.15,4.8192771084337265
2026-08-24,2881.TW,富邦金,技術面,因子轉弱,75.0,45.0,-30.0,59.0,30.0,132.0,False,,141.5,7.196969696969697,141.5,7.196969696969697,145.0,9.848484848484848,149.0,12.878787878787879
2026-08-24,2881.TW,富邦金,籌碼面,因子轉弱,60.0,30.0,-30.0,59.0,30.0,132.0,False,,141.5,7.196969696969697,141.5,7.196969696969697,145.0,9.848484848484848,149.0,12.878787878787879
2026-08-24,2881.TW,富邦金,量價面,因子轉弱,25.0,0.0,-25.0,59.0,30.0,132.0,False,,141.5,7.196969696969697,141.5,7.196969696969697,145.0,9.848484848484848,149.0,12.878787878787879
2026-08-24,2882.TW,國泰金,技術面,因子轉弱,45.0,5.0,-40.0,-2.0,10.0,98.9,False,,103.0,4.145601617795747,102.5,3.6400404448938257,111.0,12.234580384226485,113.5,14.762386248736089
2026-08-24,2887.TW,台新金,技術面,因子轉弱,60.0,5.0,-55.0,2.0,-30.0,36.5,False,,37.15,1.7808219178082154,37.3,2.1917808219178005,40.3,10.410958904109581,42.8,17.260273972602732
2026-08-24,2891.TW,中信金,技術面,因子轉弱,-10.0,-30.0,-20.0,-24.0,-42.0,63.6,False,,64.5,1.4150943396226392,63.8,0.3144654088050247,66.5,4.559748427672954,68.2,7.232704402515726
2026-08-24,2892.TW,第一金,技術面,因子轉弱,10.0,-30.0,-40.0,36.0,20.0,33.55,False,,33.8,0.745156482861401,33.35,-0.596125186289108,35.9,7.004470938897173,37.85,12.81669150521611
2026-08-24,3017.TW,奇鋐,技術面,因子轉弱,5.0,-20.0,-25.0,6.0,24.0,2855.0,False,,2950.0,3.327495621716287,3340.0,16.987740805604204,3410.0,19.439579684763572,3285.0,15.061295971978982
2026-08-24,3035.TW,智原,技術面,因子轉弱,5.0,-20.0,-25.0,10.0,-26.0,170.0,False,,172.0,1.1764705882352942,176.5,3.823529411764706,183.5,7.941176470588235,175.0,2.941176470588235
2026-08-24,3035.TW,智原,籌碼面,因子轉弱,20.0,-45.0,-65.0,10.0,-26.0,170.0,False,,172.0,1.1764705882352942,176.5,3.823529411764706,183.5,7.941176470588235,175.0,2.941176470588235
2026-08-24,3081.TWO,聯亞,技術面,因子轉弱,55.0,5.0,-50.0,22.0,2.0,2765.0,False,,2960.0,7.05244122965642,3370.0,21.880650994575046,3425.0,23.869801084990957,2865.0,3.616636528028933
2026-08-24,3163.TWO,波若威,技術面,因子轉弱,85.0,25.0,-60.0,34.0,6.0,727.0,False,,770.0,5.914718019257221,776.0,6.740027510316368,761.0,4.676753782668501,726.0,-0.1375515818431912
2026-08-24,3163.TWO,波若威,量價面,因子轉弱,0.0,-20.0,-20.0,34.0,6.0,727.0,False,,770.0,5.914718019257221,776.0,6.740027510316368,761.0,4.676753782668501,726.0,-0.1375515818431912
2026-08-24,3189.TW,景碩,技術面,因子轉弱,5.0,-20.0,-25.0,-20.0,-30.0,794.0,False,,835.0,5.163727959697733,914.0,15.113350125944585,874.0,10.075566750629724,800.0,0.7556675062972292
2026-08-24,3443.TW,創意,技術面,因子轉弱,55.0,5.0,-50.0,54.0,34.0,5365.0,False,,5570.0,3.8210624417520966,5920.0,10.344827586206897,5995.0,11.742777260018638,5960.0,11.09040074557316
2026-08-24,3481.TW,群創,技術面,因子轉弱,-20.0,-45.0,-25.0,-30.0,-40.0,45.45,False,,46.8,2.970297029702958,46.25,1.7601760176017538,49.3,8.470847084708458,48.8,7.370737073707358
2026-08-24,4931.TWO,新盛力,技術面,因子轉弱,80.0,25.0,-55.0,32.0,6.0,252.0,True,10,245.0,-2.7777777777777777,265.5,5.357142857142857,260.5,3.373015873015873,241.5,-4.166666666666666
2026-08-24,4931.TWO,新盛力,量價面,因子轉弱,0.0,-20.0,-20.0,32.0,6.0,252.0,True,10,245.0,-2.7777777777777777,265.5,5.357142857142857,260.5,3.373015873015873,241.5,-4.166666666666666
2026-08-24,4979.TWO,華星光,技術面,因子轉弱,65.0,20.0,-45.0,26.0,8.0,547.0,False,,601.0,9.87202925045704,617.0,12.79707495429616,600.0,9.689213893967093,605.0,10.603290676416819
2026-08-24,5706.TW,鳳凰,籌碼面,因子轉弱,50.0,20.0,-30.0,36.0,18.0,45.45,False,,45.05,-0.8800880088008926,45.4,-0.1100110011001194,44.95,-1.1001100110011,44.85,-1.320132013201323
2026-08-24,6213.TW,聯茂,技術面,因子轉弱,65.0,15.0,-50.0,63.0,30.0,482.5,False,,530.0,9.844559585492227,563.0,16.683937823834196,550.0,13.989637305699482,510.0,5.699481865284974
2026-08-24,6213.TW,聯茂,量價面,因子轉弱,25.0,0.0,-25.0,63.0,30.0,482.5,False,,530.0,9.844559585492227,563.0,16.683937823834196,550.0,13.989637305699482,510.0,5.699481865284974
2026-08-24,6269.TW,台郡,籌碼面,因子轉弱,20.0,-90.0,-110.0,0.0,-44.0,61.9,False,,61.9,0.0,72.9,17.77059773828757,75.2,21.48626817447497,65.8,6.300484652665587
2026-08-24,6278.TW,台表科,技術面,因子轉弱,80.0,55.0,-25.0,49.0,-10.0,179.0,False,,181.5,1.3966480446927374,206.0,15.083798882681565,200.0,11.731843575418994,188.5,5.307262569832402
2026-08-24,6278.TW,台表科,籌碼面,因子轉弱,30.0,-80.0,-110.0,49.0,-10.0,179.0,False,,181.5,1.3966480446927374,206.0,15.083798882681565,200.0,11.731843575418994,188.5,5.307262569832402
2026-08-24,6278.TW,台表科,量價面,因子轉弱,25.0,0.0,-25.0,49.0,-10.0,179.0,False,,181.5,1.3966480446927374,206.0,15.083798882681565,200.0,11.731843575418994,188.5,5.307262569832402
2026-08-24,7769.TW,鴻勁,技術面,因子轉弱,5.0,-20.0,-25.0,10.0,-28.0,6255.0,True,5,6210.0,-0.7194244604316548,6345.0,1.4388489208633095,5870.0,-6.155075939248602,6970.0,11.430855315747403
2026-08-24,7769.TW,鴻勁,籌碼面,因子轉弱,20.0,-50.0,-70.0,10.0,-28.0,6255.0,True,5,6210.0,-0.7194244604316548,6345.0,1.4388489208633095,5870.0,-6.155075939248602,6970.0,11.430855315747403
2026-08-24,8039.TW,台虹,技術面,因子轉弱,60.0,15.0,-45.0,2.0,-16.0,265.0,False,,291.5,10.0,352.5,33.0188679245283,319.0,20.37735849056604,294.5,11.132075471698114
2026-08-24,8358.TWO,金居,技術面,因子轉弱,55.0,5.0,-50.0,22.0,2.0,417.0,False,,429.0,2.877697841726619,494.0,18.465227817745802,526.0,26.139088729016784,520.0,24.700239808153476
2026-08-25,1409.TW,新纖,籌碼面,因子轉弱,60.0,-40.0,-100.0,20.0,-8.0,24.45,False,,24.85,1.6359918200409087,24.6,0.6134969325153462,25.35,3.680981595092033,26.85,9.815950920245408
2026-08-25,1906.TW,寶隆,技術面,因子轉弱,40.0,20.0,-20.0,24.0,8.0,11.6,True,5,11.65,0.4310344827586268,11.35,-2.1551724137931036,11.2,-3.448275862068969,11.1,-4.310344827586207
2026-08-25,1906.TW,寶隆,籌碼面,因子轉弱,30.0,0.0,-30.0,24.0,8.0,11.6,True,5,11.65,0.4310344827586268,11.35,-2.1551724137931036,11.2,-3.448275862068969,11.1,-4.310344827586207
2026-08-25,2002.TW,中鋼,技術面,因子轉弱,35.0,-5.0,-40.0,26.0,10.0,19.05,False,,19.35,1.574803149606303,18.95,-0.5249343832021072,19.05,0.0,19.25,1.0498687664041957
2026-08-25,2303.TW,聯電,籌碼面,因子轉弱,60.0,-15.0,-75.0,38.0,16.0,125.0,False,,123.5,-1.2,129.0,3.2,126.0,0.8,141.5,13.200000000000001
2026-08-25,2312.TW,金寶,技術面,因子轉弱,30.0,-45.0,-75.0,-10.0,-30.0,31.4,False,,31.9,1.5923566878980893,32.35,3.0254777070063783,33.15,5.573248407643312,31.8,1.2738853503184782
2026-08-25,2329.TW,華泰,籌碼面,因子轉弱,80.0,50.0,-30.0,44.0,28.0,43.35,False,,44.15,1.8454440599769255,43.5,0.34602076124567144,43.35,0.0,42.65,-1.6147635524798218
2026-08-25,2331.TW,精英,技術面,因子轉弱,5.0,-20.0,-25.0,-4.0,-26.0,19.55,False,,19.75,1.0230179028132955,19.6,0.25575447570332843,19.85,1.5345268542199524,19.0,-2.8132992327365764
2026-08-25,2331.TW,精英,籌碼面,因子轉弱,-15.0,-45.0,-30.0,-4.0,-26.0,19.55,False,,19.75,1.0230179028132955,19.6,0.25575447570332843,19.85,1.5345268542199524,19.0,-2.8132992327365764
2026-08-25,2353.TW,宏碁,籌碼面,因子轉弱,80.0,50.0,-30.0,44.0,28.0,31.05,False,,31.4,1.1272141706924246,31.5,1.4492753623188384,32.15,3.542673107890492,31.8,2.4154589371980677
2026-08-25,2368.TW,金像電,技術面,因子轉弱,5.0,-20.0,-25.0,-20.0,-22.0,971.0,False,,1040.0,7.106076210092688,1165.0,19.979402677651905,1175.0,21.00926879505664,1100.0,13.285272914521112
2026-08-25,2401.TW,凌陽,技術面,因子轉弱,-20.0,-45.0,-25.0,-30.0,-40.0,25.15,False,,25.65,1.9880715705765408,25.25,0.39761431411531384,25.5,1.3916500994035843,25.15,0.0
2026-08-25,2421.TW,建準,籌碼面,因子轉弱,-45.0,-80.0,-35.0,-26.0,-24.0,144.0,False,,151.5,5.208333333333334,179.5,24.65277777777778,168.0,16.666666666666664,167.5,16.319444444444446
2026-08-25,2451.TW,創見,量價面,因子轉弱,25.0,0.0,-25.0,41.0,30.0,299.0,True,10,301.0,0.6688963210702341,294.5,-1.5050167224080269,296.5,-0.8361204013377926,287.5,-3.8461538461538463
2026-08-25,2603.TW,長榮,技術面,因子轉弱,45.0,5.0,-40.0,50.0,34.0,246.0,True,1,231.0,-6.097560975609756,233.5,-5.08130081300813,234.5,-4.67479674796748,234.0,-4.878048780487805
2026-08-25,2605.TW,新興,技術面,因子轉弱,45.0,15.0,-30.0,-12.0,-24.0,36.7,True,1,34.85,-5.040871934604908,35.35,-3.6784741144414204,35.05,-4.495912806539525,36.95,0.6811989100817438
2026-08-25,2618.TW,長榮航,技術面,因子轉弱,20.0,-20.0,-40.0,32.0,4.0,42.2,False,,43.0,1.8957345971563913,42.0,-0.47393364928910625,42.15,-0.11848341232228497,42.55,0.8293838862559108
2026-08-25,2618.TW,長榮航,籌碼面,因子轉弱,60.0,30.0,-30.0,32.0,4.0,42.2,False,,43.0,1.8957345971563913,42.0,-0.47393364928910625,42.15,-0.11848341232228497,42.55,0.8293838862559108
2026-08-25,2637.TW,慧洋-KY,技術面,因子轉弱,60.0,20.0,-40.0,36.0,20.0,95.5,True,1,91.2,-4.502617801047117,94.1,-1.4659685863874405,96.3,0.837696335078531,100.5,5.2356020942408374
2026-08-25,2707.TW,晶華,技術面,因子轉弱,50.0,10.0,-40.0,28.0,24.0,180.5,False,,181.0,0.2770083102493075,177.0,-1.9390581717451523,179.0,-0.8310249307479225,178.0,-1.3850415512465373
2026-08-25,2832.TW,台產,技術面,因子轉弱,60.0,5.0,-55.0,44.0,10.0,60.5,True,3,60.3,-0.33057851239669894,58.3,-3.636363636363641,58.2,-3.801652892561979,57.8,-4.462809917355377
2026-08-25,2832.TW,台產,籌碼面,因子轉弱,50.0,20.0,-30.0,44.0,10.0,60.5,True,3,60.3,-0.33057851239669894,58.3,-3.636363636363641,58.2,-3.801652892561979,57.8,-4.462809917355377
2026-08-25,3022.TW,威強電,技術面,因子轉弱,20.0,-5.0,-25.0,-12.0,-32.0,93.0,True,10,92.5,-0.5376344086021506,90.3,-2.9032258064516157,90.4,-2.7956989247311768,85.7,-7.849462365591394
2026-08-25,3029.TW,零壹,技術面,因子轉弱,70.0,15.0,-55.0,52.0,18.0,110.5,False,,110.0,-0.4524886877828055,113.0,2.262443438914027,112.5,1.809954751131222,111.0,0.4524886877828055
2026-08-25,3029.TW,零壹,籌碼面,因子轉弱,60.0,30.0,-30.0,52.0,18.0,110.5,False,,110.0,-0.4524886877828055,113.0,2.262443438914027,112.5,1.809954751131222,111.0,0.4524886877828055
2026-08-25,3062.TW,建漢,籌碼面,因子轉弱,50.0,20.0,-30.0,34.0,16.0,20.65,False,,20.85,0.9685230024213213,20.7,0.24213075060533032,21.1,2.1791767554479557,20.6,-0.24213075060531314
2026-08-25,3211.TWO,順達,技術面,因子轉弱,-5.0,-45.0,-40.0,-2.0,-18.0,331.0,False,,364.0,9.969788519637463,386.5,16.76737160120846,392.0,18.429003021148034,367.0,10.876132930513595
2026-08-25,3260.TWO,威剛,量價面,因子轉弱,25.0,0.0,-25.0,31.0,22.0,418.5,False,,416.0,-0.5973715651135006,413.5,-1.1947431302270013,412.5,-1.4336917562724014,414.5,-0.955794504181601
2026-08-25,4931.TWO,新盛力,技術面,因子轉弱,25.0,-5.0,-30.0,6.0,-2.0,245.0,False,,255.5,4.285714285714286,259.0,5.714285714285714,250.0,2.0408163265306123,252.5,3.061224489795918
2026-08-25,5289.TWO,宜鼎,技術面,因子轉弱,55.0,5.0,-50.0,22.0,2.0,1510.0,True,3,1500.0,-0.6622516556291391,1450.0,-3.9735099337748347,1420.0,-5.960264900662252,1355.0,-10.264900662251655
2026-08-25,6275.TWO,元山,技術面,因子轉弱,55.0,5.0,-50.0,22.0,2.0,44.35,False,,44.7,0.789177001127399,46.3,4.396843291995481,45.9,3.49492671927846,45.6,2.818489289740699
2026-08-25,6488.TWO,環球晶,技術面,因子轉弱,55.0,-20.0,-75.0,22.0,-8.0,980.0,True,1,949.0,-3.1632653061224487,912.0,-6.938775510204081,967.0,-1.3265306122448979,955.0,-2.5510204081632653
2026-08-25,8046.TW,南電,籌碼面,因子轉弱,50.0,10.0,-40.0,12.0,-4.0,1160.0,True,10,1180.0,1.7241379310344827,1230.0,6.0344827586206895,1200.0,3.4482758620689653,1110.0,-4.310344827586207
2026-08-25,8215.TW,明基材,籌碼面,因子轉弱,40.0,0.0,-40.0,8.0,12.0,24.2,False,,24.35,0.6198347107438105,25.6,5.785123966942158,26.3,8.67768595041323,25.5,5.371900826446284
2026-08-25,9105.TW,泰金寶-DR,技術面,因子轉弱,30.0,-20.0,-50.0,-10.0,-40.0,8.3,False,,8.32,0.2409638554216816,8.71,4.939759036144579,8.48,2.168674698795177,8.89,7.108433734939757
2026-08-26,1717.TW,長興,籌碼面,因子轉弱,-40.0,-75.0,-35.0,-8.0,-18.0,71.9,False,,75.8,5.424200278164105,84.7,17.802503477051452,76.8,6.81502086230875,71.7,-0.278164116828933
2026-08-26,2027.TW,大成鋼,技術面,因子轉弱,45.0,5.0,-40.0,50.0,34.0,50.0,True,10,48.65,-2.700000000000003,49.8,-0.40000000000000563,50.2,0.40000000000000563,48.2,-3.5999999999999943
2026-08-26,2303.TW,聯電,籌碼面,因子轉弱,-15.0,-55.0,-40.0,16.0,-4.0,123.5,True,1,118.5,-4.048582995951417,132.5,7.28744939271255,125.0,1.214574898785425,142.5,15.384615384615385
2026-08-26,2451.TW,創見,技術面,因子轉弱,45.0,5.0,-40.0,30.0,14.0,301.0,True,5,298.0,-0.9966777408637874,295.0,-1.9933554817275747,286.0,-4.983388704318937,282.5,-6.146179401993355
2026-08-26,2606.TW,裕民,技術面,因子轉弱,80.0,5.0,-75.0,61.0,14.0,72.0,False,,74.3,3.1944444444444406,75.0,4.166666666666666,78.2,8.611111111111116,78.4,8.888888888888896
2026-08-26,2606.TW,裕民,籌碼面,因子轉弱,60.0,30.0,-30.0,61.0,14.0,72.0,False,,74.3,3.1944444444444406,75.0,4.166666666666666,78.2,8.611111111111116,78.4,8.888888888888896
2026-08-26,2606.TW,裕民,量價面,因子轉弱,25.0,0.0,-25.0,61.0,14.0,72.0,False,,74.3,3.1944444444444406,75.0,4.166666666666666,78.2,8.611111111111116,78.4,8.888888888888896
2026-08-26,2607.TW,榮運,籌碼面,因子轉弱,60.0,30.0,-30.0,42.0,30.0,52.4,False,,52.3,-0.19083969465649128,53.6,2.290076335877868,53.4,1.9083969465648856,53.0,1.145038167938934
2026-08-26,2609.TW,陽明,技術面,因子轉弱,55.0,5.0,-50.0,54.0,22.0,57.6,False,,57.9,0.5208333333333284,57.6,0.0,57.8,0.3472222222222148,58.0,0.694444444444442
2026-08-26,2609.TW,陽明,籌碼面,因子轉弱,80.0,50.0,-30.0,54.0,22.0,57.6,False,,57.9,0.5208333333333284,57.6,0.0,57.8,0.3472222222222148,58.0,0.694444444444442
2026-08-26,2612.TW,中航,籌碼面,因子轉弱,60.0,30.0,-30.0,55.0,34.0,61.5,False,,62.0,0.8130081300813009,60.9,-0.9756097560975632,63.3,2.9268292682926784,64.3,4.55284552845528
2026-08-26,2612.TW,中航,量價面,因子轉弱,25.0,0.0,-25.0,55.0,34.0,61.5,False,,62.0,0.8130081300813009,60.9,-0.9756097560975632,63.3,2.9268292682926784,64.3,4.55284552845528
2026-08-26,2617.TW,台航,技術面,因子轉弱,55.0,5.0,-50.0,46.0,14.0,30.85,False,,31.3,1.4586709886547788,31.2,1.134521880064823,32.3,4.700162074554281,33.45,8.427876823338739
2026-08-26,2617.TW,台航,籌碼面,因子轉弱,60.0,30.0,-30.0,46.0,14.0,30.85,False,,31.3,1.4586709886547788,31.2,1.134521880064823,32.3,4.700162074554281,33.45,8.427876823338739
2026-08-26,2636.TW,台驊投控,技術面,因子轉弱,55.0,5.0,-50.0,34.0,10.0,69.9,False,,69.5,-0.5722460658083056,69.6,-0.4291845493562394,69.5,-0.5722460658083056,70.9,1.4306151645207437
2026-08-26,2881.TW,富邦金,技術面,因子轉弱,75.0,45.0,-30.0,47.0,38.0,138.5,False,,141.5,2.166064981949458,145.0,4.693140794223827,147.0,6.137184115523466,148.5,7.2202166064981945
2026-08-26,2881.TW,富邦金,量價面,因子轉弱,25.0,0.0,-25.0,47.0,38.0,138.5,False,,141.5,2.166064981949458,145.0,4.693140794223827,147.0,6.137184115523466,148.5,7.2202166064981945
2026-08-26,2882.TW,國泰金,技術面,因子轉弱,75.0,55.0,-20.0,59.0,46.0,102.5,False,,102.5,0.0,111.0,8.292682926829269,112.5,9.75609756097561,110.5,7.804878048780488
2026-08-26,2882.TW,國泰金,量價面,因子轉弱,25.0,0.0,-25.0,59.0,46.0,102.5,False,,102.5,0.0,111.0,8.292682926829269,112.5,9.75609756097561,110.5,7.804878048780488
2026-08-26,2891.TW,中信金,技術面,因子轉弱,20.0,-5.0,-25.0,-6.0,-16.0,64.6,False,,63.8,-1.2383900928792526,66.5,2.9411764705882444,67.5,4.489164086687316,67.3,4.179566563467497
2026-08-26,2892.TW,第一金,技術面,因子轉弱,20.0,-20.0,-40.0,32.0,16.0,33.4,False,,33.35,-0.1497005988023867,35.9,7.4850299401197615,36.85,10.329341317365278,38.0,13.772455089820365
2026-08-26,3017.TW,奇鋐,籌碼面,因子轉弱,80.0,20.0,-60.0,24.0,22.0,3155.0,False,,3340.0,5.863708399366086,3410.0,8.082408874801903,3300.0,4.595879556259905,3460.0,9.667194928684628
2026-08-26,3231.TW,緯創,技術面,因子轉弱,35.0,-5.0,-40.0,-8.0,-14.0,182.0,False,,179.5,-1.3736263736263736,182.0,0.0,188.5,3.571428571428571,185.0,1.6483516483516485
2026-08-26,3260.TWO,威剛,技術面,因子轉弱,55.0,5.0,-50.0,22.0,2.0,416.0,True,5,415.5,-0.1201923076923077,412.0,-0.9615384615384616,395.0,-5.048076923076923,407.0,-2.1634615384615383
2026-08-26,3481.TW,群創,技術面,因子轉弱,30.0,-5.0,-35.0,-8.0,-32.0,46.4,False,,46.25,-0.32327586206896247,49.3,6.249999999999997,48.1,3.663793103448282,49.35,6.357758620689662
2026-08-26,4960.TW,誠美材,籌碼面,因子轉弱,60.0,30.0,-30.0,36.0,28.0,22.2,True,3,22.15,-0.22522522522522842,21.2,-4.504504504504505,20.8,-6.3063063063063005,20.5,-7.657657657657654
2026-08-26,4967.TW,十銓,技術面,因子轉弱,45.0,5.0,-40.0,20.0,2.0,272.5,False,,275.5,1.1009174311926606,276.0,1.2844036697247707,272.5,0.0,276.5,1.4678899082568808
2026-08-26,6213.TW,聯茂,籌碼面,因子轉弱,60.0,10.0,-50.0,46.0,36.0,583.0,True,1,563.0,-3.430531732418525,550.0,-5.660377358490567,512.0,-12.178387650085764,519.0,-10.977701543739279
2026-08-26,6214.TW,精誠,籌碼面,因子轉弱,80.0,30.0,-50.0,56.0,36.0,181.0,False,,182.5,0.8287292817679558,182.5,0.8287292817679558,183.0,1.1049723756906076,187.5,3.591160220994475
2026-08-26,7769.TW,鴻勁,籌碼面,因子轉弱,0.0,-60.0,-60.0,-4.0,-26.0,6335.0,True,3,6345.0,0.15785319652722968,5870.0,-7.34017363851618,5870.0,-7.34017363851618,6475.0,2.209944751381215
2026-08-26,8046.TW,南電,籌碼面,因子轉弱,10.0,-55.0,-65.0,-4.0,-10.0,1180.0,True,5,1295.0,9.745762711864407,1225.0,3.8135593220338984,1080.0,-8.47457627118644,1070.0,-9.322033898305085
2026-08-28,00878.TW,國泰永續高股息,技術面,因子轉弱,30.0,-5.0,-35.0,6.0,10.0,32.71,False,,33.18,1.4368694588810726,33.65,2.8737389177621453,34.11,4.280036686028732,34.0,3.943748089269334
2026-08-28,1802.TW,台玻,籌碼面,因子轉弱,60.0,30.0,-30.0,48.0,34.0,59.2,False,,60.8,2.7027027027026933,60.8,2.7027027027026933,59.1,-0.1689189189189213,58.2,-1.689189189189189
2026-08-28,1906.TW,寶隆,技術面,因子轉弱,45.0,5.0,-40.0,18.0,2.0,11.5,True,10,11.35,-1.3043478260869596,11.2,-2.6086956521739193,11.2,-2.6086956521739193,11.0,-4.3478260869565215
2026-08-28,2002.TW,中鋼,技術面,因子轉弱,10.0,-30.0,-40.0,16.0,0.0,19.15,False,,18.95,-1.0443864229764976,19.05,-0.5221932114882396,19.1,-0.2610966057441105,18.9,-1.3054830287206267
2026-08-28,2027.TW,大成鋼,籌碼面,因子轉弱,80.0,0.0,-80.0,34.0,6.0,48.65,True,10,48.8,0.3083247687564205,49.55,1.8499486125385378,50.2,3.186022610483051,46.5,-4.4193216855087325
2026-08-28,2303.TW,聯電,技術面,因子轉弱,45.0,-10.0,-55.0,-4.0,-34.0,118.5,False,,129.0,8.860759493670885,126.0,6.329113924050633,130.0,9.70464135021097,140.5,18.565400843881857
2026-08-28,2312.TW,金寶,技術面,因子轉弱,20.0,-5.0,-25.0,-4.0,30.0,31.7,True,10,32.35,2.0504731861198806,33.15,4.574132492113563,32.85,3.6277602523659374,30.45,-3.943217665615142
2026-08-28,2324.TW,仁寶,技術面,因子轉弱,20.0,-20.0,-40.0,40.0,-40.0,39.75,True,10,40.35,1.5094339622641546,39.7,-0.12578616352200545,41.6,4.654088050314469,37.8,-4.9056603773584975
2026-08-28,2324.TW,仁寶,籌碼面,因子轉弱,80.0,-80.0,-160.0,40.0,-40.0,39.75,True,10,40.35,1.5094339622641546,39.7,-0.12578616352200545,41.6,4.654088050314469,37.8,-4.9056603773584975
2026-08-28,2338.TW,光罩,籌碼面,因子轉弱,5.0,-45.0,-50.0,14.0,-10.0,39.2,False,,39.05,-0.38265306122450427,39.15,-0.12755102040817415,38.6,-1.5306122448979627,47.75,21.81122448979591
2026-08-28,2356.TW,英業達,技術面,因子轉弱,30.0,-10.0,-40.0,36.0,8.0,65.6,True,10,66.7,1.6768292682926962,66.6,1.5243902439024393,67.5,2.896341463414643,62.0,-5.487804878048772
2026-08-28,2356.TW,英業達,籌碼面,因子轉弱,60.0,30.0,-30.0,36.0,8.0,65.6,True,10,66.7,1.6768292682926962,66.6,1.5243902439024393,67.5,2.896341463414643,62.0,-5.487804878048772
2026-08-28,2362.TW,藍天,籌碼面,因子轉弱,80.0,50.0,-30.0,54.0,38.0,48.55,False,,47.75,-1.6477857878475741,48.7,0.30895983522143294,49.3,1.544799176107106,47.15,-2.883625128733262
2026-08-28,2374.TW,佳能,技術面,因子轉弱,35.0,-5.0,-40.0,8.0,-8.0,69.1,False,,68.7,-0.5788712011577302,70.1,1.4471780028943562,68.3,-1.1577424023154808,67.3,-2.604920405209837
2026-08-28,2383.TW,台光電,技術面,因子轉弱,20.0,-10.0,-30.0,20.0,-32.0,5500.0,False,,5485.0,-0.27272727272727276,5445.0,-1.0,5415.0,-1.5454545454545454,5365.0,-2.4545454545454546
2026-08-28,2383.TW,台光電,籌碼面,因子轉弱,30.0,-70.0,-100.0,20.0,-32.0,5500.0,False,,5485.0,-0.27272727272727276,5445.0,-1.0,5415.0,-1.5454545454545454,5365.0,-2.4545454545454546
2026-08-28,2454.TW,聯發科,技術面,因子轉弱,30.0,-5.0,-35.0,6.0,10.0,3865.0,False,,3925.0,1.5523932729624839,4275.0,10.608020698576972,4415.0,14.23027166882277,4585.0,18.628719275549805
2026-08-28,2498.TW,宏達電,技術面,因子轉弱,45.0,-5.0,-50.0,10.0,22.0,40.5,False,,40.2,-0.7407407407407337,41.65,2.839506172839503,41.6,2.716049382716053,39.95,-1.3580246913580178
2026-08-28,2540.TW,愛山林,籌碼面,因子轉弱,60.0,-70.0,-130.0,32.0,-12.0,48.0,False,,49.9,3.9583333333333304,46.9,-2.2916666666666696,47.15,-1.7708333333333364,49.1,2.2916666666666696
2026-08-28,2607.TW,榮運,技術面,因子轉弱,45.0,5.0,-40.0,30.0,22.0,52.3,False,,52.7,0.7648183556405462,53.3,1.9120458891013385,53.5,2.294455066921612,53.3,1.9120458891013385
2026-08-28,2610.TW,華航,籌碼面,因子轉弱,80.0,50.0,-30.0,40.0,24.0,20.8,False,,20.25,-2.6442307692307727,20.45,-1.6826923076923146,20.45,-1.6826923076923146,20.4,-1.9230769230769333
2026-08-28,2618.TW,長榮航,技術面,因子轉弱,55.0,30.0,-25.0,46.0,32.0,42.75,False,,42.0,-1.7543859649122806,42.15,-1.4035087719298278,42.5,-0.5847953216374269,42.35,-0.9356725146198798
2026-08-28,2707.TW,晶華,籌碼面,因子轉弱,50.0,20.0,-30.0,24.0,12.0,181.0,False,,177.0,-2.209944751381215,179.0,-1.1049723756906076,179.0,-1.1049723756906076,177.5,-1.9337016574585635
2026-08-28,2731.TW,雄獅,技術面,因子轉弱,-5.0,-30.0,-25.0,18.0,8.0,144.5,False,,144.0,-0.34602076124567477,143.5,-0.6920415224913495,144.0,-0.34602076124567477,141.0,-2.422145328719723
2026-08-28,2832.TW,台產,籌碼面,因子轉弱,50.0,10.0,-40.0,22.0,2.0,60.0,True,10,58.3,-2.833333333333338,58.2,-2.9999999999999956,58.5,-2.5,57.0,-5.0
2026-08-28,2882.TW,國泰金,籌碼面,因子轉弱,60.0,30.0,-30.0,46.0,30.0,102.5,False,,110.5,7.804878048780488,109.0,6.341463414634147,115.0,12.195121951219512,110.5,7.804878048780488
2026-08-28,2886.TW,兆豐金,技術面,因子轉弱,-30.0,-55.0,-25.0,12.0,2.0,46.15,False,,48.55,5.200433369447452,49.0,6.175514626218854,49.55,7.367280606717223,51.7,12.026002166847247
2026-08-28,2891.TW,中信金,技術面,因子轉弱,-5.0,-55.0,-50.0,-16.0,-36.0,63.8,False,,64.7,1.4106583072100403,66.6,4.388714733542316,68.4,7.2100313479623965,67.1,5.172413793103444
2026-08-28,3022.TW,威強電,技術面,因子轉弱,-5.0,-45.0,-40.0,-32.0,-40.0,91.5,True,10,90.3,-1.3114754098360688,90.4,-1.2021857923497206,95.9,4.808743169398913,83.2,-9.071038251366117
2026-08-28,3029.TW,零壹,籌碼面,因子轉弱,50.0,20.0,-30.0,22.0,32.0,112.0,False,,113.0,0.8928571428571428,112.5,0.4464285714285714,111.5,-0.4464285714285714,116.5,4.017857142857143
2026-08-28,3035.TW,智原,籌碼面,因子轉弱,80.0,50.0,-30.0,46.0,42.0,176.5,True,10,175.0,-0.84985835694051,184.5,4.53257790368272,179.5,1.69971671388102,169.5,-3.9660056657223794
2026-08-28,3081.TWO,聯亞,技術面,因子轉弱,80.0,55.0,-25.0,32.0,22.0,3370.0,True,5,3530.0,4.747774480712167,3395.0,0.741839762611276,3170.0,-5.934718100890208,2810.0,-16.61721068249258
2026-08-28,3324.TWO,雙鴻,技術面,因子轉弱,75.0,55.0,-20.0,30.0,22.0,1060.0,False,,1250.0,17.92452830188679,1435.0,35.37735849056604,1485.0,40.09433962264151,1360.0,28.30188679245283
2026-08-28,3443.TW,創意,技術面,因子轉弱,80.0,55.0,-25.0,64.0,54.0,5920.0,False,,6100.0,3.040540540540541,5895.0,-0.4222972972972973,5810.0,-1.8581081081081081,6120.0,3.3783783783783785
2026-08-28,3673.TW,TPK-KY,技術面,因子轉弱,70.0,45.0,-25.0,22.0,42.0,67.5,True,10,68.2,1.0370370370370412,67.0,-0.7407407407407408,65.5,-2.9629629629629632,61.7,-8.592592592592588
2026-08-28,5706.TW,鳳凰,技術面,因子轉弱,50.0,10.0,-40.0,28.0,20.0,45.4,False,,44.95,-0.991189427312766,44.9,-1.1013215859030838,44.7,-1.5418502202643078,44.3,-2.4229074889867874
2026-08-28,6213.TW,聯茂,技術面,因子轉弱,80.0,55.0,-25.0,36.0,0.0,563.0,True,3,548.0,-2.664298401420959,536.0,-4.7957371225577266,517.0,-8.170515097690942,509.0,-9.591474245115453
2026-08-28,6213.TW,聯茂,籌碼面,因子轉弱,10.0,-55.0,-65.0,36.0,0.0,563.0,True,3,548.0,-2.664298401420959,536.0,-4.7957371225577266,517.0,-8.170515097690942,509.0,-9.591474245115453
2026-08-28,6239.TW,力成,籌碼面,因子轉弱,80.0,-75.0,-155.0,46.0,-8.0,277.0,False,,277.0,0.0,278.0,0.36101083032490977,276.5,-0.18050541516245489,273.0,-1.444043321299639
2026-08-28,6239.TW,力成,量價面,因子轉弱,0.0,-20.0,-20.0,46.0,-8.0,277.0,False,,277.0,0.0,278.0,0.36101083032490977,276.5,-0.18050541516245489,273.0,-1.444043321299639
2026-08-28,6274.TWO,台燿,技術面,因子轉弱,30.0,-5.0,-35.0,12.0,-2.0,1445.0,True,5,1435.0,-0.6920415224913495,1410.0,-2.422145328719723,1365.0,-5.536332179930796,1365.0,-5.536332179930796
2026-08-28,6285.TW,啟碁,籌碼面,因子轉弱,60.0,30.0,-30.0,26.0,18.0,245.0,True,10,244.0,-0.40816326530612246,245.5,0.20408163265306123,243.5,-0.6122448979591837,222.5,-9.183673469387756
2026-08-28,6669.TW,緯穎,量價面,因子轉弱,25.0,0.0,-25.0,11.0,4.0,6815.0,True,3,7095.0,4.108584005869406,2610.0,-61.702127659574465,2565.0,-62.36243580337491,2310.0,-66.1041819515774
2026-08-28,6770.TW,力積電,技術面,因子轉弱,20.0,-20.0,-40.0,-12.0,4.0,69.6,False,,73.0,4.885057471264377,70.4,1.1494252873563382,68.5,-1.5804597701149343,70.7,1.5804597701149548
2026-08-28,8150.TW,南茂,籌碼面,因子轉弱,80.0,-45.0,-125.0,46.0,-10.0,90.3,True,10,89.1,-1.328903654485053,90.2,-0.1107419712070812,90.1,-0.22148394241417813,86.7,-3.986710963455143
2026-08-31,1102.TW,亞泥,技術面,因子轉弱,60.0,5.0,-55.0,56.0,14.0,34.55,False,,35.15,1.7366136034732316,35.2,1.8813314037626796,35.05,1.4471780028943562,35.0,1.3024602026049288
2026-08-31,1102.TW,亞泥,籌碼面,因子轉弱,80.0,30.0,-50.0,56.0,14.0,34.55,False,,35.15,1.7366136034732316,35.2,1.8813314037626796,35.05,1.4471780028943562,35.0,1.3024602026049288
2026-08-31,1303.TW,南亞,量價面,因子轉弱,25.0,0.0,-25.0,33.0,64.0,242.5,True,1,234.5,-3.2989690721649487,221.0,-8.8659793814433,230.5,-4.948453608247423,234.0,-3.5051546391752577
2026-08-31,1409.TW,新纖,技術面,因子轉弱,55.0,5.0,-50.0,54.0,30.0,24.6,False,,25.65,4.268292682926818,24.6,0.0,24.35,-1.0162601626016259,24.35,-1.0162601626016259
2026-08-31,1514.TW,亞力,技術面,因子轉弱,80.0,-5.0,-85.0,69.0,-24.0,102.0,False,,103.5,1.4705882352941175,100.5,-1.4705882352941175,102.5,0.49019607843137253,100.0,-1.9607843137254901
2026-08-31,1514.TW,亞力,籌碼面,因子轉弱,80.0,-55.0,-135.0,69.0,-24.0,102.0,False,,103.5,1.4705882352941175,100.5,-1.4705882352941175,102.5,0.49019607843137253,100.0,-1.9607843137254901
2026-08-31,1514.TW,亞力,量價面,因子轉弱,25.0,0.0,-25.0,69.0,-24.0,102.0,False,,103.5,1.4705882352941175,100.5,-1.4705882352941175,102.5,0.49019607843137253,100.0,-1.9607843137254901
2026-08-31,1612.TW,宏泰,技術面,因子轉弱,80.0,45.0,-35.0,61.0,30.0,35.1,False,,34.75,-0.9971509971510011,34.75,-0.9971509971510011,34.7,-1.1396011396011354,34.7,-1.1396011396011354
2026-08-31,1612.TW,宏泰,籌碼面,因子轉弱,60.0,30.0,-30.0,61.0,30.0,35.1,False,,34.75,-0.9971509971510011,34.75,-0.9971509971510011,34.7,-1.1396011396011354,34.7,-1.1396011396011354
2026-08-31,1612.TW,宏泰,量價面,因子轉弱,25.0,0.0,-25.0,61.0,30.0,35.1,False,,34.75,-0.9971509971510011,34.75,-0.9971509971510011,34.7,-1.1396011396011354,34.7,-1.1396011396011354
2026-08-31,2002.TW,中鋼,籌碼面,因子轉弱,30.0,-100.0,-130.0,0.0,-58.0,18.95,False,,19.05,0.5277044854881342,19.0,0.2638522427440671,19.0,0.2638522427440671,18.8,-0.7915567282321826
2026-08-31,2027.TW,大成鋼,技術面,因子轉弱,15.0,-10.0,-25.0,6.0,-26.0,48.8,True,10,49.8,2.0491803278688527,50.2,2.8688524590164053,49.1,0.6147540983606645,45.75,-6.249999999999995
2026-08-31,2027.TW,大成鋼,籌碼面,因子轉弱,0.0,-55.0,-55.0,6.0,-26.0,48.8,True,10,49.8,2.0491803278688527,50.2,2.8688524590164053,49.1,0.6147540983606645,45.75,-6.249999999999995
2026-08-31,2313.TW,華通,技術面,因子轉弱,90.0,55.0,-35.0,73.0,54.0,248.5,True,3,252.0,1.4084507042253522,236.0,-5.030181086519115,240.0,-3.420523138832998,221.0,-11.066398390342053
2026-08-31,2313.TW,華通,量價面,因子轉弱,25.0,0.0,-25.0,73.0,54.0,248.5,True,3,252.0,1.4084507042253522,236.0,-5.030181086519115,240.0,-3.420523138832998,221.0,-11.066398390342053
2026-08-31,2327.TW,國巨,技術面,因子轉弱,10.0,-35.0,-45.0,-18.0,-44.0,545.0,True,3,568.0,4.220183486238533,511.0,-6.238532110091743,589.0,8.073394495412845,545.0,0.0
2026-08-31,2329.TW,華泰,技術面,因子轉弱,30.0,-20.0,-50.0,44.0,12.0,43.5,True,10,43.7,0.4597701149425352,42.25,-2.8735632183908044,43.3,-0.4597701149425352,41.75,-4.022988505747127
2026-08-31,2329.TW,華泰,籌碼面,因子轉弱,80.0,50.0,-30.0,44.0,12.0,43.5,True,10,43.7,0.4597701149425352,42.25,-2.8735632183908044,43.3,-0.4597701149425352,41.75,-4.022988505747127
2026-08-31,2330.TW,台積電,技術面,因子轉弱,60.0,25.0,-35.0,56.0,22.0,2405.0,False,,2440.0,1.4553014553014554,2390.0,-0.6237006237006237,2460.0,2.2869022869022873,2380.0,-1.0395010395010396
2026-08-31,2330.TW,台積電,籌碼面,因子轉弱,80.0,30.0,-50.0,56.0,22.0,2405.0,False,,2440.0,1.4553014553014554,2390.0,-0.6237006237006237,2460.0,2.2869022869022873,2380.0,-1.0395010395010396
2026-08-31,2331.TW,精英,技術面,因子轉弱,35.0,-20.0,-55.0,30.0,12.0,19.6,True,10,19.7,0.5102040816326422,19.25,-1.785714285714293,19.35,-1.2755102040816324,18.7,-4.591836734693889
2026-08-31,2345.TW,智邦,技術面,因子轉弱,-5.0,-45.0,-40.0,-24.0,-48.0,2035.0,True,10,2205.0,8.353808353808354,2090.0,2.7027027027027026,2100.0,3.194103194103194,1875.0,-7.862407862407863
2026-08-31,2351.TW,順德,技術面,因子轉弱,80.0,45.0,-35.0,69.0,50.0,232.5,True,3,226.0,-2.795698924731183,223.0,-4.086021505376344,233.5,0.43010752688172044,257.0,10.53763440860215
2026-08-31,2351.TW,順德,量價面,因子轉弱,25.0,0.0,-25.0,69.0,50.0,232.5,True,3,226.0,-2.795698924731183,223.0,-4.086021505376344,233.5,0.43010752688172044,257.0,10.53763440860215
2026-08-31,2362.TW,藍天,技術面,因子轉弱,45.0,-20.0,-65.0,38.0,8.0,47.75,False,,47.7,-0.1047120418848108,47.25,-1.0471204188481675,47.95,0.41884816753927295,46.65,-2.3036649214659715
2026-08-31,2374.TW,佳能,技術面,因子轉弱,-5.0,-30.0,-25.0,-8.0,0.0,68.7,True,10,68.7,0.0,67.9,-1.1644832605531255,67.5,-1.7467248908296984,66.6,-3.0567685589519775
2026-08-31,2401.TW,凌陽,技術面,因子轉弱,5.0,-20.0,-25.0,-20.0,-30.0,25.25,True,10,25.45,0.7920792079207893,24.85,-1.5841584158415787,25.55,1.188118811881191,24.25,-3.9603960396039604
2026-08-31,2451.TW,創見,籌碼面,因子轉弱,50.0,-100.0,-150.0,22.0,-38.0,294.5,True,10,295.0,0.1697792869269949,286.0,-2.886247877758913,289.5,-1.697792869269949,274.0,-6.960950764006792
2026-08-31,2485.TW,兆赫,技術面,因子轉弱,60.0,-20.0,-80.0,48.0,-30.0,42.75,True,3,42.9,0.3508771929824528,40.7,-4.795321637426894,40.7,-4.795321637426894,38.5,-9.941520467836257
2026-08-31,2485.TW,兆赫,籌碼面,因子轉弱,60.0,-55.0,-115.0,48.0,-30.0,42.75,True,3,42.9,0.3508771929824528,40.7,-4.795321637426894,40.7,-4.795321637426894,38.5,-9.941520467836257
2026-08-31,2498.TW,宏達電,籌碼面,因子轉弱,60.0,-75.0,-135.0,22.0,-38.0,40.2,False,,40.9,1.7412935323382976,41.6,3.482587064676613,41.0,1.9900497512437738,39.9,-0.7462686567164285
2026-08-31,2603.TW,長榮,技術面,因子轉弱,5.0,-20.0,-25.0,26.0,4.0,233.5,False,,238.0,1.9271948608137044,239.0,2.355460385438972,233.0,-0.21413276231263384,237.0,1.4989293361884368
2026-08-31,2603.TW,長榮,籌碼面,因子轉弱,60.0,30.0,-30.0,26.0,4.0,233.5,False,,238.0,1.9271948608137044,239.0,2.355460385438972,233.0,-0.21413276231263384,237.0,1.4989293361884368
2026-08-31,2607.TW,榮運,籌碼面,因子轉弱,50.0,10.0,-40.0,22.0,34.0,52.7,False,,53.6,1.707779886148005,53.4,1.3282732447817756,53.1,0.7590132827324451,53.0,0.5692599620493305
2026-08-31,2609.TW,陽明,籌碼面,因子轉弱,50.0,-50.0,-100.0,22.0,-6.0,59.5,True,1,57.6,-3.1932773109243673,57.8,-2.857142857142862,58.1,-2.3529411764705856,59.3,-0.3361344537815174
2026-08-31,2610.TW,華航,技術面,因子轉弱,10.0,-30.0,-40.0,24.0,-34.0,20.25,False,,20.35,0.4938271604938342,20.55,1.481481481481485,20.45,0.9876543209876508,20.2,-0.2469135802469171
2026-08-31,2610.TW,華航,籌碼面,因子轉弱,50.0,-55.0,-105.0,24.0,-34.0,20.25,False,,20.35,0.4938271604938342,20.55,1.481481481481485,20.45,0.9876543209876508,20.2,-0.2469135802469171
2026-08-31,2612.TW,中航,技術面,因子轉弱,45.0,5.0,-40.0,42.0,14.0,60.5,False,,60.9,0.6611570247933861,63.3,4.628099173553714,64.0,5.785123966942149,63.9,5.619834710743799
2026-08-31,2612.TW,中航,籌碼面,因子轉弱,60.0,30.0,-30.0,42.0,14.0,60.5,False,,60.9,0.6611570247933861,63.3,4.628099173553714,64.0,5.785123966942149,63.9,5.619834710743799
2026-08-31,2618.TW,長榮航,技術面,因子轉弱,30.0,-20.0,-50.0,32.0,-30.0,42.0,False,,42.4,0.952380952380949,42.8,1.904761904761898,42.1,0.2380952380952415,42.05,0.11904761904761227
2026-08-31,2618.TW,長榮航,籌碼面,因子轉弱,50.0,-55.0,-105.0,32.0,-30.0,42.0,False,,42.4,0.952380952380949,42.8,1.904761904761898,42.1,0.2380952380952415,42.05,0.11904761904761227
2026-08-31,2636.TW,台驊投控,技術面,因子轉弱,5.0,-20.0,-25.0,2.0,0.0,68.8,False,,69.6,1.1627906976744147,69.5,1.0174418604651205,69.5,1.0174418604651205,69.7,1.3081395348837292
2026-08-31,2637.TW,慧洋-KY,籌碼面,因子轉弱,30.0,-30.0,-60.0,14.0,-4.0,94.1,False,,95.6,1.5940488841657812,99.8,6.057385759829971,99.2,5.419766206163665,101.0,7.3326248671626
2026-08-31,2707.TW,晶華,技術面,因子轉弱,10.0,-10.0,-20.0,12.0,-36.0,177.0,False,,179.0,1.1299435028248588,178.5,0.847457627118644,179.0,1.1299435028248588,177.5,0.2824858757062147
2026-08-31,2707.TW,晶華,籌碼面,因子轉弱,20.0,-70.0,-90.0,12.0,-36.0,177.0,False,,179.0,1.1299435028248588,178.5,0.847457627118644,179.0,1.1299435028248588,177.5,0.2824858757062147
2026-08-31,2707.TW,晶華,量價面,因子轉弱,0.0,-20.0,-20.0,12.0,-36.0,177.0,False,,179.0,1.1299435028248588,178.5,0.847457627118644,179.0,1.1299435028248588,177.5,0.2824858757062147
2026-08-31,2731.TW,雄獅,籌碼面,因子轉弱,50.0,0.0,-50.0,8.0,-8.0,144.0,False,,143.5,-0.3472222222222222,143.0,-0.6944444444444444,144.5,0.3472222222222222,140.0,-2.7777777777777777
2026-08-31,2832.TW,台產,籌碼面,因子轉弱,10.0,-45.0,-55.0,2.0,-26.0,58.3,False,,58.9,1.0291595197255599,58.0,-0.5145797598627739,57.9,-0.6861063464837025,56.6,-2.9159519725557392
2026-08-31,2832.TW,台產,量價面,因子轉弱,0.0,-20.0,-20.0,2.0,-26.0,58.3,False,,58.9,1.0291595197255599,58.0,-0.5145797598627739,57.9,-0.6861063464837025,56.6,-2.9159519725557392
2026-08-31,2881.TW,富邦金,籌碼面,因子轉弱,80.0,50.0,-30.0,56.0,48.0,144.0,False,,145.0,0.6944444444444444,147.0,2.083333333333333,149.5,3.8194444444444446,154.0,6.944444444444445
2026-08-31,3013.TW,晟銘電,籌碼面,因子轉弱,60.0,-45.0,-105.0,46.0,-6.0,87.6,True,10,92.4,5.4794520547945345,86.0,-1.8264840182648339,86.3,-1.4840182648401794,82.8,-5.479452054794518
2026-08-31,3013.TW,晟銘電,量價面,因子轉弱,0.0,-20.0,-20.0,46.0,-6.0,87.6,True,10,92.4,5.4794520547945345,86.0,-1.8264840182648339,86.3,-1.4840182648401794,82.8,-5.479452054794518
2026-08-31,3017.TW,奇鋐,量價面,因子轉弱,25.0,0.0,-25.0,43.0,48.0,3425.0,True,3,3410.0,-0.43795620437956206,3300.0,-3.64963503649635,3420.0,-0.145985401459854,3310.0,-3.3576642335766427
2026-08-31,3035.TW,智原,技術面,因子轉弱,55.0,-20.0,-75.0,42.0,12.0,175.0,False,,183.5,4.857142857142857,180.0,2.857142857142857,179.0,2.2857142857142856,172.5,-1.4285714285714286
2026-08-31,3037.TW,欣興,技術面,因子轉弱,55.0,-20.0,-75.0,54.0,24.0,999.0,True,3,971.0,-2.8028028028028027,923.0,-7.6076076076076085,949.0,-5.005005005005005,970.0,-2.902902902902903
2026-08-31,3062.TW,建漢,技術面,因子轉弱,70.0,-20.0,-90.0,48.0,0.0,20.7,False,,20.8,0.48309178743962045,20.4,-1.4492753623188441,20.5,-0.9661835748792237,20.4,-1.4492753623188441
2026-08-31,3062.TW,建漢,籌碼面,因子轉弱,50.0,20.0,-30.0,48.0,0.0,20.7,False,,20.8,0.48309178743962045,20.4,-1.4492753623188441,20.5,-0.9661835748792237,20.4,-1.4492753623188441
2026-08-31,3105.TWO,穩懋,技術面,因子轉弱,85.0,55.0,-30.0,39.0,22.0,447.5,False,,492.0,9.944134078212292,446.5,-0.22346368715083798,450.5,0.6703910614525139,444.0,-0.782122905027933
2026-08-31,3105.TWO,穩懋,量價面,因子轉弱,25.0,0.0,-25.0,39.0,22.0,447.5,False,,492.0,9.944134078212292,446.5,-0.22346368715083798,450.5,0.6703910614525139,444.0,-0.782122905027933
2026-08-31,3163.TWO,波若威,技術面,因子轉弱,55.0,5.0,-50.0,22.0,2.0,741.0,True,10,761.0,2.699055330634278,720.0,-2.834008097165992,752.0,1.484480431848853,656.0,-11.470985155195681
2026-08-31,3189.TW,景碩,技術面,因子轉弱,35.0,15.0,-20.0,38.0,-24.0,819.0,True,3,874.0,6.715506715506716,775.0,-5.372405372405373,813.0,-0.7326007326007326,798.0,-2.564102564102564
2026-08-31,3189.TW,景碩,籌碼面,因子轉弱,60.0,-75.0,-135.0,38.0,-24.0,819.0,True,3,874.0,6.715506715506716,775.0,-5.372405372405373,813.0,-0.7326007326007326,798.0,-2.564102564102564
2026-08-31,3231.TW,緯創,技術面,因子轉弱,5.0,-20.0,-25.0,-20.0,-30.0,178.0,False,,182.0,2.247191011235955,188.5,5.8988764044943816,197.0,10.674157303370785,181.0,1.6853932584269662
2026-08-31,3363.TWO,上詮,量價面,因子轉弱,25.0,0.0,-25.0,37.0,32.0,747.0,True,5,786.0,5.220883534136546,774.0,3.614457831325301,723.0,-3.2128514056224895,675.0,-9.63855421686747
2026-08-31,3376.TW,新日興,技術面,因子轉弱,80.0,45.0,-35.0,69.0,38.0,214.0,True,3,213.0,-0.46728971962616817,204.0,-4.672897196261682,206.5,-3.5046728971962615,181.0,-15.42056074766355
2026-08-31,3376.TW,新日興,籌碼面,因子轉弱,80.0,50.0,-30.0,69.0,38.0,214.0,True,3,213.0,-0.46728971962616817,204.0,-4.672897196261682,206.5,-3.5046728971962615,181.0,-15.42056074766355
2026-08-31,3376.TW,新日興,量價面,因子轉弱,25.0,0.0,-25.0,69.0,38.0,214.0,True,3,213.0,-0.46728971962616817,204.0,-4.672897196261682,206.5,-3.5046728971962615,181.0,-15.42056074766355
2026-08-31,3443.TW,創意,籌碼面,因子轉弱,80.0,50.0,-30.0,54.0,38.0,6100.0,True,3,5995.0,-1.7213114754098362,5800.0,-4.918032786885246,5935.0,-2.7049180327868854,6400.0,4.918032786885246
2026-08-31,3673.TW,TPK-KY,籌碼面,因子轉弱,60.0,30.0,-30.0,42.0,36.0,68.2,True,3,67.8,-0.5865102639296271,64.7,-5.131964809384164,65.8,-3.5190615835777206,63.4,-7.038123167155431
2026-08-31,3711.TW,日月光投控,技術面,因子轉弱,5.0,-15.0,-20.0,14.0,-36.0,584.0,False,,610.0,4.4520547945205475,589.0,0.8561643835616438,621.0,6.335616438356165,612.0,4.794520547945205
2026-08-31,3711.TW,日月光投控,籌碼面,因子轉弱,30.0,-75.0,-105.0,14.0,-36.0,584.0,False,,610.0,4.4520547945205475,589.0,0.8561643835616438,621.0,6.335616438356165,612.0,4.794520547945205
2026-08-31,4903.TWO,聯光通,技術面,因子轉弱,30.0,-20.0,-50.0,12.0,-8.0,36.4,True,10,37.6,3.2967032967033045,37.25,2.335164835164839,36.5,0.27472527472527863,34.8,-4.3956043956043995
2026-08-31,4908.TWO,前鼎,量價面,因子轉弱,25.0,0.0,-25.0,41.0,32.0,209.0,False,,229.5,9.808612440191387,204.5,-2.15311004784689,223.0,6.698564593301436,225.5,7.894736842105263
2026-08-31,4931.TWO,新盛力,技術面,因子轉弱,30.0,-10.0,-40.0,12.0,-4.0,259.0,True,3,260.5,0.5791505791505791,239.5,-7.5289575289575295,247.5,-4.440154440154441,231.5,-10.617760617760617
2026-08-31,4960.TW,誠美材,技術面,因子轉弱,55.0,-20.0,-75.0,46.0,16.0,21.2,True,10,21.2,0.0,20.8,-1.886792452830182,21.0,-0.943396226415091,19.95,-5.89622641509434
2026-08-31,4967.TW,十銓,技術面,因子轉弱,45.0,20.0,-25.0,30.0,-2.0,276.0,False,,276.0,0.0,272.5,-1.2681159420289856,277.5,0.5434782608695652,273.5,-0.9057971014492754
2026-08-31,4967.TW,十銓,籌碼面,因子轉弱,30.0,-25.0,-55.0,30.0,-2.0,276.0,False,,276.0,0.0,272.5,-1.2681159420289856,277.5,0.5434782608695652,273.5,-0.9057971014492754
2026-08-31,5289.TWO,宜鼎,技術面,因子轉弱,5.0,-45.0,-50.0,2.0,-18.0,1450.0,True,3,1450.0,0.0,1345.0,-7.241379310344828,1405.0,-3.103448275862069,1290.0,-11.03448275862069
2026-08-31,5530.TWO,龍巖,技術面,因子轉弱,60.0,15.0,-45.0,24.0,6.0,50.5,False,,50.2,-0.5940594059405885,49.8,-1.3861386138613918,49.45,-2.0792079207920735,49.55,-1.8811881188118866
2026-08-31,5706.TW,鳳凰,技術面,因子轉弱,10.0,-15.0,-25.0,20.0,6.0,44.95,False,,44.95,0.0,44.7,-0.5561735261401557,45.0,0.11123470522802481,43.85,-2.447163515016688
2026-08-31,6116.TW,彩晶,技術面,因子轉弱,70.0,45.0,-25.0,52.0,30.0,14.5,True,3,14.3,-1.3793103448275814,13.9,-4.137931034482756,14.2,-2.0689655172413843,13.85,-4.4827586206896575
2026-08-31,6116.TW,彩晶,籌碼面,因子轉弱,60.0,30.0,-30.0,52.0,30.0,14.5,True,3,14.3,-1.3793103448275814,13.9,-4.137931034482756,14.2,-2.0689655172413843,13.85,-4.4827586206896575
2026-08-31,6213.TW,聯茂,技術面,因子轉弱,55.0,5.0,-50.0,0.0,-38.0,548.0,True,3,550.0,0.36496350364963503,512.0,-6.569343065693431,513.0,-6.386861313868613,515.0,-6.021897810218978
2026-08-31,6213.TW,聯茂,籌碼面,因子轉弱,-55.0,-100.0,-45.0,0.0,-38.0,548.0,True,3,550.0,0.36496350364963503,512.0,-6.569343065693431,513.0,-6.386861313868613,515.0,-6.021897810218978
2026-08-31,6230.TW,超眾,技術面,因子轉弱,10.0,-20.0,-30.0,20.0,8.0,108.0,False,,110.5,2.314814814814815,106.0,-1.8518518518518516,113.0,4.62962962962963,116.5,7.87037037037037
2026-08-31,6239.TW,力成,技術面,因子轉弱,65.0,-20.0,-85.0,-8.0,-38.0,277.0,False,,284.0,2.527075812274368,275.0,-0.7220216606498195,280.0,1.083032490974729,271.5,-1.9855595667870036
2026-08-31,6269.TW,台郡,技術面,因子轉弱,90.0,65.0,-25.0,65.0,46.0,74.9,True,3,75.2,0.4005340453938547,65.0,-13.217623497997335,67.8,-9.479305740987995,64.7,-13.61815754339119
2026-08-31,6269.TW,台郡,量價面,因子轉弱,25.0,-20.0,-45.0,65.0,46.0,74.9,True,3,75.2,0.4005340453938547,65.0,-13.217623497997335,67.8,-9.479305740987995,64.7,-13.61815754339119
2026-08-31,6274.TWO,台燿,技術面,因子轉弱,-5.0,-35.0,-30.0,-2.0,-14.0,1435.0,True,3,1450.0,1.0452961672473868,1345.0,-6.2717770034843205,1370.0,-4.529616724738676,1410.0,-1.7421602787456445
2026-08-31,6278.TW,台表科,技術面,因子轉弱,70.0,45.0,-25.0,16.0,42.0,199.5,True,3,200.0,0.2506265664160401,191.5,-4.010025062656641,195.0,-2.2556390977443606,185.5,-7.017543859649122
2026-08-31,6426.TW,統新,技術面,因子轉弱,55.0,5.0,-50.0,16.0,26.0,261.0,False,,270.0,3.4482758620689653,265.5,1.7241379310344827,296.0,13.409961685823754,312.0,19.54022988505747
2026-08-31,7769.TW,鴻勁,技術面,因子轉弱,20.0,-35.0,-55.0,-6.0,-40.0,5860.0,False,,5870.0,0.17064846416382254,5870.0,0.17064846416382254,6565.0,12.030716723549489,6305.0,7.593856655290103
2026-08-31,7769.TW,鴻勁,量價面,因子轉弱,0.0,-20.0,-20.0,-6.0,-40.0,5860.0,False,,5870.0,0.17064846416382254,5870.0,0.17064846416382254,6565.0,12.030716723549489,6305.0,7.593856655290103
2026-08-31,8028.TW,昇陽半導體,技術面,因子轉弱,5.0,-40.0,-45.0,-28.0,-28.0,241.0,True,10,255.0,5.809128630705394,236.5,-1.8672199170124482,249.5,3.5269709543568464,221.5,-8.091286307053942
2026-08-31,8039.TW,台虹,技術面,因子轉弱,70.0,5.0,-65.0,60.0,22.0,327.0,True,3,319.0,-2.4464831804281344,293.0,-10.397553516819572,327.0,0.0,274.0,-16.207951070336392
2026-08-31,8039.TW,台虹,籌碼面,因子轉弱,80.0,50.0,-30.0,60.0,22.0,327.0,True,3,319.0,-2.4464831804281344,293.0,-10.397553516819572,327.0,0.0,274.0,-16.207951070336392
2026-08-31,8150.TW,南茂,技術面,因子轉弱,20.0,-20.0,-40.0,-10.0,-30.0,89.1,False,,93.2,4.601571268237945,89.1,0.0,91.3,2.469135802469139,86.6,-2.8058361391694726
2026-08-31,8215.TW,明基材,籌碼面,因子轉弱,50.0,20.0,-30.0,34.0,20.0,25.6,False,,25.25,-1.3671875000000056,25.3,-1.1718750000000027,25.35,-0.9765625,24.95,-2.5390625000000084
2026-08-31,8358.TWO,金居,量價面,因子轉弱,25.0,0.0,-25.0,39.0,28.0,540.0,True,3,526.0,-2.5925925925925926,470.0,-12.962962962962962,515.0,-4.62962962962963,518.0,-4.074074074074074
2026-09-01,0056.TW,元大高股息,量價面,因子轉弱,25.0,0.0,-25.0,67.0,56.0,54.85,False,,55.1,0.4557885141294439,55.4,1.0027347310847714,55.75,1.6408386508659956,55.0,0.27347310847766376
2026-09-01,1303.TW,南亞,技術面,因子轉弱,80.0,45.0,-35.0,64.0,38.0,234.5,True,3,237.5,1.279317697228145,225.5,-3.8379530916844353,235.0,0.21321961620469082,221.5,-5.543710021321962
2026-09-01,1303.TW,南亞,籌碼面,因子轉弱,80.0,50.0,-30.0,64.0,38.0,234.5,True,3,237.5,1.279317697228145,225.5,-3.8379530916844353,235.0,0.21321961620469082,221.5,-5.543710021321962
2026-09-01,1409.TW,新纖,籌碼面,因子轉弱,70.0,-55.0,-125.0,30.0,4.0,25.65,True,3,25.35,-1.1695906432748429,24.55,-4.288499025341123,24.45,-4.678362573099413,23.9,-6.822612085769982
2026-09-01,1612.TW,宏泰,技術面,因子轉弱,45.0,5.0,-40.0,30.0,10.0,34.75,False,,34.65,-0.28776978417266597,34.85,0.28776978417266597,34.7,-0.14388489208632277,34.5,-0.7194244604316548
2026-09-01,1717.TW,長興,量價面,因子轉弱,25.0,0.0,-25.0,63.0,60.0,84.7,True,1,80.8,-4.604486422668248,76.1,-10.153482880755618,72.3,-14.639905548996465,68.1,-19.598583234946883
2026-09-01,1718.TW,中纖,籌碼面,因子轉弱,60.0,-100.0,-160.0,42.0,-14.0,11.15,True,1,10.8,-3.139013452914795,10.6,-4.932735426008975,10.4,-6.726457399103139,10.4,-6.726457399103139
2026-09-01,2303.TW,聯電,籌碼面,因子轉弱,30.0,-15.0,-45.0,40.0,16.0,132.5,True,1,126.0,-4.905660377358491,130.0,-1.8867924528301887,137.0,3.3962264150943398,138.5,4.528301886792453
2026-09-01,2308.TW,台達電,技術面,因子轉弱,45.0,20.0,-25.0,12.0,2.0,1865.0,True,1,1730.0,-7.238605898123325,1825.0,-2.1447721179624666,1805.0,-3.2171581769436997,1670.0,-10.455764075067025
2026-09-01,2324.TW,仁寶,技術面,因子轉弱,45.0,15.0,-30.0,6.0,-24.0,39.9,True,10,39.7,-0.5012531328320695,41.6,4.260651629072689,39.05,-2.1303258145363446,36.95,-7.393483709273172
2026-09-01,2324.TW,仁寶,籌碼面,因子轉弱,-30.0,-75.0,-45.0,6.0,-24.0,39.9,True,10,39.7,-0.5012531328320695,41.6,4.260651629072689,39.05,-2.1303258145363446,36.95,-7.393483709273172
2026-09-01,2331.TW,精英,籌碼面,因子轉弱,50.0,20.0,-30.0,12.0,0.0,19.7,True,5,19.85,0.7614213197969651,19.6,-0.5076142131979587,19.0,-3.5532994923857837,18.5,-6.0913705583756315
2026-09-01,2337.TW,旺宏,技術面,因子轉弱,30.0,-20.0,-50.0,36.0,4.0,122.5,True,10,123.0,0.40816326530612246,121.5,-0.8163265306122449,126.0,2.857142857142857,114.5,-6.530612244897959
2026-09-01,2337.TW,旺宏,籌碼面,因子轉弱,60.0,30.0,-30.0,36.0,4.0,122.5,True,10,123.0,0.40816326530612246,121.5,-0.8163265306122449,126.0,2.857142857142857,114.5,-6.530612244897959
2026-09-01,2338.TW,光罩,技術面,因子轉弱,15.0,-20.0,-35.0,-16.0,-20.0,39.25,True,5,39.15,-0.2547770700636979,38.6,-1.6560509554140093,37.75,-3.821656050955414,46.1,17.45222929936306
2026-09-01,2344.TW,華邦電,技術面,因子轉弱,65.0,5.0,-60.0,50.0,-28.0,176.0,True,10,179.0,1.7045454545454544,174.0,-1.1363636363636365,188.0,6.8181818181818175,159.5,-9.375
2026-09-01,2344.TW,華邦電,籌碼面,因子轉弱,60.0,-75.0,-135.0,50.0,-28.0,176.0,True,10,179.0,1.7045454545454544,174.0,-1.1363636363636365,188.0,6.8181818181818175,159.5,-9.375
2026-09-01,2351.TW,順德,技術面,因子轉弱,45.0,5.0,-40.0,50.0,34.0,226.0,False,,229.0,1.3274336283185841,239.5,5.9734513274336285,227.5,0.6637168141592921,251.5,11.283185840707963
2026-09-01,2362.TW,藍天,籌碼面,因子轉弱,40.0,-50.0,-90.0,8.0,-32.0,47.7,True,10,48.7,2.0964360587002093,49.3,3.3542976939203233,47.55,-0.31446540880504337,46.25,-3.0398322851153097
2026-09-01,2368.TW,金像電,籌碼面,因子轉弱,60.0,-45.0,-105.0,55.0,10.0,1225.0,True,1,1175.0,-4.081632653061225,1045.0,-14.69387755102041,1075.0,-12.244897959183673,972.0,-20.653061224489797
2026-09-01,2368.TW,金像電,量價面,因子轉弱,25.0,0.0,-25.0,55.0,10.0,1225.0,True,1,1175.0,-4.081632653061225,1045.0,-14.69387755102041,1075.0,-12.244897959183673,972.0,-20.653061224489797
2026-09-01,2376.TW,技嘉,籌碼面,因子轉弱,60.0,20.0,-40.0,36.0,20.0,359.0,True,10,361.5,0.6963788300835655,361.0,0.5571030640668524,357.0,-0.5571030640668524,343.0,-4.456824512534819
2026-09-01,2408.TW,南亞科,技術面,因子轉弱,60.0,5.0,-55.0,48.0,-30.0,518.0,True,3,518.0,0.0,496.0,-4.247104247104247,531.0,2.5096525096525095,465.5,-10.135135135135135
2026-09-01,2408.TW,南亞科,籌碼面,因子轉弱,60.0,-80.0,-140.0,48.0,-30.0,518.0,True,3,518.0,0.0,496.0,-4.247104247104247,531.0,2.5096525096525095,465.5,-10.135135135135135
2026-09-01,2409.TW,友達,籌碼面,因子轉弱,60.0,30.0,-30.0,48.0,34.0,26.4,False,,26.4,0.0,26.8,1.5151515151515234,29.6,12.121212121212132,27.9,5.6818181818181825
2026-09-01,2421.TW,建準,技術面,因子轉弱,90.0,55.0,-35.0,65.0,54.0,177.0,True,1,168.0,-5.084745762711865,178.0,0.5649717514124294,168.0,-5.084745762711865,158.0,-10.734463276836157
2026-09-01,2421.TW,建準,量價面,因子轉弱,25.0,0.0,-25.0,65.0,54.0,177.0,True,1,168.0,-5.084745762711865,178.0,0.5649717514124294,168.0,-5.084745762711865,158.0,-10.734463276836157
2026-09-01,2451.TW,創見,技術面,因子轉弱,5.0,-20.0,-25.0,-38.0,-30.0,295.0,True,3,296.5,0.5084745762711864,284.5,-3.5593220338983054,286.0,-3.050847457627119,273.0,-7.457627118644068
2026-09-01,2540.TW,愛山林,技術面,因子轉弱,35.0,5.0,-30.0,-8.0,-20.0,48.1,False,,46.9,-2.4948024948025003,47.15,-1.975051975051981,48.2,0.20790020790021085,47.5,-1.2474012474012501
2026-09-01,2605.TW,新興,技術面,因子轉弱,20.0,-20.0,-40.0,-14.0,-14.0,34.75,False,,35.05,0.8633093525179775,35.85,3.165467625899285,36.5,5.0359712230215825,35.05,0.8633093525179775
2026-09-01,2606.TW,裕民,籌碼面,因子轉弱,60.0,30.0,-30.0,42.0,30.0,75.0,False,,75.1,0.13333333333332575,78.2,4.266666666666671,77.8,3.7333333333333294,74.6,-0.533333333333341
2026-09-01,2609.TW,陽明,技術面,因子轉弱,35.0,-20.0,-55.0,-6.0,-40.0,57.6,False,,57.5,-0.17361111111111358,58.2,1.041666666666669,57.3,-0.5208333333333408,58.8,2.083333333333326
2026-09-01,2609.TW,陽明,籌碼面,因子轉弱,-50.0,-80.0,-30.0,-6.0,-40.0,57.6,False,,57.5,-0.17361111111111358,58.2,1.041666666666669,57.3,-0.5208333333333408,58.8,2.083333333333326
2026-09-01,2612.TW,中航,籌碼面,因子轉弱,30.0,-25.0,-55.0,14.0,-8.0,60.9,False,,61.4,0.8210180623973727,63.3,3.940886699507387,64.0,5.090311986863713,61.5,0.9852216748768498
2026-09-01,2617.TW,台航,籌碼面,因子轉弱,60.0,-70.0,-130.0,26.0,-20.0,31.2,False,,31.25,0.16025641025641252,32.45,4.006410256410268,32.35,3.685897435897443,32.4,3.8461538461538445
2026-09-01,2636.TW,台驊投控,籌碼面,因子轉弱,20.0,-55.0,-75.0,0.0,-14.0,69.6,False,,69.4,-0.2873563218390641,69.4,-0.2873563218390641,68.7,-1.2931034482758499,69.2,-0.5747126436781487
2026-09-01,2707.TW,晶華,技術面,因子轉弱,-10.0,-30.0,-20.0,-36.0,-40.0,179.0,False,,179.0,0.0,179.0,0.0,178.0,-0.5586592178770949,177.5,-0.8379888268156425
2026-09-01,2731.TW,雄獅,技術面,因子轉弱,-20.0,-45.0,-25.0,-8.0,-42.0,143.5,False,,143.5,0.0,144.0,0.34843205574912894,143.0,-0.34843205574912894,141.5,-1.3937282229965158
2026-09-01,2731.TW,雄獅,籌碼面,因子轉弱,0.0,-60.0,-60.0,-8.0,-42.0,143.5,False,,143.5,0.0,144.0,0.34843205574912894,143.0,-0.34843205574912894,141.5,-1.3937282229965158
2026-09-01,2816.TW,旺旺保,技術面,因子轉弱,45.0,5.0,-40.0,38.0,10.0,38.65,False,,38.9,0.646830530401035,40.0,3.492884864165592,39.15,1.29366106080207,39.1,1.1642949547218702
2026-09-01,2816.TW,旺旺保,籌碼面,因子轉弱,50.0,20.0,-30.0,38.0,10.0,38.65,False,,38.9,0.646830530401035,40.0,3.492884864165592,39.15,1.29366106080207,39.1,1.1642949547218702
2026-09-01,2832.TW,台產,技術面,因子轉弱,-10.0,-30.0,-20.0,-26.0,-20.0,58.9,False,,58.2,-1.1884550084889571,58.5,-0.6791171477079772,58.0,-1.5280135823429517,57.5,-2.3769100169779267
2026-09-01,2881.TW,富邦金,籌碼面,因子轉弱,50.0,-80.0,-130.0,48.0,-4.0,145.0,False,,143.5,-1.0344827586206897,150.5,3.793103448275862,149.0,2.7586206896551726,151.0,4.137931034482759
2026-09-01,2882.TW,國泰金,籌碼面,因子轉弱,80.0,50.0,-30.0,67.0,44.0,111.0,False,,109.0,-1.8018018018018018,115.0,3.6036036036036037,113.5,2.2522522522522523,110.0,-0.9009009009009009
2026-09-01,2882.TW,國泰金,量價面,因子轉弱,25.0,0.0,-25.0,67.0,44.0,111.0,False,,109.0,-1.8018018018018018,115.0,3.6036036036036037,113.5,2.2522522522522523,110.0,-0.9009009009009009
2026-09-01,2887.TW,台新金,量價面,因子轉弱,25.0,0.0,-25.0,69.0,64.0,40.3,False,,41.2,2.2332506203474085,41.5,2.9776674937965333,42.8,6.20347394540943,43.4,7.692307692307697
2026-09-01,3017.TW,奇鋐,籌碼面,因子轉弱,60.0,30.0,-30.0,48.0,36.0,3410.0,True,5,3310.0,-2.932551319648094,3570.0,4.69208211143695,3285.0,-3.6656891495601176,3115.0,-8.651026392961878
2026-09-01,3029.TW,零壹,技術面,因子轉弱,70.0,45.0,-25.0,48.0,30.0,112.5,False,,112.5,0.0,111.5,-0.8888888888888888,111.5,-0.8888888888888888,118.5,5.333333333333334
2026-09-01,3037.TW,欣興,量價面,因子轉弱,0.0,-20.0,-20.0,24.0,20.0,971.0,True,3,973.0,0.20597322348094746,902.0,-7.106076210092688,954.0,-1.7507723995880538,951.0,-2.059732234809475
2026-09-01,3211.TWO,順達,技術面,因子轉弱,45.0,20.0,-25.0,18.0,8.0,406.0,True,1,392.0,-3.4482758620689653,386.0,-4.926108374384237,375.5,-7.512315270935961,361.0,-11.083743842364532
2026-09-01,3260.TWO,威剛,技術面,因子轉弱,5.0,-20.0,-25.0,2.0,-8.0,412.0,True,10,412.5,0.12135922330097086,400.5,-2.7912621359223304,414.0,0.48543689320388345,388.5,-5.703883495145631
2026-09-01,3324.TWO,雙鴻,量價面,因子轉弱,25.0,0.0,-25.0,39.0,32.0,1375.0,True,10,1435.0,4.363636363636364,1485.0,8.0,1340.0,-2.5454545454545454,1260.0,-8.363636363636363
2026-09-01,3363.TWO,上詮,技術面,因子轉弱,80.0,55.0,-25.0,32.0,22.0,786.0,True,3,780.0,-0.7633587786259541,735.0,-6.488549618320611,711.0,-9.541984732824428,648.0,-17.557251908396946
2026-09-01,3443.TW,創意,技術面,因子轉弱,45.0,5.0,-40.0,38.0,10.0,5995.0,True,3,5895.0,-1.6680567139282736,5810.0,-3.085904920767306,5960.0,-0.5838198498748958,6035.0,0.6672226855713094
2026-09-01,3443.TW,創意,籌碼面,因子轉弱,50.0,20.0,-30.0,38.0,10.0,5995.0,True,3,5895.0,-1.6680567139282736,5810.0,-3.085904920767306,5960.0,-0.5838198498748958,6035.0,0.6672226855713094
2026-09-01,3481.TW,群創,籌碼面,因子轉弱,30.0,-35.0,-65.0,24.0,-6.0,49.3,True,10,49.05,-0.5070993914807302,48.5,-1.6227180527383311,48.8,-1.0141987829614605,46.8,-5.070993914807302
2026-09-01,3673.TW,TPK-KY,技術面,因子轉弱,60.0,5.0,-55.0,36.0,14.0,67.8,True,3,67.0,-1.1799410029498483,65.5,-3.3923303834808216,63.9,-5.752212389380529,61.5,-9.292035398230086
2026-09-01,4938.TW,和碩,籌碼面,因子轉弱,60.0,30.0,-30.0,30.0,20.0,91.0,False,,91.7,0.7692307692307724,95.4,4.835164835164842,91.7,0.7692307692307724,88.3,-2.96703296703297
2026-09-01,4958.TW,臻鼎-KY,技術面,因子轉弱,60.0,35.0,-25.0,48.0,51.0,535.0,True,1,507.0,-5.233644859813085,463.0,-13.457943925233645,505.0,-5.607476635514018,477.5,-10.74766355140187
2026-09-01,4979.TWO,華星光,技術面,因子轉弱,45.0,5.0,-40.0,18.0,2.0,600.0,True,10,624.0,4.0,629.0,4.833333333333333,605.0,0.8333333333333334,509.0,-15.166666666666668
2026-09-01,5469.TW,瀚宇博,技術面,因子轉弱,45.0,20.0,-25.0,38.0,40.0,74.0,True,3,73.7,-0.40540540540540154,71.6,-3.243243243243251,71.1,-3.918918918918927,71.5,-3.3783783783783785
2026-09-01,6116.TW,彩晶,技術面,因子轉弱,45.0,5.0,-40.0,30.0,14.0,14.3,True,10,14.15,-1.0489510489510514,14.05,-1.7482517482517481,14.3,0.0,13.65,-4.545454545454548
2026-09-01,6269.TW,台郡,籌碼面,因子轉弱,60.0,30.0,-30.0,46.0,34.0,75.2,True,1,71.7,-4.654255319148936,67.7,-9.97340425531915,65.8,-12.500000000000009,63.3,-15.82446808510639
2026-09-01,6275.TWO,元山,技術面,因子轉弱,70.0,45.0,-25.0,28.0,18.0,46.05,False,,45.9,-0.32573289902279823,48.15,4.560260586319222,45.4,-1.4115092290988027,44.8,-2.714440825190011
2026-09-01,6278.TW,台表科,技術面,因子轉弱,45.0,5.0,-40.0,42.0,14.0,200.0,True,5,199.5,-0.25,200.0,0.0,188.5,-5.75,180.5,-9.75
2026-09-01,6278.TW,台表科,籌碼面,因子轉弱,60.0,30.0,-30.0,42.0,14.0,200.0,True,5,199.5,-0.25,200.0,0.0,188.5,-5.75,180.5,-9.75
2026-09-01,6770.TW,力積電,技術面,因子轉弱,55.0,30.0,-25.0,46.0,24.0,70.8,True,3,70.4,-0.5649717514124173,68.5,-3.2485875706214653,72.4,2.2598870056497296,66.9,-5.508474576271174
2026-09-01,6770.TW,力積電,籌碼面,因子轉弱,60.0,30.0,-30.0,46.0,24.0,70.8,True,3,70.4,-0.5649717514124173,68.5,-3.2485875706214653,72.4,2.2598870056497296,66.9,-5.508474576271174
2026-09-01,8039.TW,台虹,籌碼面,因子轉弱,50.0,-55.0,-105.0,22.0,-20.0,319.0,True,3,313.5,-1.7241379310344827,297.5,-6.739811912225706,294.5,-7.6802507836990594,270.0,-15.360501567398119
2026-09-01,8046.TW,南電,技術面,因子轉弱,60.0,15.0,-45.0,12.0,-16.0,1225.0,True,3,1200.0,-2.0408163265306123,1055.0,-13.877551020408163,1025.0,-16.3265306122449,1085.0,-11.428571428571429
2026-09-01,8215.TW,明基材,技術面,因子轉弱,30.0,-20.0,-50.0,20.0,0.0,25.25,False,,26.3,4.158415841584161,25.55,1.188118811881191,25.15,-0.39603960396040166,24.5,-2.9702970297029703
2026-09-01,8299.TWO,群聯,技術面,因子轉弱,65.0,5.0,-60.0,26.0,2.0,2125.0,True,3,2065.0,-2.823529411764706,2015.0,-5.176470588235294,2085.0,-1.8823529411764703,1920.0,-9.647058823529411
2026-09-01,8358.TWO,金居,技術面,因子轉弱,70.0,45.0,-25.0,28.0,18.0,526.0,True,1,503.0,-4.3726235741444865,500.0,-4.942965779467681,520.0,-1.1406844106463878,482.0,-8.365019011406844
2026-09-01,9105.TW,泰金寶-DR,籌碼面,因子轉弱,60.0,30.0,-30.0,48.0,36.0,8.64,False,,8.48,-1.8518518518518534,8.65,0.11574074074073826,8.68,0.46296296296295303,8.42,-2.5462962962963034
2026-09-02,00403A.TW,主動統一升級50,技術面,因子轉弱,70.0,5.0,-65.0,52.0,26.0,10.27,False,,10.06,-2.04479065238558,10.39,1.1684518013632035,10.35,0.7789678675754632,10.02,-2.4342745861733204
2026-09-02,00878.TW,國泰永續高股息,技術面,因子轉弱,75.0,35.0,-40.0,54.0,38.0,33.65,False,,33.58,-0.2080237741456175,34.39,2.199108469539382,34.13,1.4264487369985261,34.47,2.436849925705796
2026-09-02,1102.TW,亞泥,技術面,因子轉弱,70.0,35.0,-35.0,60.0,34.0,35.0,False,,35.2,0.5714285714285796,35.05,0.14285714285713474,35.4,1.1428571428571388,34.95,-0.14285714285713474
2026-09-02,1102.TW,亞泥,籌碼面,因子轉弱,80.0,50.0,-30.0,60.0,34.0,35.0,False,,35.2,0.5714285714285796,35.05,0.14285714285713474,35.4,1.1428571428571388,34.95,-0.14285714285713474
2026-09-02,1326.TW,台化,技術面,因子轉弱,80.0,45.0,-35.0,69.0,38.0,72.8,True,1,69.7,-4.258241758241751,71.9,-1.2362637362637245,71.8,-1.3736263736263736,65.8,-9.615384615384617
2026-09-02,1326.TW,台化,籌碼面,因子轉弱,80.0,50.0,-30.0,69.0,38.0,72.8,True,1,69.7,-4.258241758241751,71.9,-1.2362637362637245,71.8,-1.3736263736263736,65.8,-9.615384615384617
2026-09-02,1326.TW,台化,量價面,因子轉弱,25.0,0.0,-25.0,69.0,38.0,72.8,True,1,69.7,-4.258241758241751,71.9,-1.2362637362637245,71.8,-1.3736263736263736,65.8,-9.615384615384617
2026-09-02,1409.TW,新纖,技術面,因子轉弱,65.0,45.0,-20.0,4.0,-4.0,25.35,True,3,24.6,-2.9585798816568047,24.35,-3.9447731755424065,26.85,5.9171597633136095,23.95,-5.522682445759377
2026-09-02,1714.TW,和桐,技術面,因子轉弱,90.0,65.0,-25.0,65.0,-8.0,17.35,True,1,16.55,-4.610951008645537,16.45,-5.187319884726237,16.8,-3.1700288184438077,15.6,-10.086455331412113
2026-09-02,1714.TW,和桐,籌碼面,因子轉弱,60.0,-75.0,-135.0,65.0,-8.0,17.35,True,1,16.55,-4.610951008645537,16.45,-5.187319884726237,16.8,-3.1700288184438077,15.6,-10.086455331412113
2026-09-02,1714.TW,和桐,量價面,因子轉弱,25.0,-20.0,-45.0,65.0,-8.0,17.35,True,1,16.55,-4.610951008645537,16.45,-5.187319884726237,16.8,-3.1700288184438077,15.6,-10.086455331412113
2026-09-02,1717.TW,長興,技術面,因子轉弱,70.0,45.0,-25.0,60.0,38.0,80.8,True,1,76.8,-4.9504950495049505,73.5,-9.034653465346532,72.3,-10.519801980198022,70.7,-12.499999999999993
2026-09-02,1717.TW,長興,籌碼面,因子轉弱,80.0,50.0,-30.0,60.0,38.0,80.8,True,1,76.8,-4.9504950495049505,73.5,-9.034653465346532,72.3,-10.519801980198022,70.7,-12.499999999999993
2026-09-02,1718.TW,中纖,技術面,因子轉弱,65.0,5.0,-60.0,-14.0,-28.0,10.8,True,3,10.7,-0.925925925925939,10.45,-3.240740740740754,10.85,0.46296296296295303,10.5,-2.7777777777777843
2026-09-02,1802.TW,台玻,籌碼面,因子轉弱,80.0,50.0,-30.0,50.0,38.0,60.8,True,1,58.6,-3.618421052631572,60.7,-0.16447368421051697,60.2,-0.9868421052631486,58.5,-3.782894736842101
2026-09-02,1906.TW,寶隆,籌碼面,因子轉弱,30.0,-50.0,-80.0,6.0,-28.0,11.2,True,10,11.2,0.0,11.2,0.0,11.1,-0.8928571428571397,10.8,-3.5714285714285587
2026-09-02,1906.TW,寶隆,量價面,因子轉弱,0.0,-20.0,-20.0,6.0,-28.0,11.2,True,10,11.2,0.0,11.2,0.0,11.1,-0.8928571428571397,10.8,-3.5714285714285587
2026-09-02,2303.TW,聯電,技術面,因子轉弱,55.0,5.0,-50.0,16.0,-20.0,126.0,False,,125.0,-0.7936507936507936,143.0,13.492063492063492,141.5,12.3015873015873,142.0,12.698412698412698
2026-09-02,2303.TW,聯電,籌碼面,因子轉弱,-15.0,-55.0,-40.0,16.0,-20.0,126.0,False,,125.0,-0.7936507936507936,143.0,13.492063492063492,141.5,12.3015873015873,142.0,12.698412698412698
2026-09-02,2308.TW,台達電,技術面,因子轉弱,20.0,-10.0,-30.0,2.0,-34.0,1730.0,False,,1760.0,1.7341040462427744,1850.0,6.9364161849710975,1795.0,3.7572254335260116,1710.0,-1.1560693641618496
2026-09-02,2308.TW,台達電,籌碼面,因子轉弱,-15.0,-75.0,-60.0,2.0,-34.0,1730.0,False,,1760.0,1.7341040462427744,1850.0,6.9364161849710975,1795.0,3.7572254335260116,1710.0,-1.1560693641618496
2026-09-02,2313.TW,華通,籌碼面,因子轉弱,80.0,50.0,-30.0,50.0,38.0,249.0,True,1,236.0,-5.220883534136546,240.0,-3.614457831325301,228.0,-8.433734939759036,225.0,-9.63855421686747
2026-09-02,2317.TW,鴻海,技術面,因子轉弱,30.0,-20.0,-50.0,44.0,12.0,251.0,False,,247.5,-1.394422310756972,256.0,1.9920318725099602,252.0,0.398406374501992,248.0,-1.1952191235059761
2026-09-02,2317.TW,鴻海,籌碼面,因子轉弱,80.0,50.0,-30.0,44.0,12.0,251.0,False,,247.5,-1.394422310756972,256.0,1.9920318725099602,252.0,0.398406374501992,248.0,-1.1952191235059761
2026-09-02,2324.TW,仁寶,技術面,因子轉弱,15.0,-10.0,-25.0,-24.0,-34.0,39.7,True,10,38.75,-2.392947103274566,40.05,0.8816120906800864,38.9,-2.0151133501259553,37.35,-5.919395465994965
2026-09-02,2327.TW,國巨,技術面,因子轉弱,30.0,-30.0,-60.0,-8.0,-42.0,540.0,True,1,511.0,-5.37037037037037,589.0,9.074074074074074,565.0,4.62962962962963,536.0,-0.7407407407407408
2026-09-02,2330.TW,台積電,技術面,因子轉弱,60.0,5.0,-55.0,48.0,-38.0,2385.0,False,,2390.0,0.20964360587002098,2460.0,3.1446540880503147,2465.0,3.3542976939203357,2380.0,-0.20964360587002098
2026-09-02,2330.TW,台積電,籌碼面,因子轉弱,60.0,-100.0,-160.0,48.0,-38.0,2385.0,False,,2390.0,0.20964360587002098,2460.0,3.1446540880503147,2465.0,3.3542976939203357,2380.0,-0.20964360587002098
2026-09-02,2351.TW,順德,籌碼面,因子轉弱,80.0,50.0,-30.0,34.0,22.0,229.0,False,,223.0,-2.6200873362445414,233.5,1.9650655021834063,237.5,3.711790393013101,236.0,3.056768558951965
2026-09-02,2368.TW,金像電,技術面,因子轉弱,70.0,45.0,-25.0,10.0,-4.0,1175.0,True,1,1100.0,-6.382978723404255,1120.0,-4.680851063829787,1100.0,-6.382978723404255,992.0,-15.574468085106382
2026-09-02,2382.TW,廣達,技術面,因子轉弱,80.0,60.0,-20.0,64.0,56.0,337.0,False,,335.0,-0.5934718100890208,347.5,3.115727002967359,342.0,1.483679525222552,340.5,1.0385756676557862
2026-09-02,2383.TW,台光電,技術面,因子轉弱,-5.0,-45.0,-40.0,-32.0,-48.0,5445.0,True,10,5290.0,-2.846648301193756,5495.0,0.9182736455463728,5375.0,-1.285583103764922,5085.0,-6.6115702479338845
2026-09-02,2395.TW,研華,技術面,因子轉弱,75.0,55.0,-20.0,67.0,42.0,692.0,True,5,674.0,-2.601156069364162,680.0,-1.7341040462427744,653.0,-5.635838150289017,695.0,0.4335260115606936
2026-09-02,2395.TW,研華,籌碼面,因子轉弱,80.0,50.0,-30.0,67.0,42.0,692.0,True,5,674.0,-2.601156069364162,680.0,-1.7341040462427744,653.0,-5.635838150289017,695.0,0.4335260115606936
2026-09-02,2395.TW,研華,量價面,因子轉弱,25.0,0.0,-25.0,67.0,42.0,692.0,True,5,674.0,-2.601156069364162,680.0,-1.7341040462427744,653.0,-5.635838150289017,695.0,0.4335260115606936
2026-09-02,2409.TW,友達,技術面,因子轉弱,55.0,30.0,-25.0,34.0,36.0,26.4,False,,26.55,0.5681818181818262,28.7,8.712121212121215,30.5,15.530303030303036,29.4,11.363636363636365
2026-09-02,2421.TW,建準,技術面,因子轉弱,55.0,5.0,-50.0,54.0,22.0,168.0,True,10,164.5,-2.083333333333333,171.5,2.083333333333333,167.5,-0.2976190476190476,160.5,-4.464285714285714
2026-09-02,2421.TW,建準,籌碼面,因子轉弱,80.0,50.0,-30.0,54.0,22.0,168.0,True,10,164.5,-2.083333333333333,171.5,2.083333333333333,167.5,-0.2976190476190476,160.5,-4.464285714285714
2026-09-02,2449.TW,京元電子,技術面,因子轉弱,75.0,45.0,-30.0,67.0,-14.0,270.5,True,1,261.0,-3.512014787430684,273.0,0.9242144177449169,270.0,-0.18484288354898337,261.5,-3.3271719038817005
2026-09-02,2449.TW,京元電子,籌碼面,因子轉弱,80.0,-80.0,-160.0,67.0,-14.0,270.5,True,1,261.0,-3.512014787430684,273.0,0.9242144177449169,270.0,-0.18484288354898337,261.5,-3.3271719038817005
2026-09-02,2449.TW,京元電子,量價面,因子轉弱,25.0,0.0,-25.0,67.0,-14.0,270.5,True,1,261.0,-3.512014787430684,273.0,0.9242144177449169,270.0,-0.18484288354898337,261.5,-3.3271719038817005
2026-09-02,2454.TW,聯發科,技術面,因子轉弱,60.0,40.0,-20.0,36.0,-10.0,4275.0,False,,4340.0,1.5204678362573099,4760.0,11.345029239766081,4625.0,8.187134502923977,4530.0,5.964912280701754
2026-09-02,2454.TW,聯發科,籌碼面,因子轉弱,30.0,-55.0,-85.0,36.0,-10.0,4275.0,False,,4340.0,1.5204678362573099,4760.0,11.345029239766081,4625.0,8.187134502923977,4530.0,5.964912280701754
2026-09-02,2454.TW,聯發科,量價面,因子轉弱,0.0,-20.0,-20.0,36.0,-10.0,4275.0,False,,4340.0,1.5204678362573099,4760.0,11.345029239766081,4625.0,8.187134502923977,4530.0,5.964912280701754
2026-09-02,2485.TW,兆赫,籌碼面,因子轉弱,30.0,-20.0,-50.0,4.0,-6.0,42.3,True,1,40.7,-3.7825059101654714,40.7,-3.7825059101654714,40.65,-3.9007092198581526,38.95,-7.91962174940897
2026-09-02,2498.TW,宏達電,籌碼面,因子轉弱,60.0,0.0,-60.0,48.0,30.0,41.65,True,10,41.6,-0.12004801920767626,41.0,-1.5606242496998766,40.5,-2.761104441776707,40.2,-3.481392557022799
2026-09-02,2603.TW,長榮,籌碼面,因子轉弱,60.0,30.0,-30.0,32.0,20.0,234.5,False,,239.0,1.9189765458422177,233.0,-0.6396588486140725,234.0,-0.21321961620469082,239.0,1.9189765458422177
2026-09-02,2618.TW,長榮航,技術面,因子轉弱,70.0,-20.0,-90.0,48.0,-20.0,42.15,False,,42.8,1.5421115065243145,42.1,-0.11862396204032541,42.55,0.9489916963226538,41.3,-2.01660735468565
2026-09-02,2618.TW,長榮航,籌碼面,因子轉弱,50.0,-30.0,-80.0,48.0,-20.0,42.15,False,,42.8,1.5421115065243145,42.1,-0.11862396204032541,42.55,0.9489916963226538,41.3,-2.01660735468565
2026-09-02,2832.TW,台產,籌碼面,因子轉弱,-20.0,-65.0,-45.0,-20.0,-38.0,58.2,False,,58.0,-0.3436426116838536,57.9,-0.5154639175257805,57.8,-0.6872852233677073,58.1,-0.1718213058419268
2026-09-02,2881.TW,富邦金,技術面,因子轉弱,70.0,20.0,-50.0,-4.0,-10.0,143.5,False,,147.0,2.4390243902439024,149.5,4.181184668989547,147.0,2.4390243902439024,153.0,6.620209059233449
2026-09-02,2897.TW,王道銀行,量價面,因子轉弱,25.0,0.0,-25.0,69.0,64.0,10.7,False,,10.9,1.8691588785046829,10.75,0.4672897196261749,10.85,1.4018691588785082,11.15,4.2056074766355245
2026-09-02,3013.TW,晟銘電,技術面,因子轉弱,70.0,45.0,-25.0,36.0,-4.0,89.5,True,1,86.0,-3.910614525139665,86.3,-3.575418994413411,87.0,-2.793296089385475,82.8,-7.486033519553076
2026-09-02,3013.TW,晟銘電,籌碼面,因子轉弱,20.0,-55.0,-75.0,36.0,-4.0,89.5,True,1,86.0,-3.910614525139665,86.3,-3.575418994413411,87.0,-2.793296089385475,82.8,-7.486033519553076
2026-09-02,3017.TW,奇鋐,技術面,因子轉弱,60.0,5.0,-55.0,36.0,34.0,3310.0,True,10,3300.0,-0.3021148036253776,3420.0,3.3232628398791544,3380.0,2.1148036253776437,3175.0,-4.078549848942599
2026-09-02,3022.TW,威強電,技術面,因子轉弱,-5.0,-55.0,-50.0,-24.0,-44.0,90.4,True,1,87.2,-3.5398230088495604,91.5,1.216814159292029,85.7,-5.19911504424779,86.0,-4.867256637168148
2026-09-02,3035.TW,智原,籌碼面,因子轉弱,60.0,30.0,-30.0,48.0,36.0,184.5,True,5,180.0,-2.4390243902439024,179.0,-2.9810298102981028,176.5,-4.336043360433604,173.5,-5.9620596205962055
2026-09-02,3037.TW,欣興,技術面,因子轉弱,0.0,-45.0,-45.0,20.0,-6.0,973.0,True,1,923.0,-5.138746145940391,949.0,-2.466598150051387,993.0,2.055498458376156,961.0,-1.2332990750256936
2026-09-02,3037.TW,欣興,籌碼面,因子轉弱,60.0,30.0,-30.0,20.0,-6.0,973.0,True,1,923.0,-5.138746145940391,949.0,-2.466598150051387,993.0,2.055498458376156,961.0,-1.2332990750256936
2026-09-02,3081.TWO,聯亞,技術面,因子轉弱,45.0,5.0,-40.0,18.0,2.0,3395.0,True,1,3120.0,-8.100147275405007,3070.0,-9.572901325478647,2850.0,-16.05301914580265,2805.0,-17.378497790868924
2026-09-02,3105.TWO,穩懋,技術面,因子轉弱,80.0,45.0,-35.0,32.0,18.0,469.5,True,1,446.5,-4.898828541001065,450.5,-4.046858359957402,464.0,-1.1714589989350372,472.5,0.6389776357827476
2026-09-02,3189.TW,景碩,技術面,因子轉弱,15.0,-20.0,-35.0,18.0,4.0,847.0,True,1,775.0,-8.500590318772137,813.0,-4.014167650531287,812.0,-4.132231404958678,820.0,-3.187721369539551
2026-09-02,3211.TWO,順達,技術面,因子轉弱,20.0,-20.0,-40.0,8.0,-8.0,392.0,True,1,375.0,-4.336734693877551,384.0,-2.0408163265306123,367.0,-6.377551020408164,370.0,-5.612244897959184
2026-09-02,3324.TWO,雙鴻,技術面,因子轉弱,80.0,55.0,-25.0,32.0,22.0,1435.0,True,1,1350.0,-5.923344947735192,1440.0,0.34843205574912894,1385.0,-3.484320557491289,1360.0,-5.2264808362369335
2026-09-02,3376.TW,新日興,技術面,因子轉弱,45.0,5.0,-40.0,38.0,22.0,208.0,True,10,204.0,-1.9230769230769231,206.5,-0.7211538461538461,206.0,-0.9615384615384616,176.5,-15.144230769230768
2026-09-02,3443.TW,創意,籌碼面,因子轉弱,20.0,-20.0,-40.0,10.0,-6.0,5895.0,False,,5800.0,-1.6115351993214586,5935.0,0.6785411365564037,5925.0,0.5089058524173028,6170.0,4.664970313825275
2026-09-02,3711.TW,日月光投控,技術面,因子轉弱,30.0,-30.0,-60.0,0.0,-42.0,589.0,False,,589.0,0.0,621.0,5.432937181663837,640.0,8.65874363327674,605.0,2.7164685908319184
2026-09-02,3711.TW,日月光投控,籌碼面,因子轉弱,-30.0,-75.0,-45.0,0.0,-42.0,589.0,False,,589.0,0.0,621.0,5.432937181663837,640.0,8.65874363327674,605.0,2.7164685908319184
2026-09-02,4958.TW,臻鼎-KY,籌碼面,因子轉弱,80.0,50.0,-30.0,51.0,28.0,507.0,True,1,464.0,-8.481262327416173,501.0,-1.183431952662722,502.0,-0.9861932938856016,493.5,-2.6627218934911245
2026-09-02,4958.TW,臻鼎-KY,量價面,因子轉弱,25.0,0.0,-25.0,51.0,28.0,507.0,True,1,464.0,-8.481262327416173,501.0,-1.183431952662722,502.0,-0.9861932938856016,493.5,-2.6627218934911245
2026-09-02,4966.TWO,譜瑞-KY,技術面,因子轉弱,5.0,-20.0,-25.0,2.0,-8.0,579.0,True,1,558.0,-3.6269430051813467,566.0,-2.2452504317789295,550.0,-5.008635578583765,541.0,-6.563039723661486
2026-09-02,5439.TWO,高技,技術面,因子轉弱,70.0,45.0,-25.0,28.0,18.0,269.5,True,1,261.0,-3.153988868274583,262.5,-2.5974025974025974,264.5,-1.855287569573284,243.5,-9.647495361781075
2026-09-02,5469.TW,瀚宇博,技術面,因子轉弱,20.0,-20.0,-40.0,40.0,12.0,73.7,True,1,71.2,-3.3921302578018993,72.3,-1.8995929443690713,72.4,-1.763907734056984,74.7,1.3568521031207597
2026-09-02,5469.TW,瀚宇博,籌碼面,因子轉弱,80.0,50.0,-30.0,40.0,12.0,73.7,True,1,71.2,-3.3921302578018993,72.3,-1.8995929443690713,72.4,-1.763907734056984,74.7,1.3568521031207597
2026-09-02,5706.TW,鳳凰,技術面,因子轉弱,-20.0,-55.0,-35.0,8.0,-6.0,44.9,False,,44.7,-0.4454342984409705,45.0,0.22271714922049313,44.45,-1.0022271714921955,43.9,-2.2271714922048997
2026-09-02,6116.TW,彩晶,籌碼面,因子轉弱,30.0,-55.0,-85.0,14.0,-20.0,14.15,False,,13.9,-1.76678445229682,14.2,0.3533568904593564,14.65,3.53356890459364,14.15,0.0
2026-09-02,6191.TW,精成科,技術面,因子轉弱,30.0,-20.0,-50.0,44.0,12.0,83.5,False,,81.4,-2.5149700598802327,82.8,-0.8383233532934166,83.1,-0.4790419161676715,82.7,-0.9580838323353259
2026-09-02,6191.TW,精成科,籌碼面,因子轉弱,80.0,50.0,-30.0,44.0,12.0,83.5,False,,81.4,-2.5149700598802327,82.8,-0.8383233532934166,83.1,-0.4790419161676715,82.7,-0.9580838323353259
2026-09-02,6230.TW,超眾,技術面,因子轉弱,55.0,20.0,-35.0,38.0,20.0,110.0,True,1,106.0,-3.6363636363636362,113.0,2.727272727272727,108.5,-1.3636363636363635,110.0,0.0
2026-09-02,6239.TW,力成,技術面,因子轉弱,45.0,5.0,-40.0,4.0,-28.0,278.0,False,,275.0,-1.079136690647482,280.0,0.7194244604316548,281.0,1.079136690647482,274.5,-1.2589928057553956
2026-09-02,6239.TW,力成,籌碼面,因子轉弱,-35.0,-75.0,-40.0,4.0,-28.0,278.0,False,,275.0,-1.079136690647482,280.0,0.7194244604316548,281.0,1.079136690647482,274.5,-1.2589928057553956
2026-09-02,6269.TW,台郡,技術面,因子轉弱,55.0,5.0,-50.0,34.0,14.0,71.7,True,1,65.0,-9.344490934449096,67.8,-5.439330543933062,69.3,-3.3472803347280413,65.0,-9.344490934449096
2026-09-02,6275.TWO,元山,技術面,因子轉弱,45.0,5.0,-40.0,18.0,2.0,45.9,False,,45.05,-1.851851851851855,46.25,0.7625272331154715,45.6,-0.653594771241824,44.85,-2.2875816993463993
2026-09-02,6285.TW,啟碁,技術面,因子轉弱,45.0,-20.0,-65.0,42.0,4.0,245.5,True,1,233.5,-4.887983706720977,239.5,-2.4439918533604885,233.5,-4.887983706720977,219.0,-10.79429735234216
2026-09-02,6285.TW,啟碁,籌碼面,因子轉弱,60.0,30.0,-30.0,42.0,4.0,245.5,True,1,233.5,-4.887983706720977,239.5,-2.4439918533604885,233.5,-4.887983706720977,219.0,-10.79429735234216
2026-09-02,6426.TW,統新,技術面,因子轉弱,60.0,15.0,-45.0,56.0,6.0,257.0,False,,265.5,3.3073929961089497,296.0,15.17509727626459,321.0,24.90272373540856,330.0,28.404669260700388
2026-09-02,6426.TW,統新,籌碼面,因子轉弱,80.0,0.0,-80.0,56.0,6.0,257.0,False,,265.5,3.3073929961089497,296.0,15.17509727626459,321.0,24.90272373540856,330.0,28.404669260700388
2026-09-02,6669.TW,緯穎,技術面,因子轉弱,80.0,-10.0,-90.0,10.0,-38.0,2610.0,True,1,2475.0,-5.172413793103448,2490.0,-4.597701149425287,2325.0,-10.919540229885058,2165.0,-17.049808429118773
2026-09-02,6669.TW,緯穎,量價面,因子轉弱,0.0,-20.0,-20.0,10.0,-38.0,2610.0,True,1,2475.0,-5.172413793103448,2490.0,-4.597701149425287,2325.0,-10.919540229885058,2165.0,-17.049808429118773
2026-09-02,6770.TW,力積電,技術面,因子轉弱,30.0,-20.0,-50.0,24.0,-38.0,70.4,True,1,67.8,-3.6931818181818303,72.9,3.5511363636363633,72.4,2.840909090909091,69.9,-0.7102272727272727
2026-09-02,6770.TW,力積電,籌碼面,因子轉弱,30.0,-75.0,-105.0,24.0,-38.0,70.4,True,1,67.8,-3.6931818181818303,72.9,3.5511363636363633,72.4,2.840909090909091,69.9,-0.7102272727272727
2026-09-02,8028.TW,昇陽半導體,技術面,因子轉弱,30.0,-20.0,-50.0,14.0,-38.0,245.5,True,1,236.5,-3.6659877800407332,249.5,1.6293279022403258,236.0,-3.8696537678207736,233.0,-5.091649694501019
2026-09-02,8028.TW,昇陽半導體,籌碼面,因子轉弱,5.0,-75.0,-80.0,14.0,-38.0,245.5,True,1,236.5,-3.6659877800407332,249.5,1.6293279022403258,236.0,-3.8696537678207736,233.0,-5.091649694501019
2026-09-02,8150.TW,南茂,技術面,因子轉弱,35.0,-20.0,-55.0,46.0,12.0,90.2,True,10,89.1,-1.2195121951219607,91.3,1.2195121951219448,91.5,1.441241685144121,87.1,-3.4368070953436898
2026-09-02,8150.TW,南茂,籌碼面,因子轉弱,80.0,50.0,-30.0,46.0,12.0,90.2,True,10,89.1,-1.2195121951219607,91.3,1.2195121951219448,91.5,1.441241685144121,87.1,-3.4368070953436898
2026-09-02,8358.TWO,金居,技術面,因子轉弱,45.0,5.0,-40.0,18.0,2.0,503.0,True,1,470.0,-6.560636182902585,515.0,2.3856858846918487,526.0,4.572564612326044,510.0,1.3916500994035785
2026-09-02,9105.TW,泰金寶-DR,技術面,因子轉弱,60.0,-5.0,-65.0,36.0,10.0,8.48,False,,8.54,0.7075471698113057,8.85,4.363207547169802,8.89,4.83490566037736,8.44,-0.47169811320755806
2026-09-03,00403A.TW,主動統一升級50,籌碼面,因子轉弱,60.0,30.0,-30.0,26.0,10.0,10.06,False,,10.26,1.9880715705765335,10.24,1.7892644135188838,10.34,2.7833001988071504,10.01,-0.4970178926441422
2026-09-03,0056.TW,元大高股息,技術面,因子轉弱,60.0,5.0,-55.0,48.0,14.0,54.5,False,,55.4,1.651376146788988,55.75,2.293577981651376,55.7,2.2018348623853266,56.3,3.302752293577976
2026-09-03,0056.TW,元大高股息,籌碼面,因子轉弱,60.0,30.0,-30.0,48.0,14.0,54.5,False,,55.4,1.651376146788988,55.75,2.293577981651376,55.7,2.2018348623853266,56.3,3.302752293577976
2026-09-03,1303.TW,南亞,技術面,因子轉弱,45.0,5.0,-40.0,50.0,22.0,221.0,False,,225.5,2.0361990950226243,235.0,6.334841628959276,244.0,10.407239819004525,236.0,6.787330316742081
2026-09-03,1303.TW,南亞,籌碼面,因子轉弱,80.0,50.0,-30.0,50.0,22.0,221.0,False,,225.5,2.0361990950226243,235.0,6.334841628959276,244.0,10.407239819004525,236.0,6.787330316742081
2026-09-03,1409.TW,新纖,技術面,因子轉弱,45.0,5.0,-40.0,-4.0,-20.0,24.6,False,,24.55,-0.20325203252032809,24.45,-0.6097560975609843,25.15,2.2357723577235653,24.8,0.8130081300812979
2026-09-03,1612.TW,宏泰,籌碼面,因子轉弱,20.0,-65.0,-85.0,10.0,-20.0,34.75,False,,34.85,0.28776978417266597,34.7,-0.14388489208632277,34.8,0.14388489208632277,34.95,0.5755395683453319
2026-09-03,1714.TW,和桐,技術面,因子轉弱,65.0,5.0,-60.0,-8.0,-28.0,16.55,True,10,16.65,0.6042296072507424,16.25,-1.8126888217522703,16.5,-0.30211480362538196,16.05,-3.021148036253776
2026-09-03,1717.TW,長興,技術面,因子轉弱,45.0,5.0,-40.0,38.0,22.0,76.8,True,3,76.1,-0.911458333333337,72.3,-5.859375,71.7,-6.640624999999993,71.3,-7.161458333333334
2026-09-03,1802.TW,台玻,技術面,因子轉弱,45.0,15.0,-30.0,38.0,26.0,58.6,False,,59.1,0.8532423208191127,59.9,2.218430034129688,59.6,1.7064846416382253,58.5,-0.17064846416382495
2026-09-03,1906.TW,寶隆,技術面,因子轉弱,-10.0,-30.0,-20.0,-28.0,-22.0,11.2,True,10,11.2,0.0,11.1,-0.8928571428571397,11.1,-0.8928571428571397,10.85,-3.124999999999997
2026-09-03,2312.TW,金寶,技術面,因子轉弱,45.0,-30.0,-75.0,50.0,8.0,31.8,False,,32.85,3.3018867924528323,31.3,-1.5723270440251573,31.15,-2.044025157232711,31.0,-2.5157232704402537
2026-09-03,2312.TW,金寶,籌碼面,因子轉弱,80.0,50.0,-30.0,50.0,8.0,31.8,False,,32.85,3.3018867924528323,31.3,-1.5723270440251573,31.15,-2.044025157232711,31.0,-2.5157232704402537
2026-09-03,2313.TW,華通,技術面,因子轉弱,45.0,5.0,-40.0,38.0,34.0,236.0,True,5,249.5,5.720338983050848,231.0,-2.11864406779661,225.5,-4.4491525423728815,218.5,-7.415254237288135
2026-09-03,2329.TW,華泰,籌碼面,因子轉弱,60.0,20.0,-40.0,12.0,-10.0,42.25,False,,42.9,1.538461538461535,42.7,1.0650887573964565,42.2,-0.11834319526626547,42.9,1.538461538461535
2026-09-03,2331.TW,精英,技術面,因子轉弱,10.0,-40.0,-50.0,24.0,-38.0,19.25,False,,19.6,1.8181818181818257,19.0,-1.2987012987012987,18.75,-2.5974025974025974,19.0,-1.2987012987012987
2026-09-03,2331.TW,精英,籌碼面,因子轉弱,50.0,-55.0,-105.0,24.0,-38.0,19.25,False,,19.6,1.8181818181818257,19.0,-1.2987012987012987,18.75,-2.5974025974025974,19.0,-1.2987012987012987
2026-09-03,2337.TW,旺宏,技術面,因子轉弱,-20.0,-45.0,-25.0,4.0,-48.0,117.0,False,,121.5,3.8461538461538463,126.0,7.6923076923076925,122.5,4.700854700854701,116.5,-0.4273504273504274
2026-09-03,2337.TW,旺宏,籌碼面,因子轉弱,30.0,-75.0,-105.0,4.0,-48.0,117.0,False,,121.5,3.8461538461538463,126.0,7.6923076923076925,122.5,4.700854700854701,116.5,-0.4273504273504274
2026-09-03,2344.TW,華邦電,技術面,因子轉弱,5.0,-20.0,-25.0,-18.0,-38.0,169.0,False,,174.0,2.9585798816568047,188.0,11.242603550295858,179.5,6.21301775147929,170.0,0.591715976331361
2026-09-03,2345.TW,智邦,技術面,因子轉弱,20.0,-20.0,-40.0,-22.0,-38.0,2090.0,True,3,2100.0,0.4784688995215311,1955.0,-6.4593301435406705,1965.0,-5.980861244019139,1800.0,-13.875598086124402
2026-09-03,2353.TW,宏碁,技術面,因子轉弱,60.0,5.0,-55.0,56.0,22.0,31.25,False,,32.7,4.6400000000000095,31.05,-0.6399999999999977,31.5,0.8,32.4,3.6799999999999957
2026-09-03,2353.TW,宏碁,籌碼面,因子轉弱,80.0,50.0,-30.0,56.0,22.0,31.25,False,,32.7,4.6400000000000095,31.05,-0.6399999999999977,31.5,0.8,32.4,3.6799999999999957
2026-09-03,2356.TW,英業達,技術面,因子轉弱,30.0,-30.0,-60.0,44.0,8.0,65.0,True,5,67.5,3.8461538461538463,64.0,-1.5384615384615385,62.6,-3.69230769230769,61.5,-5.384615384615385
2026-09-03,2356.TW,英業達,籌碼面,因子轉弱,80.0,50.0,-30.0,44.0,8.0,65.0,True,5,67.5,3.8461538461538463,64.0,-1.5384615384615385,62.6,-3.69230769230769,61.5,-5.384615384615385
2026-09-03,2362.TW,藍天,技術面,因子轉弱,5.0,-15.0,-20.0,-6.0,-38.0,47.25,False,,49.3,4.338624338624332,47.55,0.6349206349206289,47.6,0.7407407407407437,47.3,0.1058201058200998
2026-09-03,2362.TW,藍天,籌碼面,因子轉弱,-20.0,-80.0,-60.0,-6.0,-38.0,47.25,False,,49.3,4.338624338624332,47.55,0.6349206349206289,47.6,0.7407407407407437,47.3,0.1058201058200998
2026-09-03,2368.TW,金像電,技術面,因子轉弱,45.0,5.0,-40.0,-4.0,-10.0,1100.0,True,1,1045.0,-5.0,1075.0,-2.272727272727273,1045.0,-5.0,950.0,-13.636363636363635
2026-09-03,2374.TW,佳能,技術面,因子轉弱,35.0,-20.0,-55.0,38.0,-30.0,67.9,False,,68.3,0.5891016200294424,67.4,-0.7363770250368188,67.3,-0.8836524300441951,66.8,-1.6200294550810137
2026-09-03,2374.TW,佳能,籌碼面,因子轉弱,60.0,-55.0,-115.0,38.0,-30.0,67.9,False,,68.3,0.5891016200294424,67.4,-0.7363770250368188,67.3,-0.8836524300441951,66.8,-1.6200294550810137
2026-09-03,2376.TW,技嘉,技術面,因子轉弱,30.0,5.0,-25.0,44.0,-12.0,350.5,False,,361.0,2.9957203994293864,357.0,1.8544935805991443,351.5,0.28530670470756064,355.0,1.2838801711840229
2026-09-03,2376.TW,技嘉,籌碼面,因子轉弱,80.0,-35.0,-115.0,44.0,-12.0,350.5,False,,361.0,2.9957203994293864,357.0,1.8544935805991443,351.5,0.28530670470756064,355.0,1.2838801711840229
2026-09-03,2382.TW,廣達,技術面,因子轉弱,60.0,5.0,-55.0,56.0,34.0,335.0,False,,345.0,2.9850746268656714,328.0,-2.0895522388059704,336.0,0.2985074626865672,344.0,2.6865671641791042
2026-09-03,2395.TW,研華,技術面,因子轉弱,55.0,5.0,-50.0,42.0,22.0,674.0,False,,711.0,5.489614243323442,657.0,-2.522255192878338,659.0,-2.225519287833828,686.0,1.7804154302670623
2026-09-03,2401.TW,凌陽,籌碼面,因子轉弱,-20.0,-55.0,-35.0,-20.0,-40.0,24.85,False,,25.7,3.4205231388329893,24.85,0.0,24.9,0.20120724346075317,24.75,-0.40241448692153486
2026-09-03,2449.TW,京元電子,技術面,因子轉弱,45.0,5.0,-40.0,-14.0,-20.0,261.0,False,,262.0,0.38314176245210724,268.5,2.8735632183908044,271.5,4.022988505747127,265.0,1.532567049808429
2026-09-03,2451.TW,創見,技術面,因子轉弱,20.0,-45.0,-65.0,-12.0,-58.0,286.0,True,10,284.5,-0.5244755244755245,286.0,0.0,282.5,-1.2237762237762237,277.0,-3.146853146853147
2026-09-03,2451.TW,創見,籌碼面,因子轉弱,-50.0,-100.0,-50.0,-12.0,-58.0,286.0,True,10,284.5,-0.5244755244755245,286.0,0.0,282.5,-1.2237762237762237,277.0,-3.146853146853147
2026-09-03,2455.TW,全新,技術面,因子轉弱,75.0,45.0,-30.0,67.0,50.0,525.0,False,,528.0,0.5714285714285714,515.0,-1.9047619047619049,532.0,1.3333333333333335,534.0,1.7142857142857144
2026-09-03,2455.TW,全新,量價面,因子轉弱,25.0,0.0,-25.0,67.0,50.0,525.0,False,,528.0,0.5714285714285714,515.0,-1.9047619047619049,532.0,1.3333333333333335,534.0,1.7142857142857144
2026-09-03,2498.TW,宏達電,籌碼面,因子轉弱,0.0,-50.0,-50.0,30.0,2.0,41.6,True,3,41.6,0.0,40.2,-3.365384615384612,40.15,-3.48557692307693,39.85,-4.206730769230769
2026-09-03,2498.TW,宏達電,量價面,因子轉弱,0.0,-20.0,-20.0,30.0,2.0,41.6,True,3,41.6,0.0,40.2,-3.365384615384612,40.15,-3.48557692307693,39.85,-4.206730769230769
2026-09-03,2748.TW,雲品,技術面,因子轉弱,50.0,10.0,-40.0,32.0,4.0,38.7,False,,38.85,0.3875968992248025,39.4,1.8087855297157511,39.2,1.2919896640826873,38.75,0.1291989664082614
2026-09-03,2748.TW,雲品,籌碼面,因子轉弱,30.0,0.0,-30.0,32.0,4.0,38.7,False,,38.85,0.3875968992248025,39.4,1.8087855297157511,39.2,1.2919896640826873,38.75,0.1291989664082614
2026-09-03,2812.TW,台中銀,量價面,因子轉弱,25.0,0.0,-25.0,61.0,52.0,19.45,False,,19.35,-0.5141388174807088,19.4,-0.25706940874036355,19.1,-1.7994858611825082,19.5,0.25706940874036355
2026-09-03,2886.TW,兆豐金,技術面,因子轉弱,45.0,20.0,-25.0,42.0,32.0,50.4,False,,49.55,-1.6865079365079396,50.6,0.39682539682540247,49.9,-0.992063492063492,51.9,2.9761904761904763
2026-09-03,2887.TW,台新金,技術面,因子轉弱,80.0,45.0,-35.0,64.0,50.0,41.45,False,,41.5,0.12062726176115116,42.8,3.2569360675512526,42.15,1.688781664656202,44.05,6.272617611580203
2026-09-03,3013.TW,晟銘電,技術面,因子轉弱,45.0,5.0,-40.0,-4.0,-20.0,86.0,True,10,88.0,2.3255813953488373,83.8,-2.5581395348837246,87.4,1.6279069767441927,82.5,-4.069767441860465
2026-09-03,3023.TW,信邦,技術面,因子轉弱,80.0,60.0,-20.0,61.0,48.0,325.0,False,,340.0,4.615384615384616,323.0,-0.6153846153846154,328.0,0.9230769230769231,317.0,-2.4615384615384617
2026-09-03,3023.TW,信邦,量價面,因子轉弱,25.0,0.0,-25.0,61.0,48.0,325.0,False,,340.0,4.615384615384616,323.0,-0.6153846153846154,328.0,0.9230769230769231,317.0,-2.4615384615384617
2026-09-03,3029.TW,零壹,技術面,因子轉弱,45.0,-5.0,-50.0,42.0,6.0,109.0,False,,111.5,2.293577981651376,111.5,2.293577981651376,113.0,3.669724770642202,116.0,6.422018348623854
2026-09-03,3029.TW,零壹,籌碼面,因子轉弱,60.0,20.0,-40.0,42.0,6.0,109.0,False,,111.5,2.293577981651376,111.5,2.293577981651376,113.0,3.669724770642202,116.0,6.422018348623854
2026-09-03,3035.TW,智原,技術面,因子轉弱,60.0,5.0,-55.0,36.0,14.0,180.0,False,,179.5,-0.2777777777777778,175.0,-2.7777777777777777,179.0,-0.5555555555555556,179.0,-0.5555555555555556
2026-09-03,3062.TW,建漢,技術面,因子轉弱,70.0,5.0,-65.0,48.0,-16.0,20.4,False,,20.65,1.2254901960784315,20.4,0.0,20.25,-0.7352941176470519,21.2,3.921568627450984
2026-09-03,3062.TW,建漢,籌碼面,因子轉弱,50.0,-45.0,-95.0,48.0,-16.0,20.4,False,,20.65,1.2254901960784315,20.4,0.0,20.25,-0.7352941176470519,21.2,3.921568627450984
2026-09-03,3105.TWO,穩懋,技術面,因子轉弱,45.0,5.0,-40.0,18.0,2.0,446.5,False,,449.5,0.6718924972004479,441.5,-1.1198208286674132,461.5,3.3594624860022395,471.0,5.487122060470324
2026-09-03,3163.TWO,波若威,技術面,因子轉弱,45.0,-20.0,-65.0,18.0,-8.0,720.0,True,10,775.0,7.638888888888889,726.0,0.8333333333333334,707.0,-1.8055555555555554,652.0,-9.444444444444445
2026-09-03,3189.TW,景碩,技術面,因子轉弱,-20.0,-70.0,-50.0,4.0,-42.0,775.0,False,,819.0,5.67741935483871,800.0,3.225806451612903,827.0,6.709677419354838,805.0,3.870967741935484
2026-09-03,3189.TW,景碩,籌碼面,因子轉弱,30.0,-35.0,-65.0,4.0,-42.0,775.0,False,,819.0,5.67741935483871,800.0,3.225806451612903,827.0,6.709677419354838,805.0,3.870967741935484
2026-09-03,3481.TW,群創,技術面,因子轉弱,45.0,-10.0,-55.0,30.0,28.0,48.1,False,,48.5,0.8316008316008286,48.8,1.4553014553014463,49.35,2.5987525987525983,48.5,0.8316008316008286
2026-09-03,3545.TW,敦泰,技術面,因子轉弱,105.0,30.0,-75.0,71.0,20.0,50.4,False,,50.7,0.5952380952381037,51.1,1.3888888888888946,49.6,-1.5873015873015817,50.5,0.19841269841270123
2026-09-03,3545.TW,敦泰,籌碼面,因子轉弱,60.0,20.0,-40.0,71.0,20.0,50.4,False,,50.7,0.5952380952381037,51.1,1.3888888888888946,49.6,-1.5873015873015817,50.5,0.19841269841270123
2026-09-03,3545.TW,敦泰,量價面,因子轉弱,25.0,0.0,-25.0,71.0,20.0,50.4,False,,50.7,0.5952380952381037,51.1,1.3888888888888946,49.6,-1.5873015873015817,50.5,0.19841269841270123
2026-09-03,3673.TW,TPK-KY,籌碼面,因子轉弱,20.0,-20.0,-40.0,10.0,-2.0,64.7,True,5,65.5,1.236476043276657,63.9,-1.2364760432766682,62.6,-3.2457496136012383,63.8,-1.391035548686253
2026-09-03,4903.TWO,聯光通,技術面,因子轉弱,65.0,30.0,-35.0,26.0,12.0,37.25,True,3,36.95,-0.8053691275167709,35.5,-4.697986577181208,35.9,-3.624161073825507,34.2,-8.18791946308724
2026-09-03,4908.TWO,前鼎,技術面,因子轉弱,60.0,5.0,-55.0,24.0,2.0,204.5,False,,224.5,9.7799511002445,227.5,11.246943765281173,249.0,21.76039119804401,238.0,16.381418092909534
2026-09-03,4931.TWO,新盛力,技術面,因子轉弱,5.0,-20.0,-25.0,2.0,-8.0,239.5,False,,251.0,4.801670146137787,241.5,0.8350730688935281,244.0,1.8789144050104383,233.0,-2.7139874739039667
2026-09-03,4938.TW,和碩,技術面,因子轉弱,45.0,-20.0,-65.0,26.0,-30.0,90.4,False,,95.4,5.530973451327434,91.7,1.4380530973451293,91.0,0.6637168141592857,90.4,0.0
2026-09-03,4938.TW,和碩,籌碼面,因子轉弱,20.0,-55.0,-75.0,26.0,-30.0,90.4,False,,95.4,5.530973451327434,91.7,1.4380530973451293,91.0,0.6637168141592857,90.4,0.0
2026-09-03,4958.TW,臻鼎-KY,技術面,因子轉弱,20.0,-20.0,-40.0,28.0,-30.0,464.0,False,,463.0,-0.21551724137931033,505.0,8.836206896551724,494.5,6.573275862068965,476.0,2.586206896551724
2026-09-03,4958.TW,臻鼎-KY,籌碼面,因子轉弱,50.0,-55.0,-105.0,28.0,-30.0,464.0,False,,463.0,-0.21551724137931033,505.0,8.836206896551724,494.5,6.573275862068965,476.0,2.586206896551724
2026-09-03,4960.TW,誠美材,技術面,因子轉弱,5.0,-20.0,-25.0,26.0,4.0,20.8,False,,21.1,1.4423076923076956,20.65,-0.7211538461538564,20.5,-1.4423076923076956,22.0,5.769230769230766
2026-09-03,4960.TW,誠美材,籌碼面,因子轉弱,60.0,30.0,-30.0,26.0,4.0,20.8,False,,21.1,1.4423076923076956,20.65,-0.7211538461538564,20.5,-1.4423076923076956,22.0,5.769230769230766
2026-09-03,4967.TW,十銓,技術面,因子轉弱,55.0,15.0,-40.0,54.0,-26.0,272.5,False,,276.0,1.2844036697247707,280.5,2.9357798165137616,276.5,1.4678899082568808,271.0,-0.5504587155963303
2026-09-03,4967.TW,十銓,籌碼面,因子轉弱,80.0,-80.0,-160.0,54.0,-26.0,272.5,False,,276.0,1.2844036697247707,280.5,2.9357798165137616,276.5,1.4678899082568808,271.0,-0.5504587155963303
2026-09-03,4979.TWO,華星光,技術面,因子轉弱,45.0,15.0,-30.0,18.0,6.0,572.0,False,,629.0,9.965034965034965,605.0,5.769230769230769,571.0,-0.17482517482517482,556.0,-2.797202797202797
2026-09-03,5439.TWO,高技,技術面,因子轉弱,45.0,5.0,-40.0,18.0,2.0,261.0,True,10,261.5,0.19157088122605362,257.5,-1.3409961685823755,258.0,-1.1494252873563218,238.5,-8.620689655172415
2026-09-03,5469.TW,瀚宇博,籌碼面,因子轉弱,50.0,-25.0,-75.0,12.0,-22.0,71.2,False,,71.6,0.5617977528089768,71.1,-0.14044943820225916,71.7,0.7022471910112359,73.0,2.528089887640445
2026-09-03,5530.TWO,龍巖,技術面,因子轉弱,5.0,-20.0,-25.0,2.0,-8.0,49.8,False,,50.0,0.4016064257028169,49.4,-0.8032128514056196,49.4,-0.8032128514056196,49.85,0.10040160642571137
2026-09-03,5706.TW,鳳凰,籌碼面,因子轉弱,40.0,0.0,-40.0,-6.0,-22.0,44.7,False,,44.7,0.0,44.85,0.3355704697986545,44.25,-1.0067114093959795,43.75,-2.1252796420581714
2026-09-03,6116.TW,彩晶,技術面,因子轉弱,5.0,-15.0,-20.0,-20.0,-28.0,13.9,False,,14.05,1.0791366906474844,14.3,2.8776978417266212,14.7,5.755395683453229,13.95,0.35971223021581966
2026-09-03,6191.TW,精成科,籌碼面,因子轉弱,50.0,-50.0,-100.0,12.0,-32.0,81.4,False,,82.5,1.3513513513513442,81.7,0.36855036855036505,82.0,0.7371007371007301,82.2,0.9828009828009793
2026-09-03,6214.TW,精誠,籌碼面,因子轉弱,80.0,20.0,-60.0,56.0,36.0,183.0,False,,185.5,1.366120218579235,185.0,1.092896174863388,187.5,2.459016393442623,193.0,5.46448087431694
2026-09-03,6230.TW,超眾,技術面,因子轉弱,20.0,-20.0,-40.0,20.0,-8.0,106.0,False,,110.5,4.245283018867925,108.0,1.8867924528301887,107.5,1.4150943396226416,110.5,4.245283018867925
2026-09-03,6230.TW,超眾,籌碼面,因子轉弱,30.0,0.0,-30.0,20.0,-8.0,106.0,False,,110.5,4.245283018867925,108.0,1.8867924528301887,107.5,1.4150943396226416,110.5,4.245283018867925
2026-09-03,6269.TW,台郡,籌碼面,因子轉弱,30.0,-80.0,-110.0,14.0,-30.0,65.0,False,,67.7,4.153846153846158,65.8,1.2307692307692264,66.6,2.461538461538453,63.7,-1.9999999999999956
2026-09-03,6488.TWO,環球晶,技術面,因子轉弱,20.0,-45.0,-65.0,8.0,-18.0,927.0,False,,981.0,5.825242718446602,955.0,3.0204962243797198,917.0,-1.0787486515641855,912.0,-1.6181229773462782
2026-09-03,6669.TW,緯穎,技術面,因子轉弱,-10.0,-70.0,-60.0,-38.0,-50.0,2475.0,True,3,2565.0,3.6363636363636362,2340.0,-5.454545454545454,2345.0,-5.252525252525253,2135.0,-13.737373737373737
2026-09-03,8046.TW,南電,技術面,因子轉弱,5.0,-20.0,-25.0,-28.0,-38.0,1080.0,True,3,1055.0,-2.314814814814815,1025.0,-5.092592592592593,1070.0,-0.9259259259259258,1065.0,-1.3888888888888888
2026-09-03,8215.TW,明基材,技術面,因子轉弱,70.0,15.0,-55.0,48.0,-18.0,25.3,False,,25.55,0.9881422924901186,25.15,-0.5928853754940795,25.05,-0.9881422924901186,27.0,6.719367588932804
2026-09-03,8215.TW,明基材,籌碼面,因子轉弱,50.0,-60.0,-110.0,48.0,-18.0,25.3,False,,25.55,0.9881422924901186,25.15,-0.5928853754940795,25.05,-0.9881422924901186,27.0,6.719367588932804
2026-09-03,8299.TWO,群聯,技術面,因子轉弱,5.0,-30.0,-35.0,2.0,-12.0,2000.0,False,,2015.0,0.75,2085.0,4.25,2065.0,3.25,1970.0,-1.5
2026-09-04,1102.TW,亞泥,籌碼面,因子轉弱,80.0,50.0,-30.0,46.0,44.0,35.1,False,,35.05,-0.1424501424501546,35.4,0.8547008547008467,35.3,0.5698005698005576,35.15,0.14245014245013435
2026-09-04,1303.TW,南亞,籌碼面,因子轉弱,50.0,-80.0,-130.0,22.0,-30.0,225.5,False,,230.5,2.2172949002217295,236.5,4.878048780487805,234.5,3.9911308203991127,238.0,5.543237250554324
2026-09-04,1326.TW,台化,技術面,因子轉弱,55.0,5.0,-50.0,54.0,22.0,69.8,False,,71.9,3.008595988538694,71.8,2.865329512893983,70.2,0.5730659025788047,68.1,-2.4355300859598894
2026-09-04,1326.TW,台化,籌碼面,因子轉弱,80.0,50.0,-30.0,54.0,22.0,69.8,False,,71.9,3.008595988538694,71.8,2.865329512893983,70.2,0.5730659025788047,68.1,-2.4355300859598894
2026-09-04,1514.TW,亞力,技術面,因子轉弱,-5.0,-30.0,-25.0,-24.0,-20.0,102.0,False,,102.5,0.49019607843137253,103.5,1.4705882352941175,100.5,-1.4705882352941175,101.5,-0.49019607843137253
2026-09-04,1802.TW,台玻,籌碼面,因子轉弱,50.0,-80.0,-130.0,26.0,-30.0,59.1,False,,60.7,2.7072758037225064,60.2,1.861252115059224,58.2,-1.5228426395939063,58.8,-0.5076142131979767
2026-09-04,1906.TW,寶隆,技術面,因子轉弱,-30.0,-55.0,-25.0,-22.0,-22.0,11.2,False,,11.2,0.0,11.1,-0.8928571428571397,11.0,-1.7857142857142794,10.9,-2.678571428571419
2026-09-04,2027.TW,大成鋼,籌碼面,因子轉弱,60.0,30.0,-30.0,32.0,24.0,50.2,True,3,49.1,-2.1912350597609587,48.6,-3.1872509960159388,46.5,-7.370517928286857,47.35,-5.677290836653389
2026-09-04,2303.TW,聯電,籌碼面,因子轉弱,50.0,-55.0,-105.0,22.0,-4.0,130.0,False,,143.0,10.0,141.5,8.846153846153847,140.5,8.076923076923077,156.0,20.0
2026-09-04,2338.TW,光罩,技術面,因子轉弱,-30.0,-55.0,-25.0,-18.0,-44.0,38.6,False,,38.55,-0.12953367875648772,41.5,7.512953367875644,47.75,23.70466321243523,50.0,29.53367875647668
2026-09-04,2338.TW,光罩,籌碼面,因子轉弱,-15.0,-55.0,-40.0,-18.0,-44.0,38.6,False,,38.55,-0.12953367875648772,41.5,7.512953367875644,47.75,23.70466321243523,50.0,29.53367875647668
2026-09-04,2351.TW,順德,籌碼面,因子轉弱,80.0,50.0,-30.0,34.0,42.0,239.5,False,,233.5,-2.5052192066805845,237.5,-0.8350730688935281,234.0,-2.2964509394572024,241.5,0.8350730688935281
2026-09-04,2409.TW,友達,技術面,因子轉弱,40.0,20.0,-20.0,40.0,20.0,26.8,False,,28.7,7.089552238805965,30.5,13.80597014925373,30.2,12.686567164179099,30.35,13.24626865671642
2026-09-04,2409.TW,友達,籌碼面,因子轉弱,60.0,30.0,-30.0,40.0,20.0,26.8,False,,28.7,7.089552238805965,30.5,13.80597014925373,30.2,12.686567164179099,30.35,13.24626865671642
2026-09-04,2485.TW,兆赫,技術面,因子轉弱,-5.0,-45.0,-40.0,-8.0,2.0,41.3,True,5,40.7,-1.4527845036319476,40.65,-1.5738498789346214,38.55,-6.658595641646489,39.55,-4.237288135593221
2026-09-04,2603.TW,長榮,技術面,因子轉弱,20.0,-10.0,-30.0,40.0,-36.0,233.0,False,,233.0,0.0,234.0,0.4291845493562232,234.5,0.6437768240343348,240.5,3.2188841201716736
2026-09-04,2603.TW,長榮,籌碼面,因子轉弱,80.0,-80.0,-160.0,40.0,-36.0,233.0,False,,233.0,0.0,234.0,0.4291845493562232,234.5,0.6437768240343348,240.5,3.2188841201716736
2026-09-04,2605.TW,新興,籌碼面,因子轉弱,80.0,-20.0,-100.0,46.0,0.0,35.85,False,,36.35,1.394700139470014,36.95,3.0683403068340347,36.5,1.8131101813110142,36.1,0.697350069735007
2026-09-04,2618.TW,長榮航,籌碼面,因子轉弱,80.0,50.0,-30.0,44.0,28.0,42.5,False,,42.1,-0.941176470588232,42.55,0.11764705882352272,42.35,-0.3529411764705849,41.75,-1.7647058823529411
2026-09-04,2637.TW,慧洋-KY,籌碼面,因子轉弱,80.0,50.0,-30.0,46.0,42.0,99.8,False,,99.2,-0.6012024048096136,100.5,0.7014028056112254,101.0,1.2024048096192415,102.0,2.2044088176352736
2026-09-04,2801.TW,彰銀,籌碼面,因子轉弱,80.0,50.0,-30.0,67.0,44.0,26.6,False,,26.5,-0.37593984962406546,26.85,0.9398496240601504,27.9,4.887218045112771,28.95,8.834586466165405
2026-09-04,2801.TW,彰銀,量價面,因子轉弱,25.0,0.0,-25.0,67.0,44.0,26.6,False,,26.5,-0.37593984962406546,26.85,0.9398496240601504,27.9,4.887218045112771,28.95,8.834586466165405
2026-09-04,2812.TW,台中銀,籌碼面,因子轉弱,60.0,30.0,-30.0,52.0,36.0,19.35,False,,19.25,-0.5167958656330822,19.15,-1.0335917312661644,19.5,0.775193798449605,19.35,0.0
2026-09-04,2820.TW,華票,技術面,因子轉弱,80.0,60.0,-20.0,61.0,36.0,17.1,False,,16.85,-1.461988304093567,16.95,-0.8771929824561528,17.4,1.754385964912264,17.45,2.0467836257309817
2026-09-04,2820.TW,華票,籌碼面,因子轉弱,60.0,30.0,-30.0,61.0,36.0,17.1,False,,16.85,-1.461988304093567,16.95,-0.8771929824561528,17.4,1.754385964912264,17.45,2.0467836257309817
2026-09-04,2820.TW,華票,量價面,因子轉弱,25.0,0.0,-25.0,61.0,36.0,17.1,False,,16.85,-1.461988304093567,16.95,-0.8771929824561528,17.4,1.754385964912264,17.45,2.0467836257309817
2026-09-04,2884.TW,玉山金,量價面,因子轉弱,25.0,0.0,-25.0,67.0,60.0,43.55,False,,43.55,0.0,44.25,1.607347876004599,46.3,6.314580941446614,46.4,6.544202066590129
2026-09-04,2891.TW,中信金,技術面,因子轉弱,70.0,45.0,-25.0,60.0,50.0,68.4,False,,67.4,-1.461988304093567,66.6,-2.6315789473684377,67.1,-1.900584795321654,69.5,1.6081871345029155
2026-09-04,2897.TW,王道銀行,籌碼面,因子轉弱,80.0,50.0,-30.0,67.0,44.0,10.85,False,,10.75,-0.9216589861751119,10.85,0.0,11.0,1.3824884792626762,11.1,2.3041474654377883
2026-09-04,2897.TW,王道銀行,量價面,因子轉弱,25.0,0.0,-25.0,67.0,44.0,10.85,False,,10.75,-0.9216589861751119,10.85,0.0,11.0,1.3824884792626762,11.1,2.3041474654377883
2026-09-04,3035.TW,智原,籌碼面,因子轉弱,30.0,0.0,-30.0,14.0,2.0,179.5,True,5,179.0,-0.2785515320334262,176.5,-1.6713091922005572,169.5,-5.571030640668524,190.5,6.128133704735376
2026-09-04,3037.TW,欣興,籌碼面,因子轉弱,30.0,-70.0,-100.0,0.0,-46.0,902.0,False,,949.0,5.210643015521065,993.0,10.08869179600887,977.0,8.314855875831485,981.0,8.758314855875831
2026-09-04,3062.TW,建漢,技術面,因子轉弱,5.0,-55.0,-60.0,-16.0,-30.0,20.65,False,,20.5,-0.7263922518159738,20.6,-0.24213075060531314,20.55,-0.48426150121064343,21.05,1.9370460048426255
2026-09-04,3363.TWO,上詮,技術面,因子轉弱,55.0,15.0,-40.0,22.0,6.0,735.0,True,3,723.0,-1.6326530612244898,708.0,-3.6734693877551026,681.0,-7.346938775510205,683.0,-7.07482993197279
2026-09-04,3376.TW,新日興,籌碼面,因子轉弱,50.0,-30.0,-80.0,22.0,6.0,211.0,True,5,206.5,-2.132701421800948,206.0,-2.3696682464454977,183.0,-13.270142180094787,179.0,-15.165876777251185
2026-09-04,3481.TW,群創,籌碼面,因子轉弱,80.0,-35.0,-115.0,28.0,-22.0,48.5,False,,49.95,2.989690721649491,50.1,3.2989690721649514,47.7,-1.6494845360824684,48.25,-0.5154639175257731
2026-09-04,3711.TW,日月光投控,技術面,因子轉弱,-30.0,-55.0,-25.0,-26.0,-52.0,588.0,False,,621.0,5.612244897959184,640.0,8.843537414965986,618.0,5.1020408163265305,638.0,8.503401360544217
2026-09-04,3711.TW,日月光投控,籌碼面,因子轉弱,-35.0,-75.0,-40.0,-26.0,-52.0,588.0,False,,621.0,5.612244897959184,640.0,8.843537414965986,618.0,5.1020408163265305,638.0,8.503401360544217
2026-09-04,4903.TWO,聯光通,技術面,因子轉弱,30.0,5.0,-25.0,12.0,2.0,36.95,True,5,36.5,-1.217861975642768,36.5,-1.217861975642768,33.4,-9.607577807848456,37.6,1.759133964817317
2026-09-04,4931.TWO,新盛力,技術面,因子轉弱,-20.0,-45.0,-25.0,-8.0,-18.0,251.0,True,5,247.5,-1.394422310756972,252.5,0.5976095617529881,234.0,-6.772908366533864,237.5,-5.378486055776892
2026-09-04,4960.TW,誠美材,技術面,因子轉弱,-20.0,-45.0,-25.0,4.0,-10.0,21.1,True,5,21.0,-0.47393364928910625,20.85,-1.1848341232227488,20.25,-4.028436018957352,22.9,8.530805687203777
2026-09-04,5469.TW,瀚宇博,技術面,因子轉弱,-30.0,-55.0,-25.0,-22.0,-44.0,71.6,False,,72.3,0.9776536312849202,72.4,1.1173184357542059,72.3,0.9776536312849202,72.8,1.6759776536312891
2026-09-04,5469.TW,瀚宇博,籌碼面,因子轉弱,-25.0,-55.0,-30.0,-22.0,-44.0,71.6,False,,72.3,0.9776536312849202,72.4,1.1173184357542059,72.3,0.9776536312849202,72.8,1.6759776536312891
2026-09-04,6213.TW,聯茂,技術面,因子轉弱,5.0,-20.0,-25.0,0.0,-14.0,517.0,False,,513.0,-0.7736943907156674,523.0,1.160541586073501,509.0,-1.5473887814313347,505.0,-2.321083172147002
2026-09-04,6239.TW,力成,技術面,因子轉弱,5.0,-20.0,-25.0,22.0,-38.0,276.5,False,,280.0,1.2658227848101267,281.0,1.62748643761302,273.0,-1.2658227848101267,284.0,2.7124773960216997
2026-09-04,6239.TW,力成,籌碼面,因子轉弱,50.0,-75.0,-125.0,22.0,-38.0,276.5,False,,280.0,1.2658227848101267,281.0,1.62748643761302,273.0,-1.2658227848101267,284.0,2.7124773960216997
2026-09-04,6278.TW,台表科,籌碼面,因子轉弱,80.0,50.0,-30.0,34.0,42.0,200.0,True,3,195.0,-2.5,193.5,-3.25,186.5,-6.75,196.0,-2.0
2026-09-04,6426.TW,統新,籌碼面,因子轉弱,80.0,50.0,-30.0,54.0,42.0,269.5,False,,296.0,9.833024118738404,321.0,19.109461966604822,302.0,12.059369202226346,373.5,38.5899814471243
2026-09-04,8028.TW,昇陽半導體,技術面,因子轉弱,-30.0,-55.0,-25.0,-42.0,-52.0,239.0,True,5,249.5,4.393305439330543,236.0,-1.2552301255230125,225.5,-5.648535564853557,257.0,7.531380753138076
2026-09-04,8046.TW,南電,技術面,因子轉弱,-20.0,-45.0,-25.0,-38.0,-38.0,1055.0,False,,1050.0,-0.47393364928909953,1110.0,5.213270142180095,1080.0,2.3696682464454977,1100.0,4.265402843601896
2026-09-04,8150.TW,南茂,籌碼面,因子轉弱,80.0,50.0,-30.0,24.0,12.0,90.1,True,5,91.3,1.3318534961154305,91.5,1.5538290788013382,86.7,-3.773584905660368,94.0,4.328523862375145
2026-09-04,9105.TW,泰金寶-DR,籌碼面,因子轉弱,60.0,30.0,-30.0,30.0,30.0,8.65,True,10,8.85,2.312138728323691,8.89,2.774566473988442,8.59,-0.6936416184971156,8.37,-3.2369942196531922
2026-09-07,1102.TW,亞泥,技術面,因子轉弱,60.0,20.0,-40.0,44.0,20.0,35.05,False,,35.2,0.4279600570613572,35.45,1.1412268188302588,35.0,-0.14265335235377222,35.25,0.5706134094151294
2026-09-07,1612.TW,宏泰,技術面,因子轉弱,20.0,-20.0,-40.0,-8.0,-44.0,34.7,False,,34.7,0.0,34.8,0.2881844380403294,34.7,0.0,35.0,0.8645533141210292
2026-09-07,1612.TW,宏泰,籌碼面,因子轉弱,-40.0,-90.0,-50.0,-8.0,-44.0,34.7,False,,34.7,0.0,34.8,0.2881844380403294,34.7,0.0,35.0,0.8645533141210292
2026-09-07,1717.TW,長興,籌碼面,因子轉弱,50.0,-100.0,-150.0,22.0,-38.0,73.5,True,5,72.3,-1.6326530612244938,71.7,-2.4489795918367308,69.2,-5.8503401360544185,71.7,-2.4489795918367308
2026-09-07,1718.TW,中纖,技術面,因子轉弱,5.0,-30.0,-35.0,-18.0,-42.0,10.45,False,,10.4,-0.47846889952152094,10.6,1.4354066985645968,10.55,0.9569377990430759,10.75,2.8708133971291936
2026-09-07,2002.TW,中鋼,技術面,因子轉弱,-15.0,-55.0,-40.0,-12.0,-28.0,19.0,False,,19.1,0.5263157894736916,19.1,0.5263157894736916,18.8,-1.0526315789473648,18.65,-1.8421052631579022
2026-09-07,2027.TW,大成鋼,籌碼面,因子轉弱,30.0,-55.0,-85.0,24.0,-16.0,49.1,True,5,49.35,0.5091649694501018,48.2,-1.8329938900203637,45.75,-6.822810590631367,46.65,-4.989816700611003
2026-09-07,2312.TW,金寶,技術面,因子轉弱,20.0,-30.0,-50.0,40.0,8.0,32.3,True,1,31.3,-3.0959752321981315,31.15,-3.5603715170278596,30.85,-4.4891640866872935,31.3,-3.0959752321981315
2026-09-07,2312.TW,金寶,籌碼面,因子轉弱,80.0,50.0,-30.0,40.0,8.0,32.3,True,1,31.3,-3.0959752321981315,31.15,-3.5603715170278596,30.85,-4.4891640866872935,31.3,-3.0959752321981315
2026-09-07,2313.TW,華通,技術面,因子轉弱,55.0,15.0,-40.0,54.0,-26.0,240.0,True,1,231.0,-3.75,225.5,-6.041666666666667,221.0,-7.916666666666666,222.0,-7.5
2026-09-07,2313.TW,華通,籌碼面,因子轉弱,80.0,-80.0,-160.0,54.0,-26.0,240.0,True,1,231.0,-3.75,225.5,-6.041666666666667,221.0,-7.916666666666666,222.0,-7.5
2026-09-07,2317.TW,鴻海,籌碼面,因子轉弱,80.0,50.0,-30.0,44.0,38.0,256.0,False,,251.5,-1.7578125,251.0,-1.953125,248.5,-2.9296875,250.0,-2.34375
2026-09-07,2324.TW,仁寶,籌碼面,因子轉弱,60.0,-35.0,-95.0,38.0,-2.0,40.05,True,3,39.05,-2.4968789013732837,38.65,-3.4956304619225933,37.9,-5.368289637952556,37.6,-6.117353308364534
2026-09-07,2331.TW,精英,籌碼面,因子轉弱,-20.0,-55.0,-35.0,-26.0,-44.0,19.35,True,3,19.0,-1.8087855297157693,18.75,-3.100775193798457,18.7,-3.359173126614998,19.4,0.2583979328165228
2026-09-07,2351.TW,順德,籌碼面,因子轉弱,50.0,-80.0,-130.0,42.0,-10.0,233.5,False,,227.5,-2.569593147751606,235.5,0.8565310492505354,257.0,10.06423982869379,236.5,1.284796573875803
2026-09-07,2353.TW,宏碁,技術面,因子轉弱,75.0,55.0,-20.0,62.0,34.0,32.3,True,1,31.05,-3.869969040247667,31.5,-2.4767801857585052,31.4,-2.786377708978324,32.15,-0.464396284829717
2026-09-07,2353.TW,宏碁,籌碼面,因子轉弱,80.0,30.0,-50.0,62.0,34.0,32.3,True,1,31.05,-3.869969040247667,31.5,-2.4767801857585052,31.4,-2.786377708978324,32.15,-0.464396284829717
2026-09-07,2356.TW,英業達,技術面,因子轉弱,55.0,-20.0,-75.0,54.0,12.0,66.1,True,1,64.0,-3.1770045385779038,62.6,-5.29500756429651,61.7,-6.656580937972755,61.8,-6.5052950075642935
2026-09-07,2356.TW,英業達,籌碼面,因子轉弱,80.0,50.0,-30.0,54.0,12.0,66.1,True,1,64.0,-3.1770045385779038,62.6,-5.29500756429651,61.7,-6.656580937972755,61.8,-6.5052950075642935
2026-09-07,2362.TW,藍天,技術面,因子轉弱,60.0,-20.0,-80.0,48.0,0.0,47.95,False,,47.55,-0.8342022940563205,47.6,-0.729927007299273,46.65,-2.711157455683012,48.25,0.6256517205422255
2026-09-07,2362.TW,藍天,籌碼面,因子轉弱,60.0,20.0,-40.0,48.0,0.0,47.95,False,,47.55,-0.8342022940563205,47.6,-0.729927007299273,46.65,-2.711157455683012,48.25,0.6256517205422255
2026-09-07,2374.TW,佳能,技術面,因子轉弱,-30.0,-55.0,-25.0,-32.0,-52.0,67.5,False,,67.4,-0.14814814814813973,67.3,-0.2962962962963005,66.6,-1.3333333333333417,67.3,-0.2962962962963005
2026-09-07,2376.TW,技嘉,籌碼面,因子轉弱,80.0,0.0,-80.0,44.0,8.0,364.5,True,3,357.0,-2.05761316872428,351.5,-3.5665294924554183,344.0,-5.6241426611796985,368.0,0.9602194787379973
2026-09-07,2395.TW,研華,技術面,因子轉弱,55.0,5.0,-50.0,54.0,22.0,680.0,True,1,657.0,-3.3823529411764706,659.0,-3.088235294117647,670.0,-1.4705882352941175,706.0,3.823529411764706
2026-09-07,2395.TW,研華,籌碼面,因子轉弱,80.0,50.0,-30.0,54.0,22.0,680.0,True,1,657.0,-3.3823529411764706,659.0,-3.088235294117647,670.0,-1.4705882352941175,706.0,3.823529411764706
2026-09-07,2421.TW,建準,技術面,因子轉弱,45.0,5.0,-40.0,38.0,-30.0,171.5,True,3,168.0,-2.0408163265306123,165.0,-3.7900874635568513,163.0,-4.956268221574344,166.5,-2.9154518950437316
2026-09-07,2421.TW,建準,籌碼面,因子轉弱,50.0,-80.0,-130.0,38.0,-30.0,171.5,True,3,168.0,-2.0408163265306123,165.0,-3.7900874635568513,163.0,-4.956268221574344,166.5,-2.9154518950437316
2026-09-07,2451.TW,創見,技術面,因子轉弱,-20.0,-45.0,-25.0,-30.0,-30.0,289.5,True,5,286.0,-1.2089810017271159,282.5,-2.4179620034542317,274.0,-5.354058721934369,286.0,-1.2089810017271159
2026-09-07,2455.TW,全新,技術面,因子轉弱,45.0,5.0,-40.0,50.0,34.0,500.0,False,,515.0,3.0,532.0,6.4,535.0,7.000000000000001,572.0,14.399999999999999
2026-09-07,2485.TW,兆赫,籌碼面,因子轉弱,50.0,20.0,-30.0,2.0,0.0,40.7,True,5,39.9,-1.9656019656019759,39.85,-2.088452088452092,38.5,-5.405405405405412,40.9,0.4914004914004809
2026-09-07,2498.TW,宏達電,技術面,因子轉弱,55.0,5.0,-50.0,-8.0,-28.0,41.0,False,,40.2,-1.951219512195115,40.15,-2.0731707317073207,39.9,-2.682926829268296,40.1,-2.195121951219509
2026-09-07,2540.TW,愛山林,技術面,因子轉弱,5.0,-20.0,-25.0,-10.0,-10.0,46.9,False,,48.2,2.77185501066099,49.45,5.437100213219626,48.05,2.4520255863539413,49.1,4.690831556503205
2026-09-07,2607.TW,榮運,技術面,因子轉弱,60.0,20.0,-40.0,44.0,16.0,53.1,False,,53.2,0.18832391713747915,53.0,-0.18832391713747915,53.0,-0.18832391713747915,53.6,0.9416195856873822
2026-09-07,2607.TW,榮運,籌碼面,因子轉弱,50.0,20.0,-30.0,44.0,16.0,53.1,False,,53.2,0.18832391713747915,53.0,-0.18832391713747915,53.0,-0.18832391713747915,53.6,0.9416195856873822
2026-09-07,2609.TW,陽明,籌碼面,因子轉弱,50.0,-15.0,-65.0,28.0,2.0,58.1,False,,57.3,-1.37693631669536,58.0,-0.17211703958692154,59.3,2.065404475043022,61.1,5.163511187607573
2026-09-07,2610.TW,華航,技術面,因子轉弱,35.0,-30.0,-65.0,46.0,20.0,20.45,False,,20.6,0.7334963325183479,20.2,-1.2224938875305624,20.2,-1.2224938875305624,20.25,-0.9779951100244464
2026-09-07,2636.TW,台驊投控,技術面,因子轉弱,20.0,-15.0,-35.0,28.0,14.0,69.5,False,,68.7,-1.1510791366906434,70.9,2.0143884892086414,69.7,0.28776978417266597,70.5,1.4388489208633095
2026-09-07,2812.TW,台中銀,技術面,因子轉弱,60.0,-5.0,-65.0,36.0,10.0,19.25,False,,19.4,0.7792207792207718,19.1,-0.7792207792207718,19.45,1.0389610389610353,19.2,-0.25974025974026343
2026-09-07,2816.TW,旺旺保,技術面,因子轉弱,45.0,15.0,-30.0,42.0,14.0,38.8,False,,39.15,0.9020618556701068,39.05,0.6443298969072165,39.15,0.9020618556701068,40.7,4.896907216494861
2026-09-07,2816.TW,旺旺保,籌碼面,因子轉弱,60.0,20.0,-40.0,42.0,14.0,38.8,False,,39.15,0.9020618556701068,39.05,0.6443298969072165,39.15,0.9020618556701068,40.7,4.896907216494861
2026-09-07,2820.TW,華票,技術面,因子轉弱,60.0,5.0,-55.0,36.0,14.0,16.85,False,,17.0,0.8902077151335227,17.05,1.1869436201780372,17.4,3.2640949554895973,17.5,3.857566765578626
2026-09-07,2832.TW,台產,技術面,因子轉弱,10.0,-55.0,-65.0,-22.0,-40.0,57.9,False,,58.0,0.1727115716753047,57.2,-1.2089810017271083,56.6,-2.2452504317789246,58.5,1.036269430051816
2026-09-07,2881.TW,富邦金,籌碼面,因子轉弱,80.0,50.0,-30.0,56.0,42.0,149.5,False,,149.0,-0.33444816053511706,148.5,-0.6688963210702341,154.0,3.0100334448160537,154.5,3.3444816053511706
2026-09-07,2882.TW,國泰金,技術面,因子轉弱,70.0,45.0,-25.0,60.0,30.0,114.5,True,3,113.5,-0.8733624454148471,110.5,-3.4934497816593884,112.5,-1.7467248908296942,113.0,-1.3100436681222707
2026-09-07,2882.TW,國泰金,籌碼面,因子轉弱,80.0,30.0,-50.0,60.0,30.0,114.5,True,3,113.5,-0.8733624454148471,110.5,-3.4934497816593884,112.5,-1.7467248908296942,113.0,-1.3100436681222707
2026-09-07,2887.TW,台新金,技術面,因子轉弱,45.0,5.0,-40.0,50.0,22.0,41.1,False,,42.8,4.13625304136252,42.15,2.5547445255474384,43.55,5.961070559610695,43.8,6.5693430656934195
2026-09-07,2887.TW,台新金,籌碼面,因子轉弱,80.0,50.0,-30.0,50.0,22.0,41.1,False,,42.8,4.13625304136252,42.15,2.5547445255474384,43.55,5.961070559610695,43.8,6.5693430656934195
2026-09-07,2891.TW,中信金,籌碼面,因子轉弱,80.0,50.0,-30.0,50.0,38.0,67.4,False,,68.2,1.1869436201780372,67.3,-0.14836795252226784,68.1,1.0385756676557696,70.4,4.451038575667655
2026-09-07,2897.TW,王道銀行,技術面,因子轉弱,60.0,5.0,-55.0,44.0,34.0,10.75,False,,10.95,1.860465116279063,10.8,0.46511627906977404,11.25,4.651162790697675,11.25,4.651162790697675
2026-09-07,3017.TW,奇鋐,技術面,因子轉弱,80.0,45.0,-35.0,64.0,38.0,3420.0,True,1,3285.0,-3.9473684210526314,3460.0,1.1695906432748537,3310.0,-3.216374269005848,3415.0,-0.14619883040935672
2026-09-07,3017.TW,奇鋐,籌碼面,因子轉弱,80.0,50.0,-30.0,64.0,38.0,3420.0,True,1,3285.0,-3.9473684210526314,3460.0,1.1695906432748537,3310.0,-3.216374269005848,3415.0,-0.14619883040935672
2026-09-07,3022.TW,威強電,技術面,因子轉弱,15.0,-30.0,-45.0,30.0,-30.0,91.5,True,1,86.4,-5.573770491803272,84.4,-7.759562841530049,86.2,-5.792349726775954,92.8,1.4207650273224013
2026-09-07,3022.TW,威強電,籌碼面,因子轉弱,60.0,-45.0,-105.0,30.0,-30.0,91.5,True,1,86.4,-5.573770491803272,84.4,-7.759562841530049,86.2,-5.792349726775954,92.8,1.4207650273224013
2026-09-07,3023.TW,信邦,技術面,因子轉弱,70.0,45.0,-25.0,52.0,30.0,339.5,True,1,323.0,-4.860088365243005,328.0,-3.3873343151693667,320.5,-5.596465390279824,320.5,-5.596465390279824
2026-09-07,3023.TW,信邦,籌碼面,因子轉弱,60.0,30.0,-30.0,52.0,30.0,339.5,True,1,323.0,-4.860088365243005,328.0,-3.3873343151693667,320.5,-5.596465390279824,320.5,-5.596465390279824
2026-09-07,3029.TW,零壹,技術面,因子轉弱,5.0,-20.0,-25.0,26.0,0.0,109.5,False,,111.5,1.82648401826484,113.0,3.1963470319634704,116.5,6.392694063926941,121.0,10.50228310502283
2026-09-07,3029.TW,零壹,籌碼面,因子轉弱,60.0,20.0,-40.0,26.0,0.0,109.5,False,,111.5,1.82648401826484,113.0,3.1963470319634704,116.5,6.392694063926941,121.0,10.50228310502283
2026-09-07,3081.TWO,聯亞,技術面,因子轉弱,15.0,-20.0,-35.0,6.0,-8.0,3070.0,True,1,2865.0,-6.677524429967427,2830.0,-7.81758957654723,2745.0,-10.586319218241043,2875.0,-6.351791530944626
2026-09-07,3163.TWO,波若威,技術面,因子轉弱,30.0,0.0,-30.0,12.0,-4.0,752.0,True,1,726.0,-3.4574468085106385,707.0,-5.98404255319149,656.0,-12.76595744680851,667.0,-11.303191489361703
2026-09-07,3163.TWO,波若威,量價面,因子轉弱,0.0,-20.0,-20.0,12.0,-4.0,752.0,True,1,726.0,-3.4574468085106385,707.0,-5.98404255319149,656.0,-12.76595744680851,667.0,-11.303191489361703
2026-09-07,3231.TW,緯創,技術面,因子轉弱,55.0,20.0,-35.0,54.0,28.0,197.0,True,1,186.5,-5.32994923857868,185.0,-6.091370558375635,181.0,-8.121827411167512,186.5,-5.32994923857868
2026-09-07,3231.TW,緯創,籌碼面,因子轉弱,80.0,50.0,-30.0,54.0,28.0,197.0,True,1,186.5,-5.32994923857868,185.0,-6.091370558375635,181.0,-8.121827411167512,186.5,-5.32994923857868
2026-09-07,3324.TWO,雙鴻,技術面,因子轉弱,70.0,45.0,-25.0,28.0,18.0,1440.0,True,1,1340.0,-6.944444444444445,1440.0,0.0,1305.0,-9.375,1520.0,5.555555555555555
2026-09-07,3376.TW,新日興,技術面,因子轉弱,45.0,15.0,-30.0,6.0,-34.0,206.5,True,3,203.5,-1.4527845036319613,189.5,-8.232445520581114,181.0,-12.34866828087167,177.0,-14.285714285714285
2026-09-07,3376.TW,新日興,籌碼面,因子轉弱,-30.0,-100.0,-70.0,6.0,-34.0,206.5,True,3,203.5,-1.4527845036319613,189.5,-8.232445520581114,181.0,-12.34866828087167,177.0,-14.285714285714285
2026-09-07,3673.TW,TPK-KY,技術面,因子轉弱,5.0,-20.0,-25.0,6.0,16.0,65.8,True,3,63.9,-2.8875379939209704,62.6,-4.863221884498474,63.4,-3.647416413373858,65.7,-0.15197568389056887
2026-09-07,4938.TW,和碩,籌碼面,因子轉弱,80.0,30.0,-50.0,44.0,34.0,93.6,True,5,91.7,-2.029914529914521,91.0,-2.777777777777772,90.2,-3.6324786324786236,90.8,-2.9914529914529884
2026-09-07,4966.TWO,譜瑞-KY,技術面,因子轉弱,-30.0,-55.0,-25.0,-12.0,-22.0,566.0,True,1,547.0,-3.356890459363958,540.0,-4.593639575971731,537.0,-5.123674911660777,567.0,0.17667844522968199
2026-09-07,4979.TWO,華星光,技術面,因子轉弱,65.0,-5.0,-70.0,26.0,-2.0,590.0,True,3,605.0,2.5423728813559325,571.0,-3.2203389830508473,547.0,-7.288135593220339,618.0,4.745762711864407
2026-09-07,5706.TW,鳳凰,籌碼面,因子轉弱,40.0,0.0,-40.0,-2.0,-2.0,45.0,False,,44.85,-0.3333333333333302,44.25,-1.6666666666666667,43.85,-2.5555555555555522,44.35,-1.4444444444444413
2026-09-07,6213.TW,聯茂,籌碼面,因子轉弱,-15.0,-75.0,-60.0,-14.0,-38.0,513.0,False,,510.0,-0.5847953216374269,519.0,1.1695906432748537,515.0,0.3898635477582846,542.0,5.653021442495127
2026-09-07,6214.TW,精誠,籌碼面,因子轉弱,50.0,-45.0,-95.0,48.0,6.0,185.0,False,,185.0,0.0,187.5,1.3513513513513513,187.5,1.3513513513513513,191.5,3.5135135135135136
2026-09-07,6269.TW,台郡,技術面,因子轉弱,5.0,-20.0,-25.0,-38.0,-48.0,67.8,True,5,65.8,-2.949852507374631,66.6,-1.7699115044247828,64.7,-4.57227138643067,65.3,-3.687315634218289
2026-09-07,6275.TWO,元山,技術面,因子轉弱,80.0,15.0,-65.0,37.0,6.0,46.25,False,,45.4,-1.8378378378378408,45.5,-1.6216216216216217,45.3,-2.05405405405406,46.0,-0.5405405405405406
2026-09-07,6275.TWO,元山,量價面,因子轉弱,25.0,0.0,-25.0,37.0,6.0,46.25,False,,45.4,-1.8378378378378408,45.5,-1.6216216216216217,45.3,-2.05405405405406,46.0,-0.5405405405405406
2026-09-07,6278.TW,台表科,技術面,因子轉弱,55.0,-10.0,-65.0,42.0,8.0,195.0,True,1,188.5,-3.3333333333333335,191.5,-1.7948717948717947,185.5,-4.871794871794872,194.5,-0.2564102564102564
2026-09-07,6285.TW,啟碁,技術面,因子轉弱,20.0,-20.0,-40.0,32.0,4.0,239.5,True,3,236.0,-1.4613778705636742,227.0,-5.219206680584551,222.0,-7.306889352818372,234.0,-2.2964509394572024
2026-09-07,6285.TW,啟碁,籌碼面,因子轉弱,60.0,30.0,-30.0,32.0,4.0,239.5,True,3,236.0,-1.4613778705636742,227.0,-5.219206680584551,222.0,-7.306889352818372,234.0,-2.2964509394572024
2026-09-08,00403A.TW,主動統一升級50,技術面,因子轉弱,70.0,-20.0,-90.0,52.0,16.0,10.24,False,,10.35,1.0742187499999944,10.17,-0.6835937500000028,9.95,-2.832031250000009,10.7,4.492187499999991
2026-09-08,0056.TW,元大高股息,籌碼面,因子轉弱,80.0,50.0,-30.0,56.0,44.0,55.75,False,,55.75,0.0,55.3,-0.8071748878923818,55.0,-1.345291479820628,56.85,1.97309417040359
2026-09-08,00878.TW,國泰永續高股息,籌碼面,因子轉弱,60.0,30.0,-30.0,48.0,36.0,34.07,False,,34.13,0.17610801291459427,34.0,-0.20545934840035304,34.2,0.38156736131494734,35.21,3.3460522453771664
2026-09-08,1326.TW,台化,技術面,因子轉弱,45.0,5.0,-40.0,50.0,22.0,70.6,True,5,71.8,1.699716713881024,70.2,-0.566572237960328,65.8,-6.798866855524076,66.5,-5.807365439093477
2026-09-08,1326.TW,台化,籌碼面,因子轉弱,80.0,50.0,-30.0,50.0,22.0,70.6,True,5,71.8,1.699716713881024,70.2,-0.566572237960328,65.8,-6.798866855524076,66.5,-5.807365439093477
2026-09-08,1409.TW,新纖,技術面,因子轉弱,-5.0,-30.0,-25.0,-24.0,-34.0,24.45,False,,26.85,9.815950920245408,24.45,0.0,23.9,-2.24948875255624,24.1,-1.4314928425357787
2026-09-08,1514.TW,亞力,技術面,因子轉弱,10.0,-30.0,-40.0,28.0,12.0,102.0,False,,103.5,1.4705882352941175,100.5,-1.4705882352941175,99.6,-2.3529411764705936,102.0,0.0
2026-09-08,1714.TW,和桐,技術面,因子轉弱,-5.0,-55.0,-50.0,-32.0,-52.0,16.25,True,3,16.8,3.3846153846153886,15.35,-5.538461538461541,15.15,-6.769230769230767,16.1,-0.9230769230769144
2026-09-08,1717.TW,長興,技術面,因子轉弱,5.0,-20.0,-25.0,-38.0,-48.0,72.3,True,5,72.3,0.0,70.9,-1.9363762102351196,68.1,-5.809128630705398,71.0,-1.798063623789761
2026-09-08,1718.TW,中纖,技術面,因子轉弱,-30.0,-80.0,-50.0,-42.0,-46.0,10.4,False,,10.85,4.3269230769230695,10.4,0.0,10.4,0.0,10.7,2.8846153846153744
2026-09-08,1802.TW,台玻,技術面,因子轉弱,45.0,20.0,-25.0,38.0,-4.0,59.9,True,5,60.2,0.5008347245409086,58.2,-2.838063439065101,56.0,-6.5108514190317175,58.8,-1.836393989983308
2026-09-08,1802.TW,台玻,籌碼面,因子轉弱,50.0,-30.0,-80.0,38.0,-4.0,59.9,True,5,60.2,0.5008347245409086,58.2,-2.838063439065101,56.0,-6.5108514190317175,58.8,-1.836393989983308
2026-09-08,2027.TW,大成鋼,技術面,因子轉弱,15.0,-20.0,-35.0,-16.0,0.0,49.35,True,3,48.6,-1.5197568389057752,46.5,-5.775075987841948,45.0,-8.814589665653498,46.5,-5.775075987841948
2026-09-08,2303.TW,聯電,技術面,因子轉弱,85.0,55.0,-30.0,71.0,16.0,137.0,False,,141.5,3.2846715328467155,140.5,2.5547445255474455,138.5,1.094890510948905,160.0,16.78832116788321
2026-09-08,2303.TW,聯電,籌碼面,因子轉弱,80.0,-15.0,-95.0,71.0,16.0,137.0,False,,141.5,3.2846715328467155,140.5,2.5547445255474455,138.5,1.094890510948905,160.0,16.78832116788321
2026-09-08,2303.TW,聯電,量價面,因子轉弱,25.0,0.0,-25.0,71.0,16.0,137.0,False,,141.5,3.2846715328467155,140.5,2.5547445255474455,138.5,1.094890510948905,160.0,16.78832116788321
2026-09-08,2312.TW,金寶,籌碼面,因子轉弱,50.0,-80.0,-130.0,8.0,-44.0,31.3,False,,31.8,1.5974440894568689,30.45,-2.7156549520766817,31.1,-0.6389776357827454,31.05,-0.7987220447284344
2026-09-08,2313.TW,華通,技術面,因子轉弱,15.0,-20.0,-35.0,-26.0,-48.0,231.0,True,3,228.0,-1.2987012987012987,221.5,-4.112554112554113,218.5,-5.411255411255411,222.0,-3.896103896103896
2026-09-08,2317.TW,鴻海,技術面,因子轉弱,45.0,15.0,-30.0,38.0,-2.0,251.5,False,,252.0,0.19880715705765406,248.0,-1.3916500994035785,246.5,-1.9880715705765408,253.0,0.5964214711729622
2026-09-08,2317.TW,鴻海,籌碼面,因子轉弱,50.0,-20.0,-70.0,38.0,-2.0,251.5,False,,252.0,0.19880715705765406,248.0,-1.3916500994035785,246.5,-1.9880715705765408,253.0,0.5964214711729622
2026-09-08,2324.TW,仁寶,技術面,因子轉弱,30.0,-45.0,-75.0,-2.0,-48.0,39.05,True,3,38.9,-0.3841229193341833,37.8,-3.201024327784891,36.95,-5.377720870678603,37.05,-5.1216389244558265
2026-09-08,2324.TW,仁寶,籌碼面,因子轉弱,-35.0,-75.0,-40.0,-2.0,-48.0,39.05,True,3,38.9,-0.3841229193341833,37.8,-3.201024327784891,36.95,-5.377720870678603,37.05,-5.1216389244558265
2026-09-08,2327.TW,國巨,籌碼面,因子轉弱,60.0,-15.0,-75.0,26.0,-8.0,567.0,True,3,565.0,-0.3527336860670194,544.0,-4.056437389770723,537.0,-5.291005291005291,571.0,0.7054673721340388
2026-09-08,2329.TW,華泰,技術面,因子轉弱,-15.0,-40.0,-25.0,18.0,-44.0,42.7,False,,42.65,-0.11709601873537297,41.6,-2.5761124121779893,41.45,-2.9274004683840746,43.3,1.4051522248243427
2026-09-08,2329.TW,華泰,籌碼面,因子轉弱,60.0,-70.0,-130.0,18.0,-44.0,42.7,False,,42.65,-0.11709601873537297,41.6,-2.5761124121779893,41.45,-2.9274004683840746,43.3,1.4051522248243427
2026-09-08,2345.TW,智邦,技術面,因子轉弱,-20.0,-40.0,-20.0,-28.0,-46.0,1955.0,True,3,2015.0,3.0690537084398977,1885.0,-3.580562659846547,1840.0,-5.88235294117647,1915.0,-2.0460358056265986
2026-09-08,2351.TW,順德,技術面,因子轉弱,55.0,-10.0,-65.0,-10.0,-26.0,227.5,False,,237.5,4.395604395604396,234.0,2.857142857142857,251.5,10.54945054945055,238.5,4.835164835164836
2026-09-08,2353.TW,宏碁,技術面,因子轉弱,55.0,-5.0,-60.0,34.0,-24.0,31.05,False,,31.8,2.4154589371980677,31.1,0.16103059581320678,30.9,-0.48309178743962033,31.4,1.1272141706924246
2026-09-08,2353.TW,宏碁,籌碼面,因子轉弱,30.0,-55.0,-85.0,34.0,-24.0,31.05,False,,31.8,2.4154589371980677,31.1,0.16103059581320678,30.9,-0.48309178743962033,31.4,1.1272141706924246
2026-09-08,2356.TW,英業達,技術面,因子轉弱,-20.0,-70.0,-50.0,12.0,-50.0,64.0,True,3,64.3,0.46874999999999556,62.0,-3.125,60.5,-5.46875,61.2,-4.374999999999996
2026-09-08,2356.TW,英業達,籌碼面,因子轉弱,50.0,-55.0,-105.0,12.0,-50.0,64.0,True,3,64.3,0.46874999999999556,62.0,-3.125,60.5,-5.46875,61.2,-4.374999999999996
2026-09-08,2368.TW,金像電,技術面,因子轉弱,5.0,-20.0,-25.0,-10.0,-38.0,1075.0,True,3,1100.0,2.3255813953488373,1030.0,-4.186046511627907,972.0,-9.581395348837209,1040.0,-3.255813953488372
2026-09-08,2368.TW,金像電,籌碼面,因子轉弱,-30.0,-75.0,-45.0,-10.0,-38.0,1075.0,True,3,1100.0,2.3255813953488373,1030.0,-4.186046511627907,972.0,-9.581395348837209,1040.0,-3.255813953488372
2026-09-08,2376.TW,技嘉,技術面,因子轉弱,20.0,-20.0,-40.0,8.0,-30.0,357.0,True,5,349.5,-2.100840336134454,349.0,-2.2408963585434174,343.0,-3.9215686274509802,366.5,2.661064425770308
2026-09-08,2376.TW,技嘉,籌碼面,因子轉弱,0.0,-55.0,-55.0,8.0,-30.0,357.0,True,5,349.5,-2.100840336134454,349.0,-2.2408963585434174,343.0,-3.9215686274509802,366.5,2.661064425770308
2026-09-08,2382.TW,廣達,技術面,因子轉弱,60.0,10.0,-50.0,56.0,24.0,328.0,False,,342.0,4.2682926829268295,336.5,2.591463414634146,333.0,1.524390243902439,342.0,4.2682926829268295
2026-09-08,2382.TW,廣達,籌碼面,因子轉弱,80.0,50.0,-30.0,56.0,24.0,328.0,False,,342.0,4.2682926829268295,336.5,2.591463414634146,333.0,1.524390243902439,342.0,4.2682926829268295
2026-09-08,2383.TW,台光電,技術面,因子轉弱,-15.0,-55.0,-40.0,-26.0,-52.0,5340.0,True,5,5375.0,0.6554307116104869,5365.0,0.46816479400749067,5115.0,-4.213483146067416,4860.0,-8.98876404494382
2026-09-08,2395.TW,研華,技術面,因子轉弱,5.0,-20.0,-25.0,22.0,-48.0,657.0,False,,653.0,-0.60882800608828,674.0,2.5875190258751903,685.0,4.26179604261796,703.0,7.00152207001522
2026-09-08,2395.TW,研華,籌碼面,因子轉弱,50.0,-100.0,-150.0,22.0,-48.0,657.0,False,,653.0,-0.60882800608828,674.0,2.5875190258751903,685.0,4.26179604261796,703.0,7.00152207001522
2026-09-08,2401.TW,凌陽,技術面,因子轉弱,-15.0,-45.0,-30.0,-2.0,-40.0,24.85,True,3,25.15,1.207243460764576,24.1,-3.0181086519114686,23.75,-4.426559356136826,25.75,3.6217303822937565
2026-09-08,2401.TW,凌陽,籌碼面,因子轉弱,10.0,-55.0,-65.0,-2.0,-40.0,24.85,True,3,25.15,1.207243460764576,24.1,-3.0181086519114686,23.75,-4.426559356136826,25.75,3.6217303822937565
2026-09-08,2454.TW,聯發科,技術面,因子轉弱,70.0,45.0,-25.0,60.0,50.0,4710.0,True,5,4625.0,-1.8046709129511678,4585.0,-2.6539278131634823,4430.0,-5.9447983014862,5180.0,9.978768577494693
2026-09-08,2485.TW,兆赫,籌碼面,因子轉弱,20.0,-80.0,-100.0,0.0,-44.0,39.9,True,3,40.65,1.8796992481203008,38.55,-3.3834586466165453,37.55,-5.889724310776947,39.8,-0.2506265664160437
2026-09-08,2603.TW,長榮,技術面,因子轉弱,5.0,-20.0,-25.0,-12.0,-40.0,229.0,False,,234.0,2.1834061135371177,234.5,2.4017467248908297,233.5,1.9650655021834063,242.5,5.895196506550218
2026-09-08,2603.TW,長榮,籌碼面,因子轉弱,-35.0,-80.0,-45.0,-12.0,-40.0,229.0,False,,234.0,2.1834061135371177,234.5,2.4017467248908297,233.5,1.9650655021834063,242.5,5.895196506550218
2026-09-08,2617.TW,台航,技術面,因子轉弱,70.0,45.0,-25.0,52.0,30.0,32.35,False,,33.4,3.245749613601227,33.65,4.018547140649141,32.4,0.15455950540957392,33.1,2.31839258114374
2026-09-08,2617.TW,台航,籌碼面,因子轉弱,60.0,30.0,-30.0,52.0,30.0,32.35,False,,33.4,3.245749613601227,33.65,4.018547140649141,32.4,0.15455950540957392,33.1,2.31839258114374
2026-09-08,2636.TW,台驊投控,技術面,因子轉弱,-15.0,-55.0,-40.0,14.0,-18.0,68.7,False,,69.2,0.727802037845706,71.2,3.6390101892285296,69.2,0.727802037845706,70.7,2.911208151382824
2026-09-08,2636.TW,台驊投控,籌碼面,因子轉弱,50.0,10.0,-40.0,14.0,-18.0,68.7,False,,69.2,0.727802037845706,71.2,3.6390101892285296,69.2,0.727802037845706,70.7,2.911208151382824
2026-09-08,2637.TW,慧洋-KY,技術面,因子轉弱,45.0,5.0,-40.0,38.0,22.0,98.1,False,,100.5,2.4464831804281406,101.0,2.9561671763506685,96.9,-1.2232415902140559,100.5,2.4464831804281406
2026-09-08,2707.TW,晶華,技術面,因子轉弱,20.0,-45.0,-65.0,-10.0,-36.0,178.0,False,,178.0,0.0,177.5,-0.2808988764044944,177.5,-0.2808988764044944,178.0,0.0
2026-09-08,2731.TW,雄獅,技術面,因子轉弱,-15.0,-45.0,-30.0,-24.0,-28.0,143.0,False,,142.0,-0.6993006993006993,141.0,-1.3986013986013985,141.5,-1.048951048951049,143.5,0.34965034965034963
2026-09-08,3013.TW,晟銘電,技術面,因子轉弱,5.0,-30.0,-35.0,-28.0,-42.0,83.8,False,,87.0,3.81861575178998,84.7,1.0739856801909375,81.5,-2.744630071599042,83.1,-0.8353221957040607
2026-09-08,3017.TW,奇鋐,技術面,因子轉弱,45.0,5.0,-40.0,38.0,14.0,3285.0,True,5,3380.0,2.89193302891933,3370.0,2.5875190258751903,3115.0,-5.175038051750381,3390.0,3.1963470319634704
2026-09-08,3023.TW,信邦,技術面,因子轉弱,45.0,5.0,-40.0,30.0,18.0,323.0,False,,329.0,1.8575851393188854,322.0,-0.30959752321981426,318.5,-1.393188854489164,320.5,-0.7739938080495357
2026-09-08,3035.TW,智原,籌碼面,因子轉弱,30.0,-80.0,-110.0,14.0,-26.0,175.0,True,3,176.5,0.8571428571428572,169.5,-3.1428571428571432,170.0,-2.857142857142857,203.0,16.0
2026-09-08,3211.TWO,順達,技術面,因子轉弱,5.0,-20.0,-25.0,2.0,-8.0,375.5,True,3,367.0,-2.263648468708389,362.0,-3.5952063914780292,361.0,-3.861517976031957,385.0,2.5299600532623168
2026-09-08,3324.TWO,雙鴻,技術面,因子轉弱,45.0,5.0,-40.0,18.0,2.0,1340.0,True,5,1385.0,3.3582089552238807,1360.0,1.4925373134328357,1260.0,-5.970149253731343,1600.0,19.402985074626866
2026-09-08,3376.TW,新日興,技術面,因子轉弱,15.0,-20.0,-35.0,-34.0,-48.0,203.5,True,3,206.0,1.2285012285012284,183.0,-10.073710073710075,173.0,-14.987714987714988,180.5,-11.302211302211303
2026-09-08,3481.TW,群創,技術面,因子轉弱,30.0,5.0,-25.0,36.0,14.0,48.8,True,5,50.1,2.6639344262295173,47.7,-2.2540983606557266,46.8,-4.0983606557377055,50.5,3.483606557377055
2026-09-08,3481.TW,群創,籌碼面,因子轉弱,60.0,30.0,-30.0,36.0,14.0,48.8,True,5,50.1,2.6639344262295173,47.7,-2.2540983606557266,46.8,-4.0983606557377055,50.5,3.483606557377055
2026-09-08,3545.TW,敦泰,技術面,因子轉弱,45.0,5.0,-40.0,30.0,22.0,51.1,True,3,50.8,-0.5870841487279926,48.55,-4.990215264187875,48.45,-5.185909980430525,52.0,1.76125244618395
2026-09-08,3673.TW,TPK-KY,籌碼面,因子轉弱,60.0,-80.0,-140.0,16.0,-40.0,63.9,True,3,64.2,0.46948356807512404,61.7,-3.4428794992175207,61.5,-3.7558685446009368,65.6,2.6604068857589915
2026-09-08,3711.TW,日月光投控,技術面,因子轉弱,30.0,-5.0,-35.0,36.0,22.0,618.0,True,5,640.0,3.559870550161812,618.0,0.0,592.0,-4.207119741100324,693.0,12.135922330097088
2026-09-08,4938.TW,和碩,技術面,因子轉弱,55.0,15.0,-40.0,34.0,0.0,91.7,True,5,91.1,-0.6543075245365414,91.0,-0.7633587786259572,88.3,-3.7077426390403554,90.0,-1.8538713195201777
2026-09-08,4938.TW,和碩,籌碼面,因子轉弱,30.0,-15.0,-45.0,34.0,0.0,91.7,True,5,91.1,-0.6543075245365414,91.0,-0.7633587786259572,88.3,-3.7077426390403554,90.0,-1.8538713195201777
2026-09-08,4958.TW,臻鼎-KY,技術面,因子轉弱,45.0,20.0,-25.0,-4.0,-4.0,505.0,True,5,502.0,-0.594059405940594,495.0,-1.9801980198019802,477.5,-5.445544554455446,489.0,-3.1683168316831685
2026-09-08,4960.TW,誠美材,籌碼面,因子轉弱,20.0,-20.0,-40.0,0.0,-20.0,20.65,True,5,20.85,0.9685230024213213,20.25,-1.9370460048426081,19.5,-5.569007263922511,23.4,13.317191283292978
2026-09-08,5289.TWO,宜鼎,技術面,因子轉弱,5.0,-45.0,-50.0,2.0,-18.0,1370.0,True,3,1355.0,-1.094890510948905,1295.0,-5.474452554744526,1275.0,-6.934306569343065,1295.0,-5.474452554744526
2026-09-08,5439.TWO,高技,技術面,因子轉弱,5.0,-20.0,-25.0,2.0,-8.0,257.5,True,3,264.5,2.7184466019417477,249.5,-3.1067961165048543,237.5,-7.766990291262135,253.5,-1.5533980582524272
2026-09-08,6191.TW,精成科,技術面,因子轉弱,-30.0,-55.0,-25.0,-8.0,-30.0,81.7,False,,83.1,1.713586291309659,82.3,0.7343941248469942,81.0,-0.8567931456548381,84.3,3.1823745410036652
2026-09-08,6191.TW,精成科,籌碼面,因子轉弱,10.0,-20.0,-30.0,-8.0,-30.0,81.7,False,,83.1,1.713586291309659,82.3,0.7343941248469942,81.0,-0.8567931456548381,84.3,3.1823745410036652
2026-09-08,6230.TW,超眾,技術面,因子轉弱,65.0,-5.0,-70.0,38.0,-2.0,108.0,False,,108.5,0.4629629629629629,106.0,-1.8518518518518516,109.0,0.9259259259259258,111.0,2.7777777777777777
2026-09-08,6230.TW,超眾,籌碼面,因子轉弱,30.0,0.0,-30.0,38.0,-2.0,108.0,False,,108.5,0.4629629629629629,106.0,-1.8518518518518516,109.0,0.9259259259259258,111.0,2.7777777777777777
2026-09-08,6239.TW,力成,技術面,因子轉弱,20.0,-10.0,-30.0,20.0,-34.0,275.5,False,,281.0,1.9963702359346642,273.0,-0.9074410163339384,268.0,-2.722323049001815,292.0,5.9891107078039925
2026-09-08,6239.TW,力成,籌碼面,因子轉弱,30.0,-75.0,-105.0,20.0,-34.0,275.5,False,,281.0,1.9963702359346642,273.0,-0.9074410163339384,268.0,-2.722323049001815,292.0,5.9891107078039925
2026-09-08,6274.TWO,台燿,技術面,因子轉弱,-35.0,-55.0,-20.0,-14.0,-22.0,1345.0,False,,1345.0,0.0,1365.0,1.486988847583643,1370.0,1.858736059479554,1440.0,7.063197026022305
2026-09-08,6285.TW,啟碁,技術面,因子轉弱,-20.0,-55.0,-35.0,4.0,-54.0,236.0,True,3,233.5,-1.059322033898305,222.5,-5.720338983050848,222.0,-5.932203389830509,233.5,-1.059322033898305
2026-09-08,6285.TW,啟碁,籌碼面,因子轉弱,30.0,-80.0,-110.0,4.0,-54.0,236.0,True,3,233.5,-1.059322033898305,222.5,-5.720338983050848,222.0,-5.932203389830509,233.5,-1.059322033898305
2026-09-08,6488.TWO,環球晶,技術面,因子轉弱,20.0,-10.0,-30.0,8.0,-4.0,955.0,True,3,955.0,0.0,902.0,-5.549738219895288,914.0,-4.293193717277487,971.0,1.6753926701570683
2026-09-08,8028.TW,昇陽半導體,技術面,因子轉弱,10.0,-40.0,-50.0,-8.0,-38.0,236.5,True,3,236.0,-0.21141649048625794,225.5,-4.651162790697675,226.5,-4.2283298097251585,263.5,11.416490486257928
2026-09-08,8039.TW,台虹,技術面,因子轉弱,20.0,-10.0,-30.0,-14.0,-26.0,294.5,True,3,289.5,-1.697792869269949,272.0,-7.6400679117147705,270.0,-8.31918505942275,262.5,-10.865874363327674
2026-09-08,8150.TW,南茂,技術面,因子轉弱,45.0,20.0,-25.0,50.0,-24.0,90.3,True,3,91.5,1.328903654485053,86.7,-3.986710963455143,84.4,-6.533776301218152,105.5,16.8327796234773
2026-09-08,8150.TW,南茂,籌碼面,因子轉弱,80.0,-80.0,-160.0,50.0,-24.0,90.3,True,3,91.5,1.328903654485053,86.7,-3.986710963455143,84.4,-6.533776301218152,105.5,16.8327796234773
2026-09-08,8358.TWO,金居,技術面,因子轉弱,45.0,20.0,-25.0,18.0,8.0,520.0,True,3,526.0,1.153846153846154,485.0,-6.730769230769231,482.0,-7.307692307692308,491.5,-5.480769230769231
2026-09-08,9105.TW,泰金寶-DR,籌碼面,因子轉弱,60.0,30.0,-30.0,46.0,34.0,8.68,True,10,8.89,2.4193548387096873,8.59,-1.0368663594470031,8.42,-2.9953917050691223,8.35,-3.801843317972351
2026-09-09,1303.TW,南亞,技術面,因子轉弱,45.0,20.0,-25.0,6.0,-4.0,236.5,True,5,244.0,3.171247357293869,234.0,-1.0570824524312896,224.0,-5.2854122621564485,227.5,-3.8054968287526427
2026-09-09,2027.TW,大成鋼,籌碼面,因子轉弱,20.0,-55.0,-75.0,0.0,-34.0,48.6,True,3,48.2,-0.8230452674897091,45.75,-5.8641975308642,46.55,-4.218106995884782,46.6,-4.11522633744856
2026-09-09,2312.TW,金寶,技術面,因子轉弱,-30.0,-55.0,-25.0,-44.0,-44.0,31.8,True,10,31.15,-2.044025157232711,30.85,-2.9874213836477965,30.95,-2.6729559748427714,30.6,-3.773584905660375
2026-09-09,2344.TW,華邦電,籌碼面,因子轉弱,60.0,30.0,-30.0,38.0,20.0,183.0,True,3,179.5,-1.912568306010929,160.0,-12.568306010928962,169.0,-7.650273224043716,172.5,-5.737704918032787
2026-09-09,2408.TW,南亞科,籌碼面,因子轉弱,60.0,30.0,-30.0,32.0,20.0,523.0,True,3,515.0,-1.5296367112810707,473.0,-9.560229445506693,492.5,-5.831739961759083,515.0,-1.5296367112810707
2026-09-09,2409.TW,友達,量價面,因子轉弱,25.0,0.0,-25.0,53.0,46.0,30.5,True,3,31.2,2.2950819672131124,28.7,-5.901639344262297,29.4,-3.6065573770491848,34.7,13.770491803278698
2026-09-09,2421.TW,建準,籌碼面,因子轉弱,-55.0,-100.0,-45.0,-20.0,-38.0,167.5,True,5,165.0,-1.4925373134328357,163.0,-2.6865671641791042,160.5,-4.179104477611941,163.0,-2.6865671641791042
2026-09-09,2454.TW,聯發科,籌碼面,因子轉弱,80.0,50.0,-30.0,50.0,38.0,4625.0,False,,4720.0,2.054054054054054,4560.0,-1.4054054054054055,4530.0,-2.054054054054054,5185.0,12.108108108108109
2026-09-09,2610.TW,華航,技術面,因子轉弱,35.0,-5.0,-40.0,46.0,18.0,20.45,False,,20.2,-1.2224938875305624,20.2,-1.2224938875305624,19.95,-2.444987775061125,20.45,0.0
2026-09-09,2610.TW,華航,籌碼面,因子轉弱,80.0,50.0,-30.0,46.0,18.0,20.45,False,,20.2,-1.2224938875305624,20.2,-1.2224938875305624,19.95,-2.444987775061125,20.45,0.0
2026-09-09,2748.TW,雲品,籌碼面,因子轉弱,40.0,10.0,-30.0,49.0,28.0,39.4,False,,39.2,-0.5076142131979587,38.8,-1.5228426395939123,38.65,-1.903553299492386,38.65,-1.903553299492386
2026-09-09,2748.TW,雲品,量價面,因子轉弱,25.0,0.0,-25.0,49.0,28.0,39.4,False,,39.2,-0.5076142131979587,38.8,-1.5228426395939123,38.65,-1.903553299492386,38.65,-1.903553299492386
2026-09-09,2801.TW,彰銀,技術面,因子轉弱,70.0,45.0,-25.0,40.0,-14.0,26.85,False,,26.85,0.0,28.55,6.331471135940407,28.9,7.635009310986954,27.85,3.7243947858472994
2026-09-09,2801.TW,彰銀,籌碼面,因子轉弱,30.0,-80.0,-110.0,40.0,-14.0,26.85,False,,26.85,0.0,28.55,6.331471135940407,28.9,7.635009310986954,27.85,3.7243947858472994
2026-09-09,2812.TW,台中銀,技術面,因子轉弱,60.0,10.0,-50.0,36.0,-36.0,19.15,False,,19.1,-0.2610966057441105,19.45,1.5665796344647556,19.3,0.7832898172323872,19.15,0.0
2026-09-09,2812.TW,台中銀,籌碼面,因子轉弱,30.0,-100.0,-130.0,36.0,-36.0,19.15,False,,19.1,-0.2610966057441105,19.45,1.5665796344647556,19.3,0.7832898172323872,19.15,0.0
2026-09-09,2820.TW,華票,技術面,因子轉弱,60.0,-5.0,-65.0,48.0,22.0,16.95,False,,17.05,0.5899705014749347,17.4,2.654867256637164,17.3,2.06489675516225,17.25,1.7699115044247828
2026-09-09,2881.TW,富邦金,技術面,因子轉弱,45.0,5.0,-40.0,30.0,22.0,147.0,False,,148.5,1.0204081632653061,154.0,4.761904761904762,153.0,4.081632653061225,153.0,4.081632653061225
2026-09-09,2882.TW,國泰金,技術面,因子轉弱,45.0,5.0,-40.0,30.0,14.0,110.5,False,,110.5,0.0,112.5,1.809954751131222,112.5,1.809954751131222,111.5,0.904977375565611
2026-09-09,2884.TW,玉山金,籌碼面,因子轉弱,80.0,30.0,-50.0,60.0,34.0,44.25,False,,44.95,1.5819209039548088,46.35,4.74576271186441,46.45,4.971751412429385,45.6,3.050847457627122
2026-09-09,2886.TW,兆豐金,籌碼面,因子轉弱,80.0,50.0,-30.0,56.0,44.0,50.3,False,,49.9,-0.7952286282306135,52.5,4.373757455268396,50.9,1.1928429423459275,50.0,-0.5964214711729565
2026-09-09,2887.TW,台新金,籌碼面,因子轉弱,60.0,30.0,-30.0,52.0,40.0,42.4,False,,42.15,-0.589622641509434,43.55,2.7122641509433927,44.4,4.716981132075472,42.95,1.2971698113207648
2026-09-09,2891.TW,中信金,技術面,因子轉弱,60.0,5.0,-55.0,56.0,14.0,66.6,False,,67.3,1.0510510510510556,68.1,2.2522522522522523,70.8,6.306306306306311,68.9,3.453453453453471
2026-09-09,2891.TW,中信金,籌碼面,因子轉弱,80.0,30.0,-50.0,56.0,14.0,66.6,False,,67.3,1.0510510510510556,68.1,2.2522522522522523,70.8,6.306306306306311,68.9,3.453453453453471
2026-09-09,2897.TW,王道銀行,技術面,因子轉弱,60.0,20.0,-40.0,56.0,28.0,10.85,False,,10.8,-0.4608294930875478,11.25,3.6866359447004644,11.15,2.7649769585253523,11.1,2.3041474654377883
2026-09-09,2897.TW,王道銀行,籌碼面,因子轉弱,80.0,50.0,-30.0,56.0,28.0,10.85,False,,10.8,-0.4608294930875478,11.25,3.6866359447004644,11.15,2.7649769585253523,11.1,2.3041474654377883
2026-09-09,3029.TW,零壹,技術面,因子轉弱,40.0,20.0,-20.0,40.0,20.0,111.0,False,,113.0,1.8018018018018018,116.5,4.954954954954955,119.5,7.657657657657657,118.5,6.756756756756757
2026-09-09,3029.TW,零壹,籌碼面,因子轉弱,60.0,30.0,-30.0,40.0,20.0,111.0,False,,113.0,1.8018018018018018,116.5,4.954954954954955,119.5,7.657657657657657,118.5,6.756756756756757
2026-09-09,3035.TW,智原,技術面,因子轉弱,15.0,-20.0,-35.0,-26.0,0.0,176.5,False,,179.0,1.41643059490085,172.5,-2.26628895184136,173.5,-1.69971671388102,204.0,15.58073654390935
2026-09-09,3231.TW,緯創,籌碼面,因子轉弱,30.0,-20.0,-50.0,18.0,-6.0,189.0,True,3,185.0,-2.1164021164021163,181.0,-4.232804232804233,183.0,-3.1746031746031744,180.0,-4.761904761904762
2026-09-09,3363.TWO,上詮,技術面,因子轉弱,5.0,-20.0,-25.0,2.0,-8.0,708.0,True,3,714.0,0.847457627118644,675.0,-4.661016949152542,684.0,-3.389830508474576,643.0,-9.180790960451978
2026-09-09,3545.TW,敦泰,籌碼面,因子轉弱,50.0,-10.0,-60.0,22.0,-2.0,50.8,True,3,49.6,-2.3622047244094406,49.05,-3.4448818897637796,49.85,-1.870078740157472,51.3,0.984251968503937
2026-09-09,4938.TW,和碩,技術面,因子轉弱,15.0,-5.0,-20.0,0.0,-14.0,91.1,False,,91.0,-0.10976948408341856,90.2,-0.987925356750814,89.0,-2.305159165751915,91.3,0.21953896816685275
2026-09-09,4967.TW,十銓,籌碼面,因子轉弱,80.0,50.0,-30.0,54.0,42.0,281.5,True,10,276.5,-1.7761989342806392,273.5,-2.841918294849023,275.0,-2.3090586145648313,272.0,-3.374777975133215
2026-09-09,5530.TWO,龍巖,技術面,因子轉弱,-20.0,-45.0,-25.0,-8.0,-18.0,49.0,False,,49.4,0.816326530612242,49.55,1.1224489795918309,49.9,1.8367346938775482,49.0,0.0
2026-09-09,5706.TW,鳳凰,技術面,因子轉弱,-15.0,-45.0,-30.0,6.0,-18.0,44.45,False,,44.25,-0.4499437570303776,43.85,-1.3498312710911167,43.9,-1.2373453318335303,44.15,-0.6749156355455663
2026-09-09,5706.TW,鳳凰,籌碼面,因子轉弱,30.0,0.0,-30.0,6.0,-18.0,44.45,False,,44.25,-0.4499437570303776,43.85,-1.3498312710911167,43.9,-1.2373453318335303,44.15,-0.6749156355455663
2026-09-09,6214.TW,精誠,籌碼面,因子轉弱,-5.0,-55.0,-50.0,22.0,6.0,187.5,False,,187.5,0.0,187.5,0.0,191.0,1.866666666666667,190.0,1.3333333333333335
2026-09-09,6230.TW,超眾,技術面,因子轉弱,-5.0,-30.0,-25.0,-2.0,0.0,108.5,False,,107.5,-0.9216589861751152,116.5,7.373271889400922,110.0,1.3824884792626728,111.5,2.7649769585253456
2026-09-09,6426.TW,統新,籌碼面,因子轉弱,80.0,50.0,-30.0,63.0,48.0,321.0,False,,322.0,0.3115264797507788,312.0,-2.803738317757009,330.0,2.803738317757009,391.5,21.962616822429908
2026-09-09,6426.TW,統新,量價面,因子轉弱,25.0,0.0,-25.0,63.0,48.0,321.0,False,,322.0,0.3115264797507788,312.0,-2.803738317757009,330.0,2.803738317757009,391.5,21.962616822429908
2026-09-09,6488.TWO,環球晶,技術面,因子轉弱,-10.0,-45.0,-35.0,-4.0,-18.0,955.0,True,1,917.0,-3.9790575916230364,900.0,-5.7591623036649215,937.0,-1.8848167539267016,950.0,-0.5235602094240838
2026-09-09,7769.TW,鴻勁,量價面,因子轉弱,25.0,0.0,-25.0,51.0,50.0,6720.0,True,1,6475.0,-3.6458333333333335,6305.0,-6.175595238095238,6125.0,-8.854166666666668,5975.0,-11.086309523809524
2026-09-10,0056.TW,元大高股息,籌碼面,因子轉弱,80.0,50.0,-30.0,56.0,44.0,55.7,False,,55.3,-0.7181328545781072,55.0,-1.2567324955116748,56.3,1.0771992818671352,56.65,1.7055655296229724
2026-09-10,00878.TW,國泰永續高股息,技術面,因子轉弱,60.0,20.0,-40.0,48.0,20.0,34.15,False,,34.0,-0.43923865300146,34.2,0.14641288433383387,34.73,1.698389458272323,34.88,2.137628111273804
2026-09-10,00878.TW,國泰永續高股息,籌碼面,因子轉弱,60.0,30.0,-30.0,48.0,20.0,34.15,False,,34.0,-0.43923865300146,34.2,0.14641288433383387,34.73,1.698389458272323,34.88,2.137628111273804
2026-09-10,1102.TW,亞泥,量價面,因子轉弱,25.0,0.0,-25.0,71.0,60.0,35.45,False,,35.3,-0.4231311706629215,35.2,-0.7052186177715091,35.3,-0.4231311706629215,35.7,0.7052186177715091
2026-09-10,1326.TW,台化,籌碼面,因子轉弱,80.0,50.0,-30.0,50.0,38.0,71.3,True,3,70.2,-1.5427769985974675,65.8,-7.713884992987377,68.6,-3.7868162692847167,67.0,-6.030855539971946
2026-09-10,1409.TW,新纖,技術面,因子轉弱,80.0,60.0,-20.0,64.0,-6.0,25.15,True,3,24.45,-2.7833001988071544,23.9,-4.970178926441352,24.8,-1.39165009940357,24.3,-3.379721669980111
2026-09-10,1409.TW,新纖,籌碼面,因子轉弱,80.0,-75.0,-155.0,64.0,-6.0,25.15,True,3,24.45,-2.7833001988071544,23.9,-4.970178926441352,24.8,-1.39165009940357,24.3,-3.379721669980111
2026-09-10,1514.TW,亞力,技術面,因子轉弱,55.0,-30.0,-85.0,54.0,8.0,102.0,False,,100.5,-1.4705882352941175,99.6,-2.3529411764705936,101.0,-0.9803921568627451,102.0,0.0
2026-09-10,1514.TW,亞力,籌碼面,因子轉弱,80.0,50.0,-30.0,54.0,8.0,102.0,False,,100.5,-1.4705882352941175,99.6,-2.3529411764705936,101.0,-0.9803921568627451,102.0,0.0
2026-09-10,1612.TW,宏泰,技術面,因子轉弱,65.0,-30.0,-95.0,50.0,12.0,34.8,False,,34.85,0.1436781609195525,34.5,-0.8620689655172332,34.95,0.4310344827586371,35.05,0.7183908045977012
2026-09-10,1714.TW,和桐,技術面,因子轉弱,20.0,-30.0,-50.0,-12.0,-42.0,16.5,True,1,15.35,-6.9696969696969715,15.15,-8.18181818181818,16.05,-2.727272727272723,15.75,-4.545454545454546
2026-09-10,1718.TW,中纖,技術面,因子轉弱,30.0,10.0,-20.0,36.0,16.0,10.6,False,,10.4,-1.886792452830182,10.4,-1.886792452830182,10.9,2.8301886792452895,10.5,-0.943396226415091
2026-09-10,1718.TW,中纖,籌碼面,因子轉弱,60.0,30.0,-30.0,36.0,16.0,10.6,False,,10.4,-1.886792452830182,10.4,-1.886792452830182,10.9,2.8301886792452895,10.5,-0.943396226415091
2026-09-10,1802.TW,台玻,技術面,因子轉弱,20.0,-20.0,-40.0,-4.0,24.0,59.6,True,3,58.2,-2.3489932885906017,56.0,-6.040268456375841,58.5,-1.8456375838926196,58.4,-2.013422818791951
2026-09-10,2303.TW,聯電,籌碼面,因子轉弱,80.0,50.0,-30.0,54.0,38.0,142.5,False,,140.5,-1.4035087719298245,138.5,-2.807017543859649,147.5,3.508771929824561,154.0,8.070175438596491
2026-09-10,2308.TW,台達電,技術面,因子轉弱,5.0,-15.0,-20.0,14.0,-36.0,1675.0,True,1,1620.0,-3.2835820895522385,1670.0,-0.2985074626865672,1685.0,0.5970149253731344,1910.0,14.029850746268657
2026-09-10,2308.TW,台達電,籌碼面,因子轉弱,30.0,-75.0,-105.0,14.0,-36.0,1675.0,True,1,1620.0,-3.2835820895522385,1670.0,-0.2985074626865672,1685.0,0.5970149253731344,1910.0,14.029850746268657
2026-09-10,2330.TW,台積電,技術面,因子轉弱,60.0,-5.0,-65.0,44.0,10.0,2450.0,False,,2410.0,-1.6326530612244898,2385.0,-2.6530612244897958,2425.0,-1.0204081632653061,2475.0,1.0204081632653061
2026-09-10,2337.TW,旺宏,籌碼面,因子轉弱,60.0,30.0,-30.0,22.0,4.0,122.5,True,3,119.0,-2.857142857142857,114.5,-6.530612244897959,116.5,-4.8979591836734695,117.0,-4.489795918367347
2026-09-10,2368.TW,金像電,技術面,因子轉弱,20.0,-20.0,-40.0,-22.0,-30.0,1045.0,True,3,1030.0,-1.4354066985645932,972.0,-6.9856459330143545,950.0,-9.090909090909092,1105.0,5.741626794258373
2026-09-10,2382.TW,廣達,技術面,因子轉弱,55.0,5.0,-50.0,54.0,22.0,336.0,False,,336.5,0.1488095238095238,333.0,-0.8928571428571428,344.0,2.380952380952381,338.5,0.744047619047619
2026-09-10,2382.TW,廣達,籌碼面,因子轉弱,80.0,50.0,-30.0,54.0,22.0,336.0,False,,336.5,0.1488095238095238,333.0,-0.8928571428571428,344.0,2.380952380952381,338.5,0.744047619047619
2026-09-10,2421.TW,建準,技術面,因子轉弱,5.0,-20.0,-25.0,-38.0,-48.0,165.0,True,3,164.5,-0.30303030303030304,158.0,-4.242424242424243,162.0,-1.8181818181818181,167.0,1.2121212121212122
2026-09-10,2451.TW,創見,技術面,因子轉弱,-5.0,-55.0,-50.0,-8.0,-28.0,282.5,True,3,276.5,-2.1238938053097343,273.0,-3.3628318584070795,277.0,-1.9469026548672566,284.5,0.7079646017699115
2026-09-10,2498.TW,宏達電,技術面,因子轉弱,-5.0,-30.0,-25.0,-22.0,-42.0,40.15,False,,39.95,-0.49813200498130944,39.25,-2.2415940224159367,39.85,-0.747198007471973,41.8,4.109589041095886
2026-09-10,2603.TW,長榮,技術面,因子轉弱,-5.0,-45.0,-40.0,-10.0,-24.0,231.0,False,,234.5,1.5151515151515151,233.5,1.0822510822510822,242.5,4.978354978354979,243.0,5.194805194805195
2026-09-10,2605.TW,新興,技術面,因子轉弱,55.0,20.0,-35.0,46.0,20.0,36.25,True,3,36.5,0.6896551724137931,35.05,-3.3103448275862144,37.15,2.4827586206896513,36.5,0.6896551724137931
2026-09-10,2605.TW,新興,籌碼面,因子轉弱,60.0,30.0,-30.0,46.0,20.0,36.25,True,3,36.5,0.6896551724137931,35.05,-3.3103448275862144,37.15,2.4827586206896513,36.5,0.6896551724137931
2026-09-10,2606.TW,裕民,技術面,因子轉弱,60.0,15.0,-45.0,56.0,38.0,78.4,True,3,76.5,-2.4234693877551092,74.6,-4.8469387755102185,77.0,-1.785714285714293,76.7,-2.168367346938779
2026-09-10,2607.TW,榮運,技術面,因子轉弱,70.0,20.0,-50.0,48.0,16.0,53.0,False,,53.3,0.5660377358490513,53.0,0.0,53.4,0.7547169811320728,53.7,1.3207547169811376
2026-09-10,2607.TW,榮運,籌碼面,因子轉弱,50.0,20.0,-30.0,48.0,16.0,53.0,False,,53.3,0.5660377358490513,53.0,0.0,53.4,0.7547169811320728,53.7,1.3207547169811376
2026-09-10,2609.TW,陽明,技術面,因子轉弱,30.0,-5.0,-35.0,44.0,18.0,58.0,False,,59.4,2.4137931034482736,58.8,1.3793103448275814,62.0,6.896551724137931,59.6,2.758620689655175
2026-09-10,2609.TW,陽明,籌碼面,因子轉弱,80.0,50.0,-30.0,44.0,18.0,58.0,False,,59.4,2.4137931034482736,58.8,1.3793103448275814,62.0,6.896551724137931,59.6,2.758620689655175
2026-09-10,2617.TW,台航,籌碼面,因子轉弱,60.0,30.0,-30.0,52.0,40.0,33.45,True,3,33.65,0.5979073243647106,32.4,-3.139013452914811,33.1,-1.0463378176382703,32.8,-1.943198804185368
2026-09-10,2618.TW,長榮航,技術面,因子轉弱,45.0,15.0,-30.0,50.0,-2.0,41.8,False,,42.35,1.3157894736842208,41.2,-1.4354066985645797,42.05,0.5980861244019139,42.0,0.4784688995215379
2026-09-10,2618.TW,長榮航,籌碼面,因子轉弱,80.0,-20.0,-100.0,50.0,-2.0,41.8,False,,42.35,1.3157894736842208,41.2,-1.4354066985645797,42.05,0.5980861244019139,42.0,0.4784688995215379
2026-09-10,2816.TW,旺旺保,籌碼面,因子轉弱,20.0,-20.0,-40.0,10.0,-6.0,39.05,False,,39.6,1.4084507042253631,39.1,0.12804097311140658,40.95,4.86555697823305,40.15,2.816901408450708
2026-09-10,2882.TW,國泰金,籌碼面,因子轉弱,30.0,-55.0,-85.0,14.0,-20.0,110.5,False,,110.5,0.0,110.0,-0.4524886877828055,112.0,1.3574660633484164,110.5,0.0
2026-09-10,2886.TW,兆豐金,技術面,因子轉弱,60.0,20.0,-40.0,44.0,40.0,49.9,False,,51.7,3.607214428857724,51.8,3.8076152304609194,51.9,4.008016032064128,49.6,-0.6012024048096136
2026-09-10,2887.TW,台新金,技術面,因子轉弱,70.0,45.0,-25.0,40.0,6.0,42.15,False,,42.65,1.1862396204033214,43.4,2.965599051008304,44.05,4.507710557532619,42.5,0.8303677342823285
2026-09-10,2887.TW,台新金,籌碼面,因子轉弱,30.0,-30.0,-60.0,40.0,6.0,42.15,False,,42.65,1.1862396204033214,43.4,2.965599051008304,44.05,4.507710557532619,42.5,0.8303677342823285
2026-09-10,2891.TW,中信金,籌碼面,因子轉弱,30.0,-55.0,-85.0,14.0,-20.0,67.3,False,,67.1,-0.297176820208028,69.7,3.566121842496294,71.2,5.794947994056472,68.5,1.783060921248147
2026-09-10,3023.TW,信邦,籌碼面,因子轉弱,20.0,-35.0,-55.0,10.0,-12.0,328.0,True,5,322.0,-1.8292682926829267,318.5,-2.8963414634146343,317.0,-3.353658536585366,311.0,-5.182926829268292
2026-09-10,3037.TW,欣興,籌碼面,因子轉弱,60.0,30.0,-30.0,22.0,10.0,994.0,True,3,977.0,-1.710261569416499,951.0,-4.325955734406438,940.0,-5.432595573440644,1185.0,19.21529175050302
2026-09-10,3062.TW,建漢,技術面,因子轉弱,10.0,-45.0,-55.0,-4.0,-10.0,20.25,False,,20.55,1.481481481481485,20.25,0.0,21.2,4.691358024691355,21.95,8.395061728395058
2026-09-10,3163.TWO,波若威,技術面,因子轉弱,-5.0,-30.0,-25.0,-2.0,-12.0,707.0,True,1,670.0,-5.233380480905233,635.0,-10.183875530410184,652.0,-7.779349363507778,653.0,-7.637906647807638
2026-09-10,3231.TW,緯創,籌碼面,因子轉弱,-20.0,-55.0,-35.0,-6.0,-16.0,185.0,False,,185.5,0.2702702702702703,182.5,-1.3513513513513513,186.5,0.8108108108108109,184.5,-0.2702702702702703
2026-09-10,3376.TW,新日興,量價面,因子轉弱,0.0,-20.0,-20.0,-44.0,-38.0,189.5,True,1,183.0,-3.430079155672823,173.0,-8.70712401055409,175.5,-7.387862796833773,174.0,-8.179419525065963
2026-09-10,3481.TW,群創,籌碼面,因子轉弱,60.0,30.0,-30.0,46.0,30.0,49.35,True,1,47.7,-3.343465045592702,46.8,-5.167173252279643,48.5,-1.7223910840932146,49.55,0.40526849037486473
2026-09-10,3673.TW,TPK-KY,籌碼面,因子轉弱,-20.0,-55.0,-35.0,-16.0,-26.0,62.6,False,,61.7,-1.4376996805111797,61.5,-1.7571884984025583,63.8,1.9169329073482357,65.6,4.792332268370596
2026-09-10,3711.TW,日月光投控,技術面,因子轉弱,95.0,60.0,-35.0,62.0,48.0,650.0,True,1,618.0,-4.923076923076923,592.0,-8.923076923076923,614.0,-5.538461538461538,699.0,7.538461538461538
2026-09-10,4931.TWO,新盛力,技術面,因子轉弱,10.0,-55.0,-65.0,4.0,-22.0,244.0,True,1,234.0,-4.098360655737705,225.0,-7.786885245901639,233.0,-4.508196721311475,241.5,-1.0245901639344261
2026-09-10,4960.TW,誠美材,技術面,因子轉弱,-20.0,-45.0,-25.0,8.0,-6.0,20.5,True,3,20.25,-1.2195121951219512,19.5,-4.878048780487805,22.0,7.317073170731707,22.45,9.512195121951216
2026-09-10,4966.TWO,譜瑞-KY,技術面,因子轉弱,-30.0,-55.0,-25.0,-12.0,-22.0,540.0,True,3,528.0,-2.2222222222222223,523.0,-3.148148148148148,556.0,2.9629629629629632,572.0,5.9259259259259265
2026-09-10,4967.TW,十銓,技術面,因子轉弱,55.0,5.0,-50.0,42.0,22.0,276.5,True,3,280.5,1.4466546112115732,266.0,-3.79746835443038,271.0,-1.9891500904159132,272.5,-1.4466546112115732
2026-09-10,4979.TWO,華星光,技術面,因子轉弱,30.0,-20.0,-50.0,12.0,-8.0,571.0,True,1,531.0,-7.005253940455342,509.0,-10.85814360770578,556.0,-2.626970227670753,563.0,-1.4010507880910683
2026-09-10,5439.TWO,高技,技術面,因子轉弱,20.0,-10.0,-30.0,8.0,-4.0,258.0,True,1,249.5,-3.2945736434108532,237.5,-7.945736434108527,238.5,-7.55813953488372,253.0,-1.937984496124031
2026-09-10,6116.TW,彩晶,技術面,因子轉弱,65.0,45.0,-20.0,50.0,30.0,14.7,True,1,14.1,-4.081632653061222,13.65,-7.142857142857135,13.95,-5.1020408163265305,14.9,1.3605442176870821
2026-09-10,6116.TW,彩晶,籌碼面,因子轉弱,60.0,30.0,-30.0,50.0,30.0,14.7,True,1,14.1,-4.081632653061222,13.65,-7.142857142857135,13.95,-5.1020408163265305,14.9,1.3605442176870821
2026-09-10,6191.TW,精成科,技術面,因子轉弱,-5.0,-55.0,-50.0,26.0,-2.0,82.0,False,,82.3,0.3658536585365819,81.0,-1.2195121951219512,82.2,0.2439024390243937,82.3,0.3658536585365819
2026-09-10,6230.TW,超眾,籌碼面,因子轉弱,30.0,0.0,-30.0,0.0,-2.0,107.5,False,,106.0,-1.3953488372093024,109.0,1.3953488372093024,110.5,2.7906976744186047,113.0,5.116279069767442
2026-09-10,6278.TW,台表科,籌碼面,因子轉弱,60.0,20.0,-40.0,16.0,0.0,191.5,True,3,186.5,-2.610966057441253,180.5,-5.7441253263707575,184.0,-3.91644908616188,212.0,10.704960835509137
2026-09-10,7769.TW,鴻勁,技術面,因子轉弱,45.0,-20.0,-65.0,50.0,12.0,6475.0,True,3,6310.0,-2.5482625482625485,6135.0,-5.250965250965251,6135.0,-5.250965250965251,5670.0,-12.432432432432433
2026-09-10,7769.TW,鴻勁,籌碼面,因子轉弱,80.0,50.0,-30.0,50.0,12.0,6475.0,True,3,6310.0,-2.5482625482625485,6135.0,-5.250965250965251,6135.0,-5.250965250965251,5670.0,-12.432432432432433
2026-09-10,8150.TW,南茂,籌碼面,因子轉弱,80.0,50.0,-30.0,46.0,38.0,90.9,True,1,86.7,-4.620462046204624,84.4,-7.15071507150715,86.7,-4.620462046204624,112.0,23.212321232123205
2026-09-10,8215.TW,明基材,技術面,因子轉弱,20.0,-10.0,-30.0,0.0,24.0,25.05,False,,25.05,0.0,24.5,-2.1956087824351327,27.0,7.784431137724549,27.9,11.377245508982027
2026-09-10,8299.TWO,群聯,技術面,因子轉弱,20.0,-20.0,-40.0,8.0,-8.0,2065.0,True,1,1990.0,-3.631961259079903,1920.0,-7.021791767554479,1970.0,-4.600484261501211,2125.0,2.9055690072639226
2026-09-10,9105.TW,泰金寶-DR,技術面,因子轉弱,45.0,15.0,-30.0,42.0,-26.0,8.63,False,,8.59,-0.4634994206257349,8.42,-2.4333719582850617,8.43,-2.3174971031286336,8.43,-2.3174971031286336
2026-09-10,9105.TW,泰金寶-DR,籌碼面,因子轉弱,60.0,-80.0,-140.0,42.0,-26.0,8.63,False,,8.59,-0.4634994206257349,8.42,-2.4333719582850617,8.43,-2.3174971031286336,8.43,-2.3174971031286336
2026-09-11,00403A.TW,主動統一升級50,技術面,因子轉弱,60.0,5.0,-55.0,48.0,14.0,10.17,False,,10.09,-0.7866273352999024,10.02,-1.474926253687319,10.33,1.5732546705998047,10.7,5.211406096361842
2026-09-11,00403A.TW,主動統一升級50,籌碼面,因子轉弱,60.0,30.0,-30.0,48.0,14.0,10.17,False,,10.09,-0.7866273352999024,10.02,-1.474926253687319,10.33,1.5732546705998047,10.7,5.211406096361842
2026-09-11,0056.TW,元大高股息,技術面,因子轉弱,60.0,30.0,-30.0,44.0,-20.0,55.3,False,,55.4,0.18083182640144924,55.55,0.45207956600361665,56.85,2.802893309222431,56.55,2.2603978300180834
2026-09-11,0056.TW,元大高股息,籌碼面,因子轉弱,50.0,-80.0,-130.0,44.0,-20.0,55.3,False,,55.4,0.18083182640144924,55.55,0.45207956600361665,56.85,2.802893309222431,56.55,2.2603978300180834
2026-09-11,00878.TW,國泰永續高股息,籌碼面,因子轉弱,30.0,-100.0,-130.0,20.0,-28.0,34.0,False,,34.23,0.6764705882352849,34.47,1.3823529411764672,34.83,2.44117647058823,34.83,2.44117647058823
2026-09-11,1303.TW,南亞,技術面,因子轉弱,45.0,5.0,-40.0,42.0,-20.0,234.5,True,3,234.0,-0.21321961620469082,224.0,-4.477611940298507,238.0,1.4925373134328357,247.0,5.330490405117271
2026-09-11,1303.TW,南亞,籌碼面,因子轉弱,60.0,-55.0,-115.0,42.0,-20.0,234.5,True,3,234.0,-0.21321961620469082,224.0,-4.477611940298507,238.0,1.4925373134328357,247.0,5.330490405117271
2026-09-11,1326.TW,台化,技術面,因子轉弱,45.0,5.0,-40.0,38.0,34.0,70.2,True,1,67.6,-3.703703703703716,65.8,-6.267806267806275,68.1,-2.9914529914530035,67.5,-3.84615384615385
2026-09-11,1409.TW,新纖,技術面,因子轉弱,60.0,-5.0,-65.0,-6.0,-32.0,24.45,False,,24.35,-0.40899795501021624,23.95,-2.044989775051125,24.5,0.2044989775051154,24.35,-0.40899795501021624
2026-09-11,1714.TW,和桐,量價面,因子轉弱,0.0,-20.0,-20.0,-42.0,-48.0,15.35,False,,14.95,-2.605863192182413,15.6,1.6286644951140066,15.7,2.280130293159607,15.75,2.605863192182413
2026-09-11,1718.TW,中纖,技術面,因子轉弱,10.0,-30.0,-40.0,16.0,0.0,10.4,False,,10.55,1.4423076923076956,10.5,0.9615384615384581,10.6,1.9230769230769162,10.55,1.4423076923076956
2026-09-11,1802.TW,台玻,籌碼面,因子轉弱,80.0,50.0,-30.0,24.0,12.0,58.2,False,,57.8,-0.6872852233677073,58.5,0.5154639175257684,58.8,1.0309278350515367,57.6,-1.0309278350515487
2026-09-11,1906.TW,寶隆,籌碼面,因子轉弱,30.0,0.0,-30.0,-10.0,-22.0,11.0,False,,10.9,-0.909090909090906,10.8,-1.818181818181812,10.9,-0.909090909090906,10.8,-1.818181818181812
2026-09-11,2002.TW,中鋼,技術面,因子轉弱,5.0,-20.0,-25.0,22.0,12.0,18.9,False,,18.8,-0.5291005291005179,18.65,-1.3227513227513228,18.75,-0.7936507936507862,18.8,-0.5291005291005179
2026-09-11,2303.TW,聯電,技術面,因子轉弱,45.0,5.0,-40.0,38.0,26.0,140.5,False,,142.5,1.4234875444839856,142.0,1.0676156583629894,156.0,11.032028469750891,153.5,9.252669039145907
2026-09-11,2308.TW,台達電,技術面,因子轉弱,-15.0,-45.0,-30.0,-36.0,-48.0,1620.0,False,,1620.0,0.0,1710.0,5.555555555555555,1735.0,7.098765432098765,1835.0,13.271604938271606
2026-09-11,2317.TW,鴻海,技術面,因子轉弱,15.0,-30.0,-45.0,26.0,-44.0,248.0,False,,248.5,0.20161290322580644,248.0,0.0,250.5,1.0080645161290323,250.5,1.0080645161290323
2026-09-11,2317.TW,鴻海,籌碼面,因子轉弱,50.0,-80.0,-130.0,26.0,-44.0,248.0,False,,248.5,0.20161290322580644,248.0,0.0,250.5,1.0080645161290323,250.5,1.0080645161290323
2026-09-11,2327.TW,國巨,技術面,因子轉弱,45.0,-20.0,-65.0,30.0,-38.0,544.0,False,,545.0,0.1838235294117647,536.0,-1.4705882352941175,550.0,1.1029411764705883,548.0,0.7352941176470588
2026-09-11,2327.TW,國巨,籌碼面,因子轉弱,30.0,-75.0,-105.0,30.0,-38.0,544.0,False,,545.0,0.1838235294117647,536.0,-1.4705882352941175,550.0,1.1029411764705883,548.0,0.7352941176470588
2026-09-11,2338.TW,光罩,技術面,因子轉弱,115.0,65.0,-50.0,29.0,9.0,47.75,False,,48.0,0.5235602094240838,50.7,6.178010471204194,50.0,4.712041884816754,47.1,-1.3612565445026148
2026-09-11,2344.TW,華邦電,技術面,因子轉弱,30.0,-30.0,-60.0,24.0,0.0,171.5,True,1,160.0,-6.705539358600583,169.0,-1.4577259475218658,179.5,4.664723032069971,174.0,1.4577259475218658
2026-09-11,2353.TW,宏碁,技術面,因子轉弱,-5.0,-30.0,-25.0,-24.0,-24.0,31.1,False,,31.4,0.9646302250803768,32.0,2.893890675241153,31.95,2.7331189710610864,31.4,0.9646302250803768
2026-09-11,2362.TW,藍天,技術面,因子轉弱,-5.0,-80.0,-75.0,10.0,-44.0,47.15,False,,46.65,-1.0604453870625663,47.0,-0.3181336161187669,48.35,2.545068928950165,46.7,-0.9544008483563007
2026-09-11,2362.TW,藍天,籌碼面,因子轉弱,30.0,-30.0,-60.0,10.0,-44.0,47.15,False,,46.65,-1.0604453870625663,47.0,-0.3181336161187669,48.35,2.545068928950165,46.7,-0.9544008483563007
2026-09-11,2376.TW,技嘉,技術面,因子轉弱,-5.0,-30.0,-25.0,-24.0,-34.0,349.0,False,,344.0,-1.4326647564469914,350.0,0.28653295128939826,356.0,2.005730659025788,362.0,3.7249283667621778
2026-09-11,2382.TW,廣達,技術面,因子轉弱,5.0,-20.0,-25.0,22.0,-20.0,336.5,False,,332.5,-1.188707280832095,340.5,1.188707280832095,343.0,1.9316493313521546,336.5,0.0
2026-09-11,2382.TW,廣達,籌碼面,因子轉弱,50.0,-30.0,-80.0,22.0,-20.0,336.5,False,,332.5,-1.188707280832095,340.5,1.188707280832095,343.0,1.9316493313521546,336.5,0.0
2026-09-11,2408.TW,南亞科,技術面,因子轉弱,5.0,-30.0,-35.0,14.0,0.0,493.0,True,1,473.0,-4.056795131845842,492.5,-0.10141987829614604,525.0,6.490872210953347,506.0,2.636916835699797
2026-09-11,2409.TW,友達,籌碼面,因子轉弱,60.0,30.0,-30.0,46.0,30.0,30.2,True,1,28.7,-4.966887417218543,29.4,-2.6490066225165587,30.35,0.49668874172186134,35.05,16.059602649006617
2026-09-11,2449.TW,京元電子,技術面,因子轉弱,45.0,15.0,-30.0,10.0,14.0,263.0,False,,261.5,-0.5703422053231939,261.5,-0.5703422053231939,291.5,10.836501901140684,294.5,11.977186311787072
2026-09-11,2454.TW,聯發科,技術面,因子轉弱,45.0,5.0,-40.0,50.0,22.0,4585.0,False,,4560.0,-0.5452562704471101,4530.0,-1.1995637949836424,4710.0,2.7262813522355507,4910.0,7.088331515812432
2026-09-11,2454.TW,聯發科,籌碼面,因子轉弱,80.0,50.0,-30.0,50.0,22.0,4585.0,False,,4560.0,-0.5452562704471101,4530.0,-1.1995637949836424,4710.0,2.7262813522355507,4910.0,7.088331515812432
2026-09-11,2455.TW,全新,技術面,因子轉弱,45.0,-20.0,-65.0,42.0,16.0,515.0,False,,535.0,3.8834951456310676,515.0,0.0,556.0,7.961165048543689,543.0,5.436893203883495
2026-09-11,2498.TW,宏達電,技術面,因子轉弱,-30.0,-55.0,-25.0,-42.0,-28.0,39.95,False,,39.9,-0.12515644555695685,40.2,0.6257822277847309,39.55,-1.0012515644555835,43.0,7.63454317897371
2026-09-11,2606.TW,裕民,籌碼面,因子轉弱,80.0,50.0,-30.0,38.0,26.0,76.5,True,10,76.2,-0.3921568627450943,76.0,-0.6535947712418301,77.4,1.1764705882353015,73.4,-4.052287581699339
2026-09-11,2612.TW,中航,技術面,因子轉弱,55.0,15.0,-40.0,46.0,30.0,64.2,True,10,63.9,-0.4672897196261749,62.3,-2.9595015576324073,62.8,-2.180685358255461,60.8,-5.295950155763249
2026-09-11,2748.TW,雲品,技術面,因子轉弱,50.0,-5.0,-55.0,28.0,6.0,38.8,False,,38.8,0.0,38.65,-0.38659793814432625,38.9,0.2577319587628903,38.7,-0.25773195876287197
2026-09-11,2881.TW,富邦金,籌碼面,因子轉弱,30.0,-100.0,-130.0,14.0,-38.0,148.5,False,,154.0,3.7037037037037033,153.0,3.0303030303030303,150.5,1.3468013468013467,151.5,2.0202020202020203
2026-09-11,3013.TW,晟銘電,技術面,因子轉弱,30.0,-15.0,-45.0,-4.0,-20.0,84.7,False,,82.8,-2.243211334120432,82.8,-2.243211334120432,82.8,-2.243211334120432,84.0,-0.8264462809917389
2026-09-11,3017.TW,奇鋐,技術面,因子轉弱,45.0,-20.0,-65.0,46.0,-28.0,3370.0,True,3,3310.0,-1.7804154302670623,3175.0,-5.786350148367952,3430.0,1.7804154302670623,3400.0,0.8902077151335311
2026-09-11,3017.TW,奇鋐,籌碼面,因子轉弱,70.0,-50.0,-120.0,46.0,-28.0,3370.0,True,3,3310.0,-1.7804154302670623,3175.0,-5.786350148367952,3430.0,1.7804154302670623,3400.0,0.8902077151335311
2026-09-11,3029.TW,零壹,籌碼面,因子轉弱,60.0,-90.0,-150.0,42.0,1.0,116.5,False,,116.5,0.0,119.5,2.575107296137339,125.0,7.296137339055794,117.5,0.8583690987124464
2026-09-11,3035.TW,智原,技術面,因子轉弱,30.0,-20.0,-50.0,40.0,-30.0,169.5,False,,172.5,1.7699115044247788,173.5,2.359882005899705,190.5,12.389380530973451,210.0,23.893805309734514
2026-09-11,3035.TW,智原,籌碼面,因子轉弱,70.0,-55.0,-125.0,40.0,-30.0,169.5,False,,172.5,1.7699115044247788,173.5,2.359882005899705,190.5,12.389380530973451,210.0,23.893805309734514
2026-09-11,3105.TWO,穩懋,技術面,因子轉弱,20.0,-20.0,-40.0,8.0,-8.0,437.5,False,,444.0,1.4857142857142858,472.5,8.0,500.0,14.285714285714285,493.0,12.685714285714287
2026-09-11,3163.TWO,波若威,技術面,因子轉弱,-30.0,-55.0,-25.0,-12.0,-22.0,670.0,True,10,656.0,-2.0895522388059704,663.0,-1.0447761194029852,665.0,-0.7462686567164178,646.0,-3.582089552238806
2026-09-11,3260.TWO,威剛,技術面,因子轉弱,5.0,-20.0,-25.0,2.0,-8.0,402.5,True,10,398.0,-1.1180124223602486,399.5,-0.7453416149068323,396.5,-1.4906832298136645,377.0,-6.3354037267080745
2026-09-11,3324.TWO,雙鴻,技術面,因子轉弱,45.0,5.0,-40.0,18.0,2.0,1360.0,True,1,1305.0,-4.044117647058823,1360.0,0.0,1480.0,8.823529411764707,1630.0,19.852941176470587
2026-09-11,3376.TW,新日興,技術面,因子轉弱,-10.0,-55.0,-45.0,-38.0,-44.0,183.0,True,3,181.0,-1.092896174863388,176.5,-3.551912568306011,179.0,-2.185792349726776,171.5,-6.284153005464481
2026-09-11,3443.TW,創意,籌碼面,因子轉弱,70.0,0.0,-70.0,50.0,18.0,6120.0,False,,6400.0,4.57516339869281,6170.0,0.8169934640522877,7150.0,16.830065359477125,7925.0,29.49346405228758
2026-09-11,3481.TW,群創,技術面,因子轉弱,45.0,5.0,-40.0,30.0,14.0,47.7,False,,47.65,-0.10482180293501941,48.7,2.0964360587002093,48.25,1.1530398322851092,49.75,4.297693920335424
2026-09-11,3545.TW,敦泰,技術面,因子轉弱,5.0,-20.0,-25.0,6.0,0.0,48.55,False,,49.05,1.0298661174047374,49.85,2.6776519052523264,51.6,6.282183316168907,51.9,6.900102986611743
2026-09-11,3711.TW,日月光投控,技術面,因子轉弱,60.0,15.0,-45.0,48.0,18.0,618.0,False,,612.0,-0.9708737864077669,605.0,-2.103559870550162,638.0,3.2362459546925564,687.0,11.165048543689322
2026-09-11,3711.TW,日月光投控,籌碼面,因子轉弱,60.0,30.0,-30.0,48.0,18.0,618.0,False,,612.0,-0.9708737864077669,605.0,-2.103559870550162,638.0,3.2362459546925564,687.0,11.165048543689322
2026-09-11,4908.TWO,前鼎,量價面,因子轉弱,25.0,0.0,-25.0,31.0,22.0,237.5,True,1,225.5,-5.052631578947368,240.5,1.263157894736842,243.5,2.526315789473684,205.5,-13.473684210526315
2026-09-11,4938.TW,和碩,技術面,因子轉弱,-5.0,-30.0,-25.0,10.0,-34.0,91.0,False,,90.2,-0.879120879120876,89.0,-2.197802197802198,90.3,-0.7692307692307724,90.8,-0.2197802197802229
2026-09-11,4938.TW,和碩,籌碼面,因子轉弱,30.0,-55.0,-85.0,10.0,-34.0,91.0,False,,90.2,-0.879120879120876,89.0,-2.197802197802198,90.3,-0.7692307692307724,90.8,-0.2197802197802229
2026-09-11,6116.TW,彩晶,技術面,因子轉弱,45.0,5.0,-40.0,30.0,-20.0,14.1,False,,13.85,-1.773049645390071,14.15,0.35460992907801925,14.0,-0.7092198581560258,14.9,5.6737588652482325
2026-09-11,6116.TW,彩晶,籌碼面,因子轉弱,30.0,-55.0,-85.0,30.0,-20.0,14.1,False,,13.85,-1.773049645390071,14.15,0.35460992907801925,14.0,-0.7092198581560258,14.9,5.6737588652482325
2026-09-11,6213.TW,聯茂,技術面,因子轉弱,20.0,-10.0,-30.0,-14.0,-10.0,509.0,False,,515.0,1.1787819253438114,550.0,8.055009823182711,505.0,-0.7858546168958742,620.0,21.807465618860512
2026-09-11,6230.TW,超眾,技術面,因子轉弱,-5.0,-30.0,-25.0,-2.0,-12.0,106.0,False,,116.5,9.90566037735849,110.0,3.7735849056603774,113.0,6.60377358490566,111.5,5.188679245283019
2026-09-11,6239.TW,力成,籌碼面,因子轉弱,60.0,-75.0,-135.0,36.0,-24.0,273.0,False,,271.5,-0.5494505494505495,274.5,0.5494505494505495,284.0,4.029304029304029,281.0,2.93040293040293
2026-09-11,6269.TW,台郡,技術面,因子轉弱,15.0,-20.0,-35.0,-24.0,-28.0,66.1,True,5,64.7,-2.1180030257185956,65.0,-1.6641452344931837,64.1,-3.0257186081694405,64.9,-1.8154311649016472
2026-09-11,6275.TWO,元山,技術面,因子轉弱,5.0,-30.0,-35.0,2.0,-12.0,45.15,False,,45.3,0.3322259136212593,44.85,-0.6644518272425186,45.1,-0.1107419712070812,46.55,3.1007751937984462
2026-09-11,6285.TW,啟碁,技術面,因子轉弱,-20.0,-55.0,-35.0,-38.0,-52.0,222.5,False,,222.0,-0.22471910112359553,219.0,-1.5730337078651686,227.5,2.247191011235955,232.5,4.49438202247191
2026-09-11,6426.TW,統新,技術面,因子轉弱,60.0,5.0,-55.0,44.0,14.0,302.0,False,,312.0,3.3112582781456954,330.0,9.271523178807946,373.5,23.67549668874172,354.0,17.218543046357617
2026-09-11,6488.TWO,環球晶,技術面,因子轉弱,-20.0,-55.0,-35.0,-8.0,-22.0,902.0,False,,900.0,-0.22172949002217296,937.0,3.8802660753880267,944.0,4.656319290465632,945.0,4.767184035476718
2026-09-11,6770.TW,力積電,技術面,因子轉弱,70.0,5.0,-65.0,60.0,22.0,70.7,False,,70.7,0.0,69.9,-1.1315417256011273,74.0,4.667609618104664,72.3,2.2630834512022546
2026-09-11,6770.TW,力積電,籌碼面,因子轉弱,80.0,50.0,-30.0,60.0,22.0,70.7,False,,70.7,0.0,69.9,-1.1315417256011273,74.0,4.667609618104664,72.3,2.2630834512022546
2026-09-11,8150.TW,南茂,技術面,因子轉弱,45.0,-20.0,-65.0,38.0,-40.0,86.7,False,,86.6,-0.11534025374856807,87.1,0.4613610149942231,94.0,8.41983852364475,104.5,20.530565167243363
2026-09-11,8150.TW,南茂,籌碼面,因子轉弱,50.0,-80.0,-130.0,38.0,-40.0,86.7,False,,86.6,-0.11534025374856807,87.1,0.4613610149942231,94.0,8.41983852364475,104.5,20.530565167243363
2026-09-11,8299.TWO,群聯,技術面,因子轉弱,-20.0,-40.0,-20.0,-8.0,-16.0,1990.0,False,,1935.0,-2.763819095477387,1985.0,-0.25125628140703515,2140.0,7.537688442211055,2115.0,6.281407035175879
2026-09-11,8358.TWO,金居,量價面,因子轉弱,0.0,-20.0,-20.0,8.0,6.0,485.0,False,,518.0,6.804123711340206,510.0,5.154639175257731,499.5,2.9896907216494846,498.0,2.6804123711340204
2026-09-11,9105.TW,泰金寶-DR,技術面,因子轉弱,15.0,-5.0,-20.0,-26.0,22.0,8.59,False,,8.38,-2.444703143189745,8.44,-1.7462165308498294,8.37,-2.5611175785797515,8.66,0.8149010477299219
2026-09-14,00403A.TW,主動統一升級50,技術面,因子轉弱,5.0,-20.0,-25.0,14.0,4.0,10.09,False,,9.95,-1.3875123885034746,10.01,-0.7928642220019828,10.49,3.964321110009914,10.79,6.937561942517337
2026-09-14,1102.TW,亞泥,技術面,因子轉弱,60.0,20.0,-40.0,56.0,40.0,35.0,False,,35.2,0.5714285714285796,35.3,0.857142857142849,35.25,0.7142857142857143,35.8,2.2857142857142776
2026-09-14,1326.TW,台化,籌碼面,因子轉弱,80.0,-100.0,-180.0,34.0,-44.0,67.6,False,,65.8,-2.66272189349112,68.6,1.4792899408284024,67.8,0.2958579881656847,69.7,3.1065088757396575
2026-09-14,1612.TW,宏泰,技術面,因子轉弱,-5.0,-30.0,-25.0,22.0,0.0,34.7,False,,34.5,-0.5763688760806998,34.95,0.7204610951008645,35.0,0.8645533141210292,35.7,2.881844380403458
2026-09-14,1612.TW,宏泰,籌碼面,因子轉弱,60.0,30.0,-30.0,22.0,0.0,34.7,False,,34.5,-0.5763688760806998,34.95,0.7204610951008645,35.0,0.8645533141210292,35.7,2.881844380403458
2026-09-14,1906.TW,寶隆,籌碼面,因子轉弱,0.0,-50.0,-50.0,-22.0,-42.0,10.9,False,,10.75,-1.376146788990829,10.85,-0.45871559633028175,10.85,-0.45871559633028175,10.9,0.0
2026-09-14,2002.TW,中鋼,技術面,因子轉弱,-20.0,-55.0,-35.0,12.0,-44.0,18.8,False,,18.65,-0.7978723404255433,18.7,-0.5319148936170288,18.65,-0.7978723404255433,19.2,2.1276595744680775
2026-09-14,2002.TW,中鋼,籌碼面,因子轉弱,50.0,-55.0,-105.0,12.0,-44.0,18.8,False,,18.65,-0.7978723404255433,18.7,-0.5319148936170288,18.65,-0.7978723404255433,19.2,2.1276595744680775
2026-09-14,2303.TW,聯電,籌碼面,因子轉弱,60.0,-30.0,-90.0,26.0,6.0,142.5,False,,138.5,-2.807017543859649,147.5,3.508771929824561,157.0,10.175438596491228,154.5,8.421052631578947
2026-09-14,2313.TW,華通,技術面,因子轉弱,-20.0,-45.0,-25.0,-38.0,-24.0,221.0,False,,218.5,-1.1312217194570136,218.5,-1.1312217194570136,222.0,0.4524886877828055,226.5,2.48868778280543
2026-09-14,2330.TW,台積電,籌碼面,因子轉弱,50.0,-55.0,-105.0,18.0,-24.0,2380.0,False,,2385.0,0.21008403361344538,2425.0,1.8907563025210083,2480.0,4.201680672268908,2480.0,4.201680672268908
2026-09-14,2337.TW,旺宏,技術面,因子轉弱,-5.0,-55.0,-50.0,10.0,-52.0,116.0,False,,114.5,-1.293103448275862,116.5,0.43103448275862066,120.0,3.4482758620689653,122.5,5.603448275862069
2026-09-14,2337.TW,旺宏,籌碼面,因子轉弱,30.0,-75.0,-105.0,10.0,-52.0,116.0,False,,114.5,-1.293103448275862,116.5,0.43103448275862066,120.0,3.4482758620689653,122.5,5.603448275862069
2026-09-14,2338.TW,光罩,量價面,因子轉弱,25.0,0.0,-25.0,9.0,2.0,48.0,True,1,46.1,-3.9583333333333304,48.8,1.6666666666666607,49.05,2.187499999999994,47.3,-1.4583333333333393
2026-09-14,2344.TW,華邦電,技術面,因子轉弱,-30.0,-55.0,-25.0,0.0,-52.0,160.0,False,,159.5,-0.3125,170.0,6.25,174.0,8.75,179.5,12.1875
2026-09-14,2344.TW,華邦電,籌碼面,因子轉弱,30.0,-75.0,-105.0,0.0,-52.0,160.0,False,,159.5,-0.3125,170.0,6.25,174.0,8.75,179.5,12.1875
2026-09-14,2368.TW,金像電,技術面,因子轉弱,-20.0,-45.0,-25.0,-28.0,-30.0,1020.0,True,1,972.0,-4.705882352941177,950.0,-6.862745098039216,1045.0,2.450980392156863,1120.0,9.803921568627452
2026-09-14,2409.TW,友達,技術面,因子轉弱,45.0,5.0,-40.0,30.0,-38.0,28.7,False,,27.9,-2.7874564459930338,30.0,4.529616724738679,33.35,16.202090592334503,38.55,34.32055749128919
2026-09-14,2409.TW,友達,籌碼面,因子轉弱,30.0,-100.0,-130.0,30.0,-38.0,28.7,False,,27.9,-2.7874564459930338,30.0,4.529616724738679,33.35,16.202090592334503,38.55,34.32055749128919
2026-09-14,2449.TW,京元電子,技術面,因子轉弱,15.0,-20.0,-35.0,14.0,-22.0,261.5,False,,257.0,-1.7208413001912046,265.0,1.338432122370937,301.5,15.296367112810708,294.5,12.619502868068832
2026-09-14,2449.TW,京元電子,籌碼面,因子轉弱,20.0,-35.0,-55.0,14.0,-22.0,261.5,False,,257.0,-1.7208413001912046,265.0,1.338432122370937,301.5,15.296367112810708,294.5,12.619502868068832
2026-09-14,2451.TW,創見,籌碼面,因子轉弱,40.0,-65.0,-105.0,-6.0,-48.0,274.0,False,,273.0,-0.36496350364963503,277.0,1.094890510948905,286.0,4.37956204379562,289.0,5.474452554744526
2026-09-14,2540.TW,愛山林,技術面,因子轉弱,60.0,5.0,-55.0,48.0,14.0,48.05,False,,47.5,-1.1446409989594115,49.75,3.537981269510932,49.1,2.1852237252861695,48.45,0.8324661810614062
2026-09-14,2540.TW,愛山林,籌碼面,因子轉弱,60.0,30.0,-30.0,48.0,14.0,48.05,False,,47.5,-1.1446409989594115,49.75,3.537981269510932,49.1,2.1852237252861695,48.45,0.8324661810614062
2026-09-14,2605.TW,新興,籌碼面,因子轉弱,60.0,30.0,-30.0,30.0,14.0,36.15,True,1,35.05,-3.042876901798068,37.15,2.766251728907331,37.3,3.1811894882434264,35.55,-1.6597510373444024
2026-09-14,2607.TW,榮運,技術面,因子轉弱,35.0,-5.0,-40.0,34.0,18.0,53.0,False,,53.0,0.0,53.4,0.7547169811320728,53.6,1.1320754716981158,53.8,1.5094339622641455
2026-09-14,2609.TW,陽明,技術面,因子轉弱,40.0,20.0,-20.0,48.0,28.0,59.3,False,,58.8,-0.8431703204047217,62.0,4.553119730185502,61.1,3.035413153457006,59.4,0.16863406408094675
2026-09-14,2609.TW,陽明,籌碼面,因子轉弱,80.0,50.0,-30.0,48.0,28.0,59.3,False,,58.8,-0.8431703204047217,62.0,4.553119730185502,61.1,3.035413153457006,59.4,0.16863406408094675
2026-09-14,2610.TW,華航,技術面,因子轉弱,5.0,-30.0,-35.0,34.0,8.0,20.2,False,,19.9,-1.4851485148514887,20.35,0.7425742574257531,20.25,0.24752475247525105,20.45,1.2376237623762376
2026-09-14,2610.TW,華航,籌碼面,因子轉弱,80.0,50.0,-30.0,34.0,8.0,20.2,False,,19.9,-1.4851485148514887,20.35,0.7425742574257531,20.25,0.24752475247525105,20.45,1.2376237623762376
2026-09-14,2612.TW,中航,籌碼面,因子轉弱,60.0,30.0,-30.0,30.0,14.0,63.9,True,1,61.5,-3.7558685446009368,63.4,-0.7824726134585289,63.3,-0.938967136150237,61.8,-3.2863849765258237
2026-09-14,2617.TW,台航,技術面,因子轉弱,60.0,5.0,-55.0,48.0,14.0,33.05,True,10,32.4,-1.966717095310132,33.1,0.15128593040848493,33.3,0.7564296520423601,31.45,-4.841149773071098
2026-09-14,2617.TW,台航,籌碼面,因子轉弱,60.0,30.0,-30.0,48.0,14.0,33.05,True,10,32.4,-1.966717095310132,33.1,0.15128593040848493,33.3,0.7564296520423601,31.45,-4.841149773071098
2026-09-14,2618.TW,長榮航,技術面,因子轉弱,30.0,-30.0,-60.0,44.0,12.0,42.05,False,,41.2,-2.021403091557656,42.05,0.0,41.95,-0.23781212841853583,42.85,1.902497027348405
2026-09-14,2636.TW,台驊投控,技術面,因子轉弱,25.0,-30.0,-55.0,34.0,0.0,69.7,False,,69.2,-0.7173601147776184,70.9,1.721664275466288,70.5,1.1477761836441853,71.7,2.8694404591104736
2026-09-14,2636.TW,台驊投控,籌碼面,因子轉弱,60.0,30.0,-30.0,34.0,0.0,69.7,False,,69.2,-0.7173601147776184,70.9,1.721664275466288,70.5,1.1477761836441853,71.7,2.8694404591104736
2026-09-14,2812.TW,台中銀,技術面,因子轉弱,70.0,50.0,-20.0,52.0,44.0,19.45,True,10,19.35,-0.5141388174807088,19.5,0.25706940874036355,19.2,-1.2853470437017995,18.85,-3.084832904884308
2026-09-14,2820.TW,華票,量價面,因子轉弱,25.0,0.0,-25.0,59.0,48.0,17.4,True,10,17.35,-0.2873563218390641,17.45,0.28735632183908455,17.5,0.5747126436781691,16.85,-3.1609195402298687
2026-09-14,2884.TW,玉山金,籌碼面,因子轉弱,60.0,30.0,-30.0,52.0,36.0,46.35,True,10,45.65,-1.5102481121898659,47.3,2.0496224379719434,46.2,-0.3236245954692526,44.85,-3.2362459546925564
2026-09-14,2886.TW,兆豐金,量價面,因子轉弱,25.0,0.0,-25.0,67.0,60.0,52.5,True,10,51.8,-1.3333333333333388,51.9,-1.1428571428571457,51.1,-2.666666666666664,49.15,-6.380952380952383
2026-09-14,3023.TW,信邦,技術面,因子轉弱,5.0,-20.0,-25.0,-6.0,0.0,320.5,True,10,318.5,-0.62402496099844,317.0,-1.0920436817472698,320.5,0.0,307.0,-4.212168486739469
2026-09-14,3029.TW,零壹,量價面,因子轉弱,25.0,-20.0,-45.0,1.0,-8.0,116.5,False,,118.5,1.7167381974248928,116.0,-0.4291845493562232,121.0,3.862660944206009,120.0,3.004291845493562
2026-09-14,3037.TW,欣興,技術面,因子轉弱,20.0,-20.0,-40.0,40.0,24.0,970.0,True,3,951.0,-1.958762886597938,940.0,-3.0927835051546393,1020.0,5.154639175257731,1175.0,21.1340206185567
2026-09-14,3062.TW,建漢,技術面,因子轉弱,-5.0,-55.0,-50.0,22.0,-10.0,20.4,False,,20.25,-0.7352941176470519,21.2,3.921568627450984,23.15,13.480392156862747,22.9,12.254901960784315
2026-09-14,3062.TW,建漢,籌碼面,因子轉弱,60.0,30.0,-30.0,22.0,-10.0,20.4,False,,20.25,-0.7352941176470519,21.2,3.921568627450984,23.15,13.480392156862747,22.9,12.254901960784315
2026-09-14,3081.TWO,聯亞,技術面,因子轉弱,-20.0,-55.0,-35.0,-8.0,-22.0,2745.0,False,,2675.0,-2.5500910746812386,2720.0,-0.9107468123861567,2875.0,4.735883424408015,2695.0,-1.8214936247723135
2026-09-14,3189.TW,景碩,技術面,因子轉弱,-5.0,-55.0,-50.0,22.0,-10.0,798.0,False,,795.0,-0.37593984962406013,805.0,0.8771929824561403,827.0,3.634085213032581,970.0,21.553884711779446
2026-09-14,3189.TW,景碩,籌碼面,因子轉弱,60.0,30.0,-30.0,22.0,-10.0,798.0,False,,795.0,-0.37593984962406013,805.0,0.8771929824561403,827.0,3.634085213032581,970.0,21.553884711779446
2026-09-14,3231.TW,緯創,技術面,因子轉弱,5.0,-30.0,-35.0,-10.0,-34.0,181.0,False,,182.5,0.8287292817679558,186.5,3.0386740331491713,186.5,3.0386740331491713,184.5,1.9337016574585635
2026-09-14,3260.TWO,威剛,技術面,因子轉弱,-20.0,-45.0,-25.0,-8.0,-18.0,398.0,True,10,388.5,-2.386934673366834,395.0,-0.7537688442211055,389.0,-2.261306532663317,377.5,-5.150753768844221
2026-09-14,3324.TWO,雙鴻,技術面,因子轉弱,5.0,-20.0,-25.0,2.0,-8.0,1305.0,True,1,1260.0,-3.4482758620689653,1385.0,6.130268199233716,1520.0,16.47509578544061,1530.0,17.24137931034483
2026-09-14,3481.TW,群創,技術面,因子轉弱,5.0,-20.0,-25.0,14.0,-38.0,47.65,False,,46.8,-1.783840503672616,48.5,1.783840503672616,50.4,5.771248688352571,54.7,14.795383001049329
2026-09-14,3481.TW,群創,籌碼面,因子轉弱,30.0,-75.0,-105.0,14.0,-38.0,47.65,False,,46.8,-1.783840503672616,48.5,1.783840503672616,50.4,5.771248688352571,54.7,14.795383001049329
2026-09-14,4908.TWO,前鼎,技術面,因子轉弱,55.0,5.0,-50.0,22.0,2.0,225.5,True,10,224.0,-0.6651884700665188,238.0,5.543237250554324,232.0,2.882483370288248,207.0,-8.2039911308204
2026-09-14,4958.TW,臻鼎-KY,籌碼面,因子轉弱,50.0,-55.0,-105.0,22.0,-20.0,489.5,True,5,477.5,-2.4514811031664965,476.0,-2.7579162410623086,470.0,-3.983656792645557,507.0,3.575076608784474
2026-09-14,4960.TW,誠美材,籌碼面,因子轉弱,50.0,20.0,-30.0,-2.0,-14.0,19.95,False,,19.5,-2.2556390977443574,22.0,10.275689223057647,23.45,17.54385964912281,24.4,22.305764411027564
2026-09-14,4967.TW,十銓,技術面,因子轉弱,45.0,5.0,-40.0,42.0,14.0,273.5,False,,266.0,-2.742230347349177,271.0,-0.9140767824497258,276.5,1.0968921389396709,275.0,0.5484460694698354
2026-09-14,4967.TW,十銓,籌碼面,因子轉弱,60.0,30.0,-30.0,42.0,14.0,273.5,False,,266.0,-2.742230347349177,271.0,-0.9140767824497258,276.5,1.0968921389396709,275.0,0.5484460694698354
2026-09-14,5469.TW,瀚宇博,籌碼面,因子轉弱,40.0,-25.0,-65.0,14.0,-12.0,72.3,False,,71.5,-1.1065006915629283,73.0,0.9681881051175697,73.5,1.6597510373444024,74.0,2.351313969571235
2026-09-14,6213.TW,聯茂,技術面,因子轉弱,-10.0,-45.0,-35.0,-10.0,2.0,515.0,True,3,519.0,0.7766990291262136,495.0,-3.8834951456310676,542.0,5.242718446601942,623.0,20.97087378640777
2026-09-14,6214.TW,精誠,籌碼面,因子轉弱,60.0,20.0,-40.0,52.0,36.0,187.5,False,,190.0,1.3333333333333335,193.0,2.933333333333333,191.5,2.1333333333333333,188.0,0.26666666666666666
2026-09-14,6239.TW,力成,技術面,因子轉弱,15.0,-20.0,-35.0,-24.0,-28.0,271.5,False,,268.0,-1.289134438305709,274.5,1.1049723756906076,292.5,7.734806629834254,289.5,6.629834254143646
2026-09-14,6278.TW,台表科,技術面,因子轉弱,-20.0,-45.0,-25.0,16.0,14.0,185.5,False,,180.5,-2.6954177897574128,184.0,-0.8086253369272237,194.5,4.8517520215633425,218.0,17.52021563342318
2026-09-14,6770.TW,力積電,籌碼面,因子轉弱,50.0,-75.0,-125.0,22.0,-28.0,70.7,True,1,66.9,-5.37482319660537,71.2,0.7072135785007072,72.7,2.828854314002829,75.3,6.506364922206497
2026-09-14,8039.TW,台虹,技術面,因子轉弱,-20.0,-45.0,-25.0,-38.0,-38.0,274.0,True,3,270.0,-1.4598540145985401,257.0,-6.204379562043796,265.0,-3.2846715328467155,300.5,9.67153284671533
2026-09-14,8046.TW,南電,技術面,因子轉弱,-5.0,-55.0,-50.0,22.0,2.0,1055.0,False,,1085.0,2.843601895734597,1065.0,0.9478672985781991,1060.0,0.47393364928909953,1340.0,27.014218009478675
2026-09-14,9105.TW,泰金寶-DR,籌碼面,因子轉弱,60.0,-55.0,-115.0,22.0,-24.0,8.38,False,,8.42,0.47732696897373683,8.43,0.596658711217171,8.38,0.0,8.53,1.7899761336515343
2026-09-15,1514.TW,亞力,技術面,因子轉弱,-20.0,-55.0,-35.0,12.0,-6.0,99.6,False,,99.8,0.20080321285140845,101.5,1.9076305220883591,102.0,2.409638554216873,,
2026-09-15,1717.TW,長興,技術面,因子轉弱,-20.0,-55.0,-35.0,-38.0,-44.0,68.1,False,,70.7,3.817914831130703,71.4,4.8458149779735855,71.0,4.258443465491933,,
2026-09-15,1718.TW,中纖,技術面,因子轉弱,-30.0,-55.0,-25.0,0.0,-10.0,10.4,False,,10.5,0.9615384615384581,10.6,1.9230769230769162,10.7,2.8846153846153744,,
2026-09-15,1802.TW,台玻,技術面,因子轉弱,-20.0,-55.0,-35.0,12.0,-32.0,56.0,False,,58.5,4.464285714285714,58.8,4.999999999999995,58.8,4.999999999999995,,
2026-09-15,1802.TW,台玻,籌碼面,因子轉弱,50.0,-25.0,-75.0,12.0,-32.0,56.0,False,,58.5,4.464285714285714,58.8,4.999999999999995,58.8,4.999999999999995,,
2026-09-15,2303.TW,聯電,技術面,因子轉弱,45.0,5.0,-40.0,6.0,14.0,138.5,False,,142.0,2.527075812274368,156.0,12.63537906137184,160.0,15.523465703971121,,
2026-09-15,2313.TW,華通,籌碼面,因子轉弱,-15.0,-55.0,-40.0,-24.0,-30.0,218.5,False,,225.0,2.9748283752860414,228.5,4.576659038901601,222.0,1.6018306636155606,,
2026-09-15,2327.TW,國巨,技術面,因子轉弱,-20.0,-70.0,-50.0,-20.0,-50.0,537.0,False,,536.0,-0.186219739292365,550.0,2.4208566108007448,571.0,6.33147113594041,,
2026-09-15,2330.TW,台積電,技術面,因子轉弱,-5.0,-30.0,-25.0,-24.0,-42.0,2385.0,False,,2380.0,-0.20964360587002098,2460.0,3.1446540880503147,2460.0,3.1446540880503147,,
2026-09-15,2351.TW,順德,技術面,因子轉弱,85.0,55.0,-30.0,71.0,46.0,251.5,True,1,236.0,-6.163021868787276,241.5,-3.9761431411530817,238.5,-5.168986083499006,,
2026-09-15,2351.TW,順德,量價面,因子轉弱,25.0,0.0,-25.0,71.0,46.0,251.5,True,1,236.0,-6.163021868787276,241.5,-3.9761431411530817,238.5,-5.168986083499006,,
2026-09-15,2353.TW,宏碁,技術面,因子轉弱,10.0,-30.0,-40.0,-8.0,8.0,30.9,False,,32.0,3.559870550161817,31.95,3.398058252427187,31.4,1.6181229773462786,,
2026-09-15,2356.TW,英業達,籌碼面,因子轉弱,-30.0,-75.0,-45.0,-34.0,-52.0,60.5,False,,61.7,1.98347107438017,61.7,1.98347107438017,61.2,1.1570247933884343,,
2026-09-15,2408.TW,南亞科,籌碼面,因子轉弱,20.0,-75.0,-95.0,-10.0,-52.0,465.5,False,,492.5,5.800214822771213,525.0,12.781954887218044,497.0,6.7669172932330826,,
2026-09-15,2421.TW,建準,籌碼面,因子轉弱,10.0,-5.0,-15.0,-4.0,-10.0,158.0,False,,160.5,1.5822784810126582,167.0,5.69620253164557,167.0,5.69620253164557,,
2026-09-15,2449.TW,京元電子,籌碼面,因子轉弱,-35.0,-75.0,-40.0,-22.0,-38.0,257.0,False,,261.5,1.7509727626459144,291.5,13.424124513618677,317.0,23.346303501945524,,
2026-09-15,2454.TW,聯發科,籌碼面,因子轉弱,80.0,20.0,-60.0,34.0,10.0,4430.0,False,,4530.0,2.2573363431151243,4710.0,6.320541760722348,5180.0,16.93002257336343,,
2026-09-15,2455.TW,全新,技術面,因子轉弱,45.0,5.0,-40.0,42.0,14.0,520.0,False,,515.0,-0.9615384615384616,556.0,6.923076923076923,547.0,5.1923076923076925,,
2026-09-15,2455.TW,全新,籌碼面,因子轉弱,60.0,30.0,-30.0,42.0,14.0,520.0,False,,515.0,-0.9615384615384616,556.0,6.923076923076923,547.0,5.1923076923076925,,
2026-09-15,2485.TW,兆赫,籌碼面,因子轉弱,50.0,20.0,-30.0,-2.0,-14.0,37.55,False,,38.95,3.7283621837550087,39.55,5.326231691078562,39.8,5.9920106524633825,,
2026-09-15,2603.TW,長榮,技術面,因子轉弱,5.0,-30.0,-35.0,26.0,0.0,233.5,False,,239.0,2.355460385438972,240.5,2.9978586723768736,242.5,3.854389721627409,,
2026-09-15,2603.TW,長榮,籌碼面,因子轉弱,60.0,30.0,-30.0,26.0,0.0,233.5,False,,239.0,2.355460385438972,240.5,2.9978586723768736,242.5,3.854389721627409,,
2026-09-15,2605.TW,新興,籌碼面,因子轉弱,30.0,-50.0,-80.0,14.0,-22.0,35.05,False,,36.05,2.8530670470756063,36.1,2.995720399429399,37.1,5.848787446505006,,
2026-09-15,2606.TW,裕民,技術面,因子轉弱,5.0,-20.0,-25.0,34.0,12.0,74.6,False,,76.0,1.876675603217166,77.4,3.753351206434332,76.7,2.815013404825749,,
2026-09-15,2606.TW,裕民,籌碼面,因子轉弱,80.0,50.0,-30.0,34.0,12.0,74.6,False,,76.0,1.876675603217166,77.4,3.753351206434332,76.7,2.815013404825749,,
2026-09-15,2609.TW,陽明,技術面,因子轉弱,20.0,-20.0,-40.0,28.0,24.0,58.8,False,,60.2,2.3809523809523907,61.0,3.741496598639461,60.8,3.4013605442176873,,
2026-09-15,2610.TW,華航,籌碼面,因子轉弱,50.0,-80.0,-130.0,8.0,-48.0,19.9,False,,19.95,0.25125628140703876,20.15,1.256281407035176,20.5,3.01507537688443,,
2026-09-15,2637.TW,慧洋-KY,技術面,因子轉弱,45.0,5.0,-40.0,50.0,22.0,96.9,False,,102.5,5.779153766769859,102.0,5.263157894736836,100.5,3.7151702786377645,,
2026-09-15,2637.TW,慧洋-KY,籌碼面,因子轉弱,80.0,50.0,-30.0,50.0,22.0,96.9,False,,102.5,5.779153766769859,102.0,5.263157894736836,100.5,3.7151702786377645,,
2026-09-15,2748.TW,雲品,籌碼面,因子轉弱,10.0,-25.0,-35.0,2.0,-12.0,38.95,False,,38.65,-0.7702182284980853,38.9,-0.12836970474969,38.7,-0.6418485237483953,,
2026-09-15,2801.TW,彰銀,籌碼面,因子轉弱,60.0,-15.0,-75.0,52.0,16.0,28.0,False,,28.9,3.214285714285709,28.95,3.3928571428571406,28.35,1.250000000000005,,
2026-09-15,2812.TW,台中銀,技術面,因子轉弱,50.0,25.0,-25.0,44.0,22.0,19.35,False,,19.3,-0.2583979328165411,19.35,0.0,19.25,-0.5167958656330822,,
2026-09-15,2812.TW,台中銀,籌碼面,因子轉弱,60.0,30.0,-30.0,44.0,22.0,19.35,False,,19.3,-0.2583979328165411,19.35,0.0,19.25,-0.5167958656330822,,
2026-09-15,2816.TW,旺旺保,技術面,因子轉弱,20.0,-10.0,-30.0,16.0,16.0,39.1,False,,39.65,1.4066496163682791,40.45,3.452685421994888,40.35,3.1969309462915603,,
2026-09-15,2881.TW,富邦金,籌碼面,因子轉弱,80.0,50.0,-30.0,60.0,42.0,151.0,False,,153.0,1.3245033112582782,150.5,-0.33112582781456956,154.5,2.3178807947019866,,
2026-09-15,2882.TW,國泰金,技術面,因子轉弱,30.0,-20.0,-50.0,0.0,-30.0,110.0,False,,112.5,2.272727272727273,110.5,0.45454545454545453,112.0,1.8181818181818181,,
2026-09-15,2884.TW,玉山金,籌碼面,因子轉弱,30.0,-80.0,-110.0,36.0,-8.0,45.65,False,,46.45,1.752464403066822,46.4,1.642935377875137,46.05,0.8762322015334032,,
2026-09-15,2886.TW,兆豐金,技術面,因子轉弱,70.0,45.0,-25.0,60.0,50.0,51.8,False,,50.9,-1.7374517374517346,51.1,-1.3513513513513433,50.5,-2.509652509652504,,
2026-09-15,2892.TW,第一金,技術面,因子轉弱,70.0,45.0,-25.0,60.0,38.0,39.55,False,,40.0,1.137800252844508,39.8,0.6321112515802781,39.9,0.884955752212393,,
2026-09-15,2892.TW,第一金,籌碼面,因子轉弱,80.0,50.0,-30.0,60.0,38.0,39.55,False,,40.0,1.137800252844508,39.8,0.6321112515802781,39.9,0.884955752212393,,
2026-09-15,2897.TW,王道銀行,籌碼面,因子轉弱,60.0,30.0,-30.0,61.0,40.0,11.2,False,,11.15,-0.44642857142856196,11.1,-0.8928571428571397,11.1,-0.8928571428571397,,
2026-09-15,2897.TW,王道銀行,量價面,因子轉弱,25.0,0.0,-25.0,61.0,40.0,11.2,False,,11.15,-0.44642857142856196,11.1,-0.8928571428571397,11.1,-0.8928571428571397,,
2026-09-15,3013.TW,晟銘電,技術面,因子轉弱,-30.0,-55.0,-25.0,-30.0,-24.0,81.5,False,,82.8,1.5950920245398736,82.8,1.5950920245398736,83.1,1.9631901840490729,,
2026-09-15,3037.TW,欣興,籌碼面,因子轉弱,80.0,50.0,-30.0,24.0,12.0,951.0,False,,961.0,1.0515247108307046,981.0,3.1545741324921135,1120.0,17.770767613038906,,
2026-09-15,3324.TWO,雙鴻,量價面,因子轉弱,0.0,-20.0,-20.0,-8.0,-4.0,1260.0,False,,1360.0,7.936507936507936,1480.0,17.46031746031746,1600.0,26.984126984126984,,
2026-09-15,3376.TW,新日興,技術面,因子轉弱,-30.0,-55.0,-25.0,-34.0,-44.0,173.0,False,,176.5,2.023121387283237,179.0,3.4682080924855487,180.5,4.335260115606936,,
2026-09-15,3443.TW,創意,技術面,因子轉弱,60.0,15.0,-45.0,44.0,14.0,6035.0,False,,6170.0,2.236951118475559,7150.0,18.475559237779617,8375.0,38.77381938690969,,
2026-09-15,3443.TW,創意,籌碼面,因子轉弱,50.0,20.0,-30.0,44.0,14.0,6035.0,False,,6170.0,2.236951118475559,7150.0,18.475559237779617,8375.0,38.77381938690969,,
2026-09-15,3545.TW,敦泰,籌碼面,因子轉弱,20.0,-50.0,-70.0,-4.0,-32.0,48.45,False,,49.85,2.8895768833849296,51.6,6.501547987616096,52.0,7.3271413828689305,,
2026-09-15,3673.TW,TPK-KY,技術面,因子轉弱,5.0,-55.0,-60.0,-10.0,-40.0,61.5,False,,64.0,4.0650406504065035,64.5,4.878048780487805,65.6,6.666666666666657,,
2026-09-15,3711.TW,日月光投控,籌碼面,因子轉弱,50.0,-50.0,-100.0,22.0,-22.0,592.0,False,,605.0,2.195945945945946,638.0,7.77027027027027,693.0,17.06081081081081,,
2026-09-15,4903.TWO,聯光通,技術面,因子轉弱,-10.0,-55.0,-45.0,-4.0,-22.0,34.2,False,,34.1,-0.2923976608187176,37.6,9.941520467836252,42.05,22.953216374268987,,
2026-09-15,4967.TW,十銓,技術面,因子轉弱,5.0,-20.0,-25.0,14.0,-40.0,266.0,False,,275.0,3.3834586466165413,277.0,4.135338345864661,272.0,2.2556390977443606,,
2026-09-15,4967.TW,十銓,籌碼面,因子轉弱,30.0,-80.0,-110.0,14.0,-40.0,266.0,False,,275.0,3.3834586466165413,277.0,4.135338345864661,272.0,2.2556390977443606,,
2026-09-15,4979.TWO,華星光,技術面,因子轉弱,-20.0,-55.0,-35.0,-8.0,-22.0,509.0,False,,547.0,7.465618860510806,611.0,20.039292730844792,605.0,18.860510805500983,,
2026-09-15,5439.TWO,高技,技術面,因子轉弱,-20.0,-55.0,-35.0,-8.0,-22.0,237.5,False,,243.5,2.526315789473684,247.0,4.0,253.5,6.7368421052631575,,
2026-09-15,5469.TW,瀚宇博,技術面,因子轉弱,-5.0,-30.0,-25.0,-12.0,-4.0,71.5,False,,74.7,4.475524475524479,72.8,1.8181818181818143,72.7,1.678321678321682,,
2026-09-15,6116.TW,彩晶,技術面,因子轉弱,-5.0,-30.0,-25.0,-14.0,-34.0,13.65,False,,14.15,3.6630036630036633,14.0,2.5641025641025617,15.45,13.186813186813179,,
2026-09-15,6191.TW,精成科,籌碼面,因子轉弱,80.0,30.0,-50.0,10.0,-10.0,81.0,False,,82.7,2.098765432098769,83.2,2.716049382716053,84.3,4.07407407407407,,
2026-09-15,6230.TW,超眾,技術面,因子轉弱,65.0,-10.0,-75.0,43.0,-28.0,109.0,False,,110.0,0.9174311926605505,113.0,3.669724770642202,111.0,1.834862385321101,,
2026-09-15,6230.TW,超眾,籌碼面,因子轉弱,30.0,-50.0,-80.0,43.0,-28.0,109.0,False,,110.0,0.9174311926605505,113.0,3.669724770642202,111.0,1.834862385321101,,
2026-09-15,6230.TW,超眾,量價面,因子轉弱,25.0,-20.0,-45.0,43.0,-28.0,109.0,False,,110.0,0.9174311926605505,113.0,3.669724770642202,111.0,1.834862385321101,,
2026-09-15,6269.TW,台郡,技術面,因子轉弱,-20.0,-45.0,-25.0,-38.0,-48.0,63.3,False,,65.0,2.685624012638235,64.1,1.2638230647709277,64.6,2.05371248025276,,
2026-09-15,6426.TW,統新,籌碼面,因子轉弱,30.0,-100.0,-130.0,14.0,-38.0,300.0,False,,330.0,10.0,373.5,24.5,356.0,18.666666666666668,,
2026-09-15,7769.TW,鴻勁,籌碼面,因子轉弱,40.0,-90.0,-130.0,8.0,-34.0,6135.0,False,,6125.0,-0.16299918500407498,6540.0,6.601466992665037,6155.0,0.32599837000814996,,
2026-09-15,8150.TW,南茂,技術面,因子轉弱,-30.0,-55.0,-25.0,-34.0,-44.0,84.4,False,,87.1,3.1990521327014085,94.0,11.374407582938382,105.5,24.999999999999993,,
2026-09-15,8215.TW,明基材,籌碼面,因子轉弱,70.0,40.0,-30.0,20.0,4.0,24.5,False,,25.85,5.510204081632659,27.35,11.632653061224495,28.35,15.714285714285719,,
2026-09-15,8358.TWO,金居,技術面,因子轉弱,65.0,20.0,-45.0,26.0,8.0,482.0,False,,510.0,5.809128630705394,499.5,3.630705394190872,491.5,1.970954356846473,,
2026-09-15,9105.TW,泰金寶-DR,技術面,因子轉弱,-5.0,-30.0,-25.0,-24.0,-34.0,8.42,False,,8.44,0.23752969121139636,8.37,-0.5938242280285121,8.35,-0.8313539192399084,,
2026-09-16,00403A.TW,主動統一升級50,技術面,因子轉弱,-30.0,-55.0,-25.0,0.0,-44.0,10.02,False,,10.01,-0.09980039920159467,10.49,4.690618762475056,10.81,7.8842315369261575,,
2026-09-16,00403A.TW,主動統一升級50,籌碼面,因子轉弱,30.0,-55.0,-85.0,0.0,-44.0,10.02,False,,10.01,-0.09980039920159467,10.49,4.690618762475056,10.81,7.8842315369261575,,
2026-09-16,1102.TW,亞泥,技術面,因子轉弱,20.0,-15.0,-35.0,40.0,14.0,34.95,False,,35.3,1.0014306151645045,35.25,0.8583690987124382,35.95,2.8612303290414873,,
2026-09-16,1102.TW,亞泥,籌碼面,因子轉弱,80.0,50.0,-30.0,40.0,14.0,34.95,False,,35.3,1.0014306151645045,35.25,0.8583690987124382,35.95,2.8612303290414873,,
2026-09-16,1409.TW,新纖,技術面,因子轉弱,-5.0,-80.0,-75.0,-32.0,-62.0,23.95,False,,24.8,3.549060542797501,24.45,2.0876826722338206,24.1,0.6263048016701551,,
2026-09-16,1514.TW,亞力,籌碼面,因子轉弱,40.0,-90.0,-130.0,-6.0,-54.0,99.8,False,,101.0,1.2024048096192415,102.5,2.7054108216432895,105.0,5.21042084168337,,
2026-09-16,1718.TW,中纖,籌碼面,因子轉弱,30.0,-30.0,-60.0,-10.0,-18.0,10.5,False,,10.9,3.809523809523813,10.75,2.380952380952381,10.6,0.952380952380949,,
2026-09-16,2345.TW,智邦,籌碼面,因子轉弱,10.0,-55.0,-65.0,-18.0,-40.0,1840.0,False,,1800.0,-2.1739130434782608,1840.0,0.0,1890.0,2.717391304347826,,
2026-09-16,2351.TW,順德,技術面,因子轉弱,55.0,15.0,-40.0,46.0,38.0,236.0,True,5,238.0,0.847457627118644,236.5,0.211864406779661,226.0,-4.23728813559322,,
2026-09-16,2368.TW,金像電,技術面,因子轉弱,-10.0,-35.0,-25.0,-10.0,-36.0,992.0,True,1,950.0,-4.233870967741935,1045.0,5.342741935483871,1140.0,14.919354838709678,,
2026-09-16,2368.TW,金像電,籌碼面,因子轉弱,-15.0,-55.0,-40.0,-10.0,-36.0,992.0,True,1,950.0,-4.233870967741935,1045.0,5.342741935483871,1140.0,14.919354838709678,,
2026-09-16,2421.TW,建準,籌碼面,因子轉弱,-5.0,-45.0,-40.0,-10.0,-26.0,160.5,False,,162.0,0.9345794392523363,166.5,3.7383177570093453,163.0,1.557632398753894,,
2026-09-16,2454.TW,聯發科,技術面,因子轉弱,5.0,-20.0,-25.0,10.0,16.0,4530.0,False,,4500.0,-0.6622516556291391,5010.0,10.596026490066226,5185.0,14.459161147902869,,
2026-09-16,2455.TW,全新,籌碼面,因子轉弱,30.0,-100.0,-130.0,14.0,-34.0,515.0,False,,534.0,3.6893203883495143,572.0,11.067961165048544,552.0,7.184466019417475,,
2026-09-16,2455.TW,全新,量價面,因子轉弱,0.0,-20.0,-20.0,14.0,-34.0,515.0,False,,534.0,3.6893203883495143,572.0,11.067961165048544,552.0,7.184466019417475,,
2026-09-16,2607.TW,榮運,籌碼面,因子轉弱,50.0,20.0,-30.0,18.0,22.0,53.1,False,,53.4,0.564971751412424,53.6,0.9416195856873822,53.7,1.1299435028248614,,
2026-09-16,2612.TW,中航,技術面,因子轉弱,5.0,-20.0,-25.0,14.0,4.0,62.3,False,,63.4,1.7656500802568242,63.3,1.605136436597111,62.4,0.16051364365971338,,
2026-09-16,2617.TW,台航,籌碼面,因子轉弱,60.0,30.0,-30.0,26.0,14.0,32.45,False,,33.1,2.003081664098609,33.3,2.6194144838212456,32.85,1.232665639445296,,
2026-09-16,2731.TW,雄獅,技術面,因子轉弱,-15.0,-55.0,-40.0,-8.0,-36.0,141.0,False,,144.0,2.127659574468085,143.5,1.773049645390071,144.5,2.4822695035460995,,
2026-09-16,2731.TW,雄獅,籌碼面,因子轉弱,-5.0,-35.0,-30.0,-8.0,-36.0,141.0,False,,144.0,2.127659574468085,143.5,1.773049645390071,144.5,2.4822695035460995,,
2026-09-16,2812.TW,台中銀,技術面,因子轉弱,25.0,-5.0,-30.0,22.0,10.0,19.3,False,,19.5,1.0362694300518096,19.2,-0.518134715025914,19.15,-0.7772020725388711,,
2026-09-16,2820.TW,華票,技術面,因子轉弱,60.0,20.0,-40.0,48.0,32.0,17.3,False,,17.45,0.8670520231213791,17.5,1.1560693641618456,17.25,-0.28901734104046656,,
2026-09-16,2886.TW,兆豐金,技術面,因子轉弱,45.0,15.0,-30.0,50.0,26.0,50.9,False,,51.9,1.9646365422396856,51.1,0.39292730844794277,50.0,-1.7681728880157142,,
2026-09-16,2886.TW,兆豐金,籌碼面,因子轉弱,80.0,50.0,-30.0,50.0,26.0,50.9,False,,51.9,1.9646365422396856,51.1,0.39292730844794277,50.0,-1.7681728880157142,,
2026-09-16,2891.TW,中信金,量價面,因子轉弱,25.0,0.0,-25.0,67.0,60.0,70.8,False,,71.2,0.5649717514124375,70.4,-0.5649717514124173,68.9,-2.683615819209028,,
2026-09-16,3017.TW,奇鋐,籌碼面,因子轉弱,50.0,20.0,-30.0,16.0,4.0,3175.0,False,,3185.0,0.31496062992125984,3415.0,7.559055118110236,3470.0,9.291338582677165,,
2026-09-16,3022.TW,威強電,籌碼面,因子轉弱,60.0,30.0,-30.0,18.0,6.0,86.0,False,,88.9,3.3720930232558204,92.8,7.906976744186044,90.7,5.46511627906977,,
2026-09-16,3037.TW,欣興,籌碼面,因子轉弱,50.0,-70.0,-120.0,12.0,-36.0,961.0,False,,940.0,-2.18522372528616,1020.0,6.139438085327783,1160.0,20.707596253902185,,
2026-09-16,3045.TW,台灣大,量價面,因子轉弱,25.0,0.0,-25.0,67.0,64.0,124.5,False,,124.0,-0.4016064257028112,124.5,0.0,123.0,-1.2048192771084338,,
2026-09-16,3189.TW,景碩,籌碼面,因子轉弱,80.0,50.0,-30.0,20.0,32.0,820.0,False,,805.0,-1.8292682926829267,827.0,0.853658536585366,906.0,10.487804878048781,,
2026-09-16,3481.TW,群創,籌碼面,因子轉弱,30.0,-50.0,-80.0,0.0,-12.0,48.7,False,,48.5,-0.410677618069821,50.4,3.4907597535934207,49.6,1.8480492813141653,,
2026-09-16,5706.TW,鳳凰,籌碼面,因子轉弱,0.0,-50.0,-50.0,-22.0,-42.0,43.9,False,,43.75,-0.34168564920273026,44.35,1.025056947608207,44.15,0.5694760820045558,,
2026-09-16,6214.TW,精誠,籌碼面,因子轉弱,60.0,30.0,-30.0,48.0,34.0,191.0,False,,193.0,1.0471204188481675,191.5,0.2617801047120419,190.0,-0.5235602094240838,,
2026-09-16,6278.TW,台表科,籌碼面,因子轉弱,80.0,40.0,-40.0,24.0,2.0,183.0,False,,184.0,0.546448087431694,194.5,6.284153005464481,209.0,14.207650273224044,,
2026-09-16,6669.TW,緯穎,技術面,因子轉弱,-15.0,-35.0,-20.0,-36.0,-40.0,2165.0,False,,2135.0,-1.3856812933025404,2150.0,-0.6928406466512702,2105.0,-2.771362586605081,,
2026-09-16,6669.TW,緯穎,量價面,因子轉弱,0.0,-20.0,-20.0,-36.0,-40.0,2165.0,False,,2135.0,-1.3856812933025404,2150.0,-0.6928406466512702,2105.0,-2.771362586605081,,
2026-09-16,6770.TW,力積電,技術面,因子轉弱,5.0,-20.0,-25.0,-30.0,-30.0,69.9,False,,71.2,1.8597997138769629,72.7,4.005722460658079,73.1,4.577968526466364,,
2026-09-16,7769.TW,鴻勁,技術面,因子轉弱,5.0,-20.0,-25.0,-34.0,-44.0,6125.0,False,,6135.0,0.163265306122449,6000.0,-2.0408163265306123,5975.0,-2.4489795918367347,,
2026-09-16,8046.TW,南電,籌碼面,因子轉弱,80.0,50.0,-30.0,30.0,32.0,1105.0,True,1,1065.0,-3.619909502262444,1060.0,-4.072398190045249,1210.0,9.502262443438914,,
2026-09-16,8215.TW,明基材,籌碼面,因子轉弱,40.0,-55.0,-95.0,4.0,-6.0,25.85,False,,27.0,4.448742746615082,30.05,16.24758220502901,27.85,7.736943907156673,,
2026-09-17,1612.TW,宏泰,量價面,因子轉弱,0.0,-20.0,-20.0,2.0,18.0,34.95,False,,35.05,0.2861230329041325,35.05,0.2861230329041325,35.05,0.2861230329041325,,
2026-09-17,1802.TW,台玻,籌碼面,因子轉弱,-20.0,-55.0,-35.0,-6.0,-18.0,58.5,False,,58.8,0.512820512820508,58.8,0.512820512820508,58.4,-0.17094017094017336,,
2026-09-17,2313.TW,華通,技術面,因子轉弱,5.0,-30.0,-35.0,18.0,-34.0,218.5,False,,228.5,4.576659038901601,222.0,1.6018306636155606,222.5,1.8306636155606408,,
2026-09-17,2313.TW,華通,籌碼面,因子轉弱,40.0,-55.0,-95.0,18.0,-34.0,218.5,False,,228.5,4.576659038901601,222.0,1.6018306636155606,222.5,1.8306636155606408,,
2026-09-17,2329.TW,華泰,籌碼面,因子轉弱,60.0,30.0,-30.0,22.0,10.0,42.9,False,,44.35,3.379953379953387,43.3,0.9324009324009291,44.4,3.4965034965034967,,
2026-09-17,2337.TW,旺宏,技術面,因子轉弱,-15.0,-45.0,-30.0,-26.0,-50.0,116.5,False,,121.0,3.862660944206009,118.0,1.2875536480686696,117.0,0.4291845493562232,,
2026-09-17,2337.TW,旺宏,籌碼面,因子轉弱,-50.0,-80.0,-30.0,-26.0,-50.0,116.5,False,,121.0,3.862660944206009,118.0,1.2875536480686696,117.0,0.4291845493562232,,
2026-09-17,2383.TW,台光電,量價面,因子轉弱,0.0,-20.0,-20.0,-40.0,-40.0,4695.0,False,,4890.0,4.15335463258786,4860.0,3.5143769968051117,5050.0,7.561235356762514,,
2026-09-17,2451.TW,創見,籌碼面,因子轉弱,-35.0,-75.0,-40.0,-16.0,-32.0,277.0,False,,283.0,2.166064981949458,285.0,2.888086642599278,284.5,2.707581227436823,,
2026-09-17,2485.TW,兆赫,籌碼面,因子轉弱,50.0,-45.0,-95.0,14.0,-18.0,39.35,False,,39.55,0.5082592121982102,39.8,1.1435832274459867,39.15,-0.5082592121982283,,
2026-09-17,2606.TW,裕民,籌碼面,因子轉弱,50.0,-10.0,-60.0,16.0,4.0,77.0,False,,77.4,0.5194805194805269,76.7,-0.3896103896103859,76.7,-0.3896103896103859,,
2026-09-17,2637.TW,慧洋-KY,籌碼面,因子轉弱,80.0,50.0,-30.0,54.0,38.0,102.0,False,,102.0,0.0,100.5,-1.4705882352941175,100.5,-1.4705882352941175,,
2026-09-17,2881.TW,富邦金,技術面,因子轉弱,70.0,5.0,-65.0,52.0,14.0,151.5,False,,150.5,-0.6600660066006601,154.5,1.9801980198019802,150.0,-0.9900990099009901,,
2026-09-17,2881.TW,富邦金,籌碼面,因子轉弱,60.0,30.0,-30.0,52.0,14.0,151.5,False,,150.5,-0.6600660066006601,154.5,1.9801980198019802,150.0,-0.9900990099009901,,
2026-09-17,2882.TW,國泰金,籌碼面,因子轉弱,60.0,-45.0,-105.0,36.0,-6.0,112.0,False,,110.5,-1.3392857142857142,112.0,0.0,110.5,-1.3392857142857142,,
2026-09-17,2887.TW,台新金,籌碼面,因子轉弱,80.0,50.0,-30.0,60.0,48.0,44.05,True,5,44.4,0.794551645856984,42.9,-2.610669693530076,42.5,-3.5187287173666224,,
2026-09-17,3017.TW,奇鋐,技術面,因子轉弱,-10.0,-35.0,-25.0,4.0,-14.0,3185.0,False,,3430.0,7.6923076923076925,3390.0,6.436420722135009,3555.0,11.616954474097332,,
2026-09-17,3023.TW,信邦,籌碼面,因子轉弱,70.0,20.0,-50.0,22.0,-4.0,317.0,False,,327.5,3.3123028391167195,320.5,1.1041009463722398,311.0,-1.8927444794952681,,
2026-09-17,3029.TW,零壹,技術面,因子轉弱,55.0,5.0,-50.0,-8.0,-18.0,116.0,False,,125.0,7.758620689655173,121.0,4.310344827586207,120.0,3.4482758620689653,,
2026-09-17,3045.TW,台灣大,技術面,因子轉弱,80.0,60.0,-20.0,64.0,56.0,124.0,False,,124.0,0.0,123.0,-0.8064516129032258,122.5,-1.2096774193548387,,
2026-09-17,3081.TWO,聯亞,技術面,因子轉弱,10.0,-45.0,-55.0,4.0,-18.0,2720.0,False,,2880.0,5.88235294117647,2825.0,3.860294117647059,2700.0,-0.7352941176470588,,
2026-09-17,3189.TW,景碩,技術面,因子轉弱,30.0,-35.0,-65.0,32.0,-36.0,805.0,False,,832.0,3.354037267080745,909.0,12.919254658385093,962.0,19.503105590062113,,
2026-09-17,3189.TW,景碩,籌碼面,因子轉弱,50.0,-55.0,-105.0,32.0,-36.0,805.0,False,,832.0,3.354037267080745,909.0,12.919254658385093,962.0,19.503105590062113,,
2026-09-17,3211.TWO,順達,技術面,因子轉弱,30.0,-35.0,-65.0,12.0,-14.0,360.5,False,,368.0,2.0804438280166435,385.0,6.796116504854369,378.5,4.993065187239944,,
2026-09-17,3260.TWO,威剛,技術面,因子轉弱,-15.0,-55.0,-40.0,-6.0,-22.0,395.0,True,5,396.5,0.37974683544303794,384.0,-2.7848101265822782,378.0,-4.30379746835443,,
2026-09-17,3363.TWO,上詮,技術面,因子轉弱,30.0,-10.0,-40.0,12.0,-4.0,655.0,False,,683.0,4.2748091603053435,660.0,0.7633587786259541,652.0,-0.45801526717557256,,
2026-09-17,3443.TW,創意,籌碼面,因子轉弱,20.0,-25.0,-45.0,10.0,18.0,6500.0,False,,7150.0,10.0,8375.0,28.846153846153843,8525.0,31.153846153846153,,
2026-09-17,4908.TWO,前鼎,技術面,因子轉弱,55.0,30.0,-25.0,22.0,12.0,238.0,True,3,243.5,2.3109243697478994,222.5,-6.512605042016808,210.0,-11.76470588235294,,
2026-09-17,4958.TW,臻鼎-KY,技術面,因子轉弱,55.0,-10.0,-65.0,10.0,-26.0,476.0,False,,473.0,-0.6302521008403361,489.0,2.73109243697479,475.5,-0.10504201680672269,,
2026-09-17,4967.TW,十銓,技術面,因子轉弱,10.0,-30.0,-40.0,-26.0,-48.0,271.0,False,,277.0,2.214022140221402,272.0,0.36900369003690037,272.5,0.5535055350553505,,
2026-09-17,5289.TWO,宜鼎,技術面,因子轉弱,-15.0,-55.0,-40.0,-6.0,-22.0,1260.0,False,,1315.0,4.365079365079365,1295.0,2.7777777777777777,1305.0,3.571428571428571,,
2026-09-17,5469.TW,瀚宇博,技術面,因子轉弱,80.0,25.0,-55.0,64.0,18.0,73.0,False,,72.8,-0.27397260273972995,72.7,-0.4109589041095852,73.0,0.0,,
2026-09-17,5469.TW,瀚宇博,籌碼面,因子轉弱,80.0,20.0,-60.0,64.0,18.0,73.0,False,,72.8,-0.27397260273972995,72.7,-0.4109589041095852,73.0,0.0,,
2026-09-17,6191.TW,精成科,籌碼面,因子轉弱,60.0,30.0,-30.0,22.0,12.0,82.2,False,,83.2,1.21654501216545,84.3,2.5547445255474384,82.3,0.12165450121653809,,
2026-09-17,6213.TW,聯茂,技術面,因子轉弱,35.0,-15.0,-50.0,46.0,-28.0,495.0,False,,505.0,2.0202020202020203,543.0,9.696969696969697,595.0,20.2020202020202,,
2026-09-17,6213.TW,聯茂,籌碼面,因子轉弱,80.0,-55.0,-135.0,46.0,-28.0,495.0,False,,505.0,2.0202020202020203,543.0,9.696969696969697,595.0,20.2020202020202,,
2026-09-17,6274.TWO,台燿,技術面,因子轉弱,30.0,-10.0,-40.0,12.0,-8.0,1320.0,False,,1370.0,3.787878787878788,1440.0,9.090909090909092,1495.0,13.257575757575758,,
2026-09-17,6274.TWO,台燿,量價面,因子轉弱,0.0,-20.0,-20.0,12.0,-8.0,1320.0,False,,1370.0,3.787878787878788,1440.0,9.090909090909092,1495.0,13.257575757575758,,
2026-09-17,6488.TWO,環球晶,技術面,因子轉弱,5.0,-40.0,-45.0,2.0,-16.0,912.0,False,,944.0,3.508771929824561,971.0,6.469298245614036,948.0,3.9473684210526314,,
2026-09-17,8039.TW,台虹,技術面,因子轉弱,-5.0,-45.0,-40.0,-32.0,-48.0,257.0,False,,269.5,4.863813229571985,262.5,2.140077821011673,258.5,0.5836575875486382,,
2026-09-17,8046.TW,南電,技術面,因子轉弱,30.0,-10.0,-40.0,32.0,16.0,1065.0,False,,1100.0,3.286384976525822,1165.0,9.389671361502346,1240.0,16.431924882629108,,
2026-09-17,8358.TWO,金居,技術面,因子轉弱,30.0,-10.0,-40.0,12.0,-4.0,478.5,False,,499.5,4.38871473354232,491.5,2.7168234064785786,511.0,6.792058516196447,,
2026-09-18,1612.TW,宏泰,技術面,因子轉弱,5.0,-15.0,-20.0,18.0,14.0,35.05,False,,35.0,-0.14265335235377222,34.95,-0.28530670470754443,35.35,0.8559201141226941,,
2026-09-18,1718.TW,中纖,籌碼面,因子轉弱,60.0,30.0,-30.0,28.0,20.0,10.6,False,,10.75,1.4150943396226447,10.6,0.0,10.55,-0.4716981132075371,,
2026-09-18,2317.TW,鴻海,籌碼面,因子轉弱,80.0,20.0,-60.0,44.0,22.0,250.5,False,,250.0,-0.19960079840319359,256.0,2.19560878243513,250.5,0.0,,
2026-09-18,2331.TW,精英,籌碼面,因子轉弱,60.0,10.0,-50.0,24.0,-2.0,18.9,False,,19.4,2.6455026455026456,19.0,0.5291005291005366,18.7,-1.0582010582010546,,
2026-09-18,2351.TW,順德,籌碼面,因子轉弱,80.0,50.0,-30.0,34.0,22.0,241.5,True,3,236.5,-2.070393374741201,226.0,-6.418219461697723,215.5,-10.766045548654244,,
2026-09-18,2353.TW,宏碁,技術面,因子轉弱,70.0,45.0,-25.0,60.0,38.0,31.95,False,,32.15,0.6259780907668209,31.55,-1.2519561815336417,31.4,-1.721439749608766,,
2026-09-18,2353.TW,宏碁,籌碼面,因子轉弱,80.0,50.0,-30.0,60.0,38.0,31.95,False,,32.15,0.6259780907668209,31.55,-1.2519561815336417,31.4,-1.721439749608766,,
2026-09-18,2376.TW,技嘉,技術面,因子轉弱,30.0,10.0,-20.0,6.0,24.0,356.0,False,,368.0,3.3707865168539324,365.0,2.528089887640449,362.0,1.6853932584269662,,
2026-09-18,2382.TW,廣達,籌碼面,因子轉弱,80.0,30.0,-50.0,44.0,36.0,343.0,False,,344.5,0.43731778425655976,341.5,-0.43731778425655976,336.5,-1.8950437317784257,,
2026-09-18,2395.TW,研華,籌碼面,因子轉弱,60.0,30.0,-30.0,42.0,24.0,690.0,False,,706.0,2.318840579710145,701.0,1.5942028985507246,730.0,5.797101449275362,,
2026-09-18,2455.TW,全新,籌碼面,因子轉弱,20.0,-70.0,-90.0,34.0,0.0,556.0,False,,572.0,2.877697841726619,552.0,-0.7194244604316548,543.0,-2.338129496402878,,
2026-09-18,2498.TW,宏達電,技術面,因子轉弱,0.0,-35.0,-35.0,-18.0,-48.0,39.55,False,,40.1,1.3906447534766229,41.65,5.30973451327434,43.0,8.723135271807845,,
2026-09-18,2498.TW,宏達電,籌碼面,因子轉弱,-45.0,-75.0,-30.0,-18.0,-48.0,39.55,False,,40.1,1.3906447534766229,41.65,5.30973451327434,43.0,8.723135271807845,,
2026-09-18,2498.TW,宏達電,量價面,因子轉弱,0.0,-20.0,-20.0,-18.0,-48.0,39.55,False,,40.1,1.3906447534766229,41.65,5.30973451327434,43.0,8.723135271807845,,
2026-09-18,2540.TW,愛山林,籌碼面,因子轉弱,60.0,20.0,-40.0,54.0,39.0,50.6,True,5,49.1,-2.9644268774703555,49.65,-1.8774703557312307,47.6,-5.928853754940711,,
2026-09-18,2605.TW,新興,技術面,因子轉弱,30.0,-20.0,-50.0,36.0,4.0,36.1,False,,37.3,3.324099722991678,37.05,2.6315789473684092,35.4,-1.9390581717451603,,
2026-09-18,2605.TW,新興,籌碼面,因子轉弱,60.0,30.0,-30.0,36.0,4.0,36.1,False,,37.3,3.324099722991678,37.05,2.6315789473684092,35.4,-1.9390581717451603,,
2026-09-18,2609.TW,陽明,籌碼面,因子轉弱,60.0,30.0,-30.0,42.0,34.0,61.0,True,5,61.1,0.16393442622951052,59.9,-1.8032786885245924,58.4,-4.262295081967215,,
2026-09-18,2612.TW,中航,籌碼面,因子轉弱,60.0,10.0,-50.0,32.0,12.0,62.8,True,5,63.3,0.7961783439490446,62.4,-0.6369426751592334,60.8,-3.1847133757961785,,
2026-09-18,2617.TW,台航,技術面,因子轉弱,45.0,20.0,-25.0,42.0,16.0,32.95,True,5,33.3,1.0622154779969477,32.85,-0.3034901365705658,31.25,-5.159332321699553,,
2026-09-18,2617.TW,台航,籌碼面,因子轉弱,60.0,20.0,-40.0,42.0,16.0,32.95,True,5,33.3,1.0622154779969477,32.85,-0.3034901365705658,31.25,-5.159332321699553,,
2026-09-18,2618.TW,長榮航,籌碼面,因子轉弱,80.0,30.0,-50.0,30.0,12.0,41.75,False,,41.95,0.4790419161676715,42.85,2.634730538922159,41.5,-0.5988023952095809,,
2026-09-18,2707.TW,晶華,籌碼面,因子轉弱,-30.0,-65.0,-35.0,-34.0,-42.0,177.0,False,,177.5,0.2824858757062147,177.5,0.2824858757062147,175.0,-1.1299435028248588,,
2026-09-18,2731.TW,雄獅,籌碼面,因子轉弱,50.0,-45.0,-95.0,18.0,-24.0,143.0,False,,143.5,0.34965034965034963,144.5,1.048951048951049,143.0,0.0,,
2026-09-18,2801.TW,彰銀,技術面,因子轉弱,70.0,45.0,-25.0,40.0,12.0,28.95,True,3,28.45,-1.7271157167530224,27.85,-3.799654576856642,27.5,-5.008635578583763,,
2026-09-18,2801.TW,彰銀,籌碼面,因子轉弱,30.0,-15.0,-45.0,40.0,12.0,28.95,True,3,28.45,-1.7271157167530224,27.85,-3.799654576856642,27.5,-5.008635578583763,,
2026-09-18,2812.TW,台中銀,技術面,因子轉弱,60.0,20.0,-40.0,36.0,-32.0,19.35,False,,19.2,-0.7751937984496233,19.15,-1.0335917312661644,18.8,-2.8423772609819156,,
2026-09-18,2812.TW,台中銀,籌碼面,因子轉弱,30.0,-100.0,-130.0,36.0,-32.0,19.35,False,,19.2,-0.7751937984496233,19.15,-1.0335917312661644,18.8,-2.8423772609819156,,
2026-09-18,2816.TW,旺旺保,技術面,因子轉弱,90.0,55.0,-35.0,60.0,30.0,40.45,False,,40.7,0.6180469715698393,40.45,0.0,39.85,-1.4833127317676176,,
2026-09-18,2816.TW,旺旺保,籌碼面,因子轉弱,60.0,20.0,-40.0,60.0,30.0,40.45,False,,40.7,0.6180469715698393,40.45,0.0,39.85,-1.4833127317676176,,
2026-09-18,2832.TW,台產,籌碼面,因子轉弱,80.0,40.0,-40.0,34.0,24.0,58.7,True,5,58.5,-0.3407155025553711,57.8,-1.5332197614991578,56.8,-3.236797274275989,,
2026-09-18,2882.TW,國泰金,技術面,因子轉弱,30.0,-5.0,-35.0,-6.0,-24.0,110.5,False,,113.0,2.262443438914027,111.5,0.904977375565611,111.5,0.904977375565611,,
2026-09-18,2884.TW,玉山金,技術面,因子轉弱,70.0,20.0,-50.0,52.0,-4.0,46.4,True,5,46.2,-0.4310344827586115,45.6,-1.7241379310344769,44.9,-3.2327586206896552,,
2026-09-18,2884.TW,玉山金,籌碼面,因子轉弱,60.0,-30.0,-90.0,52.0,-4.0,46.4,True,5,46.2,-0.4310344827586115,45.6,-1.7241379310344769,44.9,-3.2327586206896552,,
2026-09-18,2886.TW,兆豐金,技術面,因子轉弱,60.0,20.0,-40.0,56.0,28.0,51.1,True,5,51.1,0.0,50.0,-2.1526418786692787,49.1,-3.9138943248532287,,
2026-09-18,2886.TW,兆豐金,籌碼面,因子轉弱,80.0,50.0,-30.0,56.0,28.0,51.1,True,5,51.1,0.0,50.0,-2.1526418786692787,49.1,-3.9138943248532287,,
2026-09-18,2891.TW,中信金,技術面,因子轉弱,70.0,15.0,-55.0,60.0,38.0,69.5,False,,70.4,1.2949640287769866,68.9,-0.8633093525179775,68.7,-1.1510791366906434,,
2026-09-18,2892.TW,第一金,技術面,因子轉弱,70.0,15.0,-55.0,60.0,38.0,39.8,True,5,39.75,-0.12562814070351044,39.85,0.1256281407035283,38.6,-3.0150753768844116,,
2026-09-18,2897.TW,王道銀行,技術面,因子轉弱,60.0,5.0,-55.0,48.0,14.0,11.1,False,,11.25,1.3513513513513546,11.1,0.0,10.95,-1.3513513513513546,,
2026-09-18,2897.TW,王道銀行,籌碼面,因子轉弱,60.0,30.0,-30.0,48.0,14.0,11.1,False,,11.25,1.3513513513513546,11.1,0.0,10.95,-1.3513513513513546,,
2026-09-18,3062.TW,建漢,籌碼面,因子轉弱,60.0,30.0,-30.0,42.0,36.0,21.05,False,,23.15,9.97624703087885,22.2,5.463182897862226,22.0,4.5130641330166235,,
2026-09-18,3481.TW,群創,籌碼面,因子轉弱,-50.0,-100.0,-50.0,-8.0,-28.0,48.25,False,,50.4,4.455958549222795,49.6,2.797927461139899,49.75,3.1088082901554404,,
2026-09-18,3673.TW,TPK-KY,籌碼面,因子轉弱,60.0,30.0,-30.0,22.0,10.0,64.5,False,,65.7,1.8604651162790742,64.8,0.465116279069763,68.7,6.511627906976749,,
2026-09-18,4960.TW,誠美材,籌碼面,因子轉弱,60.0,-55.0,-115.0,30.0,-1.0,22.9,False,,23.45,2.401746724890833,22.75,-0.6550218340611291,23.45,2.401746724890833,,
2026-09-18,5469.TW,瀚宇博,技術面,因子轉弱,25.0,-20.0,-45.0,18.0,-30.0,72.8,False,,73.5,0.9615384615384654,72.6,-0.27472527472527863,73.6,1.098901098901095,,
2026-09-18,5469.TW,瀚宇博,籌碼面,因子轉弱,20.0,-55.0,-75.0,18.0,-30.0,72.8,False,,73.5,0.9615384615384654,72.6,-0.27472527472527863,73.6,1.098901098901095,,
2026-09-18,5530.TWO,龍巖,技術面,因子轉弱,10.0,-10.0,-20.0,4.0,-8.0,48.9,False,,49.05,0.30674846625766583,49.0,0.2044989775051154,48.75,-0.30674846625766583,,
2026-09-18,5530.TWO,龍巖,量價面,因子轉弱,0.0,-20.0,-20.0,4.0,-8.0,48.9,False,,49.05,0.30674846625766583,49.0,0.2044989775051154,48.75,-0.30674846625766583,,
2026-09-18,6275.TWO,元山,技術面,因子轉弱,20.0,-5.0,-25.0,8.0,-2.0,45.1,False,,46.0,1.9955654101995532,45.7,1.3303769401330408,46.55,3.2150776053214978,,
2026-09-21,00403A.TW,主動統一升級50,技術面,因子轉弱,50.0,25.0,-25.0,44.0,34.0,10.49,False,,10.7,2.001906577693032,10.88,3.717826501429938,10.79,2.859866539561477,,
2026-09-21,2002.TW,中鋼,技術面,因子轉弱,-5.0,-45.0,-40.0,-32.0,-48.0,18.65,False,,18.65,0.0,18.65,0.0,19.2,2.9490616621983956,,
2026-09-21,2027.TW,大成鋼,技術面,因子轉弱,5.0,-15.0,-20.0,34.0,14.0,46.65,False,,46.5,-0.32154340836012557,47.6,2.0364415862808207,47.45,1.7148981779206953,,
2026-09-21,2027.TW,大成鋼,籌碼面,因子轉弱,80.0,50.0,-30.0,34.0,14.0,46.65,False,,46.5,-0.32154340836012557,47.6,2.0364415862808207,47.45,1.7148981779206953,,
2026-09-21,2303.TW,聯電,量價面,因子轉弱,25.0,0.0,-25.0,61.0,50.0,157.0,False,,160.0,1.910828025477707,154.0,-1.910828025477707,154.5,-1.5923566878980893,,
2026-09-21,2313.TW,華通,技術面,因子轉弱,5.0,-35.0,-40.0,-10.0,-44.0,222.0,False,,222.0,0.0,222.5,0.22522522522522523,226.5,2.027027027027027,,
2026-09-21,2313.TW,華通,籌碼面,因子轉弱,-30.0,-75.0,-45.0,-10.0,-44.0,222.0,False,,222.0,0.0,222.5,0.22522522522522523,226.5,2.027027027027027,,
2026-09-21,2317.TW,鴻海,技術面,因子轉弱,35.0,-5.0,-40.0,22.0,-24.0,250.0,False,,253.0,1.2,250.5,0.2,251.5,0.6,,
2026-09-21,2317.TW,鴻海,籌碼面,因子轉弱,20.0,-55.0,-75.0,22.0,-24.0,250.0,False,,253.0,1.2,250.5,0.2,251.5,0.6,,
2026-09-21,2327.TW,國巨,技術面,因子轉弱,30.0,5.0,-25.0,4.0,-4.0,557.0,False,,571.0,2.5134649910233393,580.0,4.129263913824058,548.0,-1.615798922800718,,
2026-09-21,2329.TW,華泰,籌碼面,因子轉弱,60.0,30.0,-30.0,46.0,34.0,44.0,False,,43.3,-1.5909090909090973,44.4,0.909090909090906,44.8,1.818181818181812,,
2026-09-21,2337.TW,旺宏,籌碼面,因子轉弱,80.0,50.0,-30.0,36.0,18.0,120.0,False,,118.0,-1.6666666666666667,117.0,-2.5,122.5,2.083333333333333,,
2026-09-21,2374.TW,佳能,籌碼面,因子轉弱,60.0,30.0,-30.0,22.0,6.0,67.3,False,,66.5,-1.1887072808320909,66.3,-1.485884101040119,67.2,-0.14858841010400345,,
2026-09-21,2401.TW,凌陽,籌碼面,因子轉弱,60.0,20.0,-40.0,28.0,28.0,26.25,False,,25.75,-1.9047619047619049,25.55,-2.666666666666664,26.75,1.9047619047619049,,
2026-09-21,2408.TW,南亞科,籌碼面,因子轉弱,80.0,50.0,-30.0,36.0,18.0,516.0,True,1,497.0,-3.6821705426356592,503.0,-2.5193798449612403,519.0,0.5813953488372093,,
2026-09-21,2421.TW,建準,技術面,因子轉弱,30.0,-5.0,-35.0,32.0,6.0,166.5,True,5,167.0,0.3003003003003003,167.0,0.3003003003003003,160.5,-3.6036036036036037,,
2026-09-21,2421.TW,建準,籌碼面,因子轉弱,50.0,20.0,-30.0,32.0,6.0,166.5,True,5,167.0,0.3003003003003003,167.0,0.3003003003003003,160.5,-3.6036036036036037,,
2026-09-21,2455.TW,全新,技術面,因子轉弱,70.0,45.0,-25.0,0.0,6.0,572.0,True,1,547.0,-4.370629370629371,554.0,-3.146853146853147,552.0,-3.4965034965034967,,
2026-09-21,2540.TW,愛山林,技術面,因子轉弱,65.0,45.0,-20.0,39.0,38.0,49.1,False,,49.5,0.8146639511201601,49.0,-0.20366598778004363,48.45,-1.3238289205702618,,
2026-09-21,2540.TW,愛山林,量價面,因子轉弱,25.0,0.0,-25.0,39.0,38.0,49.1,False,,49.5,0.8146639511201601,49.0,-0.20366598778004363,48.45,-1.3238289205702618,,
2026-09-21,2801.TW,彰銀,技術面,因子轉弱,45.0,5.0,-40.0,12.0,-20.0,28.45,False,,28.35,-0.3514938488576375,27.75,-2.4604569420035123,27.6,-2.987697715289975,,
2026-09-21,2801.TW,彰銀,籌碼面,因子轉弱,-15.0,-55.0,-40.0,12.0,-20.0,28.45,False,,28.35,-0.3514938488576375,27.75,-2.4604569420035123,27.6,-2.987697715289975,,
2026-09-21,2812.TW,台中銀,技術面,因子轉弱,20.0,-5.0,-25.0,-32.0,-22.0,19.2,False,,19.25,0.2604166666666704,19.0,-1.041666666666663,18.85,-1.8229166666666556,,
2026-09-21,2887.TW,台新金,技術面,因子轉弱,75.0,5.0,-70.0,42.0,-30.0,43.8,True,5,42.9,-2.054794520547942,42.5,-2.968036529680359,41.95,-4.223744292237431,,
2026-09-21,2887.TW,台新金,籌碼面,因子轉弱,30.0,-80.0,-110.0,42.0,-30.0,43.8,True,5,42.9,-2.054794520547942,42.5,-2.968036529680359,41.95,-4.223744292237431,,
2026-09-21,2897.TW,王道銀行,籌碼面,因子轉弱,30.0,-80.0,-110.0,14.0,-4.0,11.25,True,5,11.1,-1.3333333333333366,11.05,-1.7777777777777715,10.9,-3.111111111111108,,
2026-09-21,3017.TW,奇鋐,技術面,因子轉弱,30.0,-5.0,-35.0,32.0,6.0,3415.0,False,,3390.0,-0.7320644216691069,3555.0,4.099560761346998,3435.0,0.5856515373352855,,
2026-09-21,3017.TW,奇鋐,籌碼面,因子轉弱,50.0,20.0,-30.0,32.0,6.0,3415.0,False,,3390.0,-0.7320644216691069,3555.0,4.099560761346998,3435.0,0.5856515373352855,,
2026-09-21,3023.TW,信邦,技術面,因子轉弱,20.0,-55.0,-75.0,36.0,-6.0,320.5,True,5,320.5,0.0,311.0,-2.9641185647425896,307.0,-4.212168486739469,,
2026-09-21,3023.TW,信邦,籌碼面,因子轉弱,70.0,40.0,-30.0,36.0,-6.0,320.5,True,5,320.5,0.0,311.0,-2.9641185647425896,307.0,-4.212168486739469,,
2026-09-21,3035.TW,智原,量價面,因子轉弱,25.0,0.0,-25.0,51.0,52.0,191.0,False,,203.0,6.282722513089005,206.5,8.115183246073299,210.5,10.209424083769633,,
2026-09-21,3105.TWO,穩懋,技術面,因子轉弱,70.0,45.0,-25.0,28.0,18.0,490.5,False,,501.0,2.1406727828746175,502.0,2.344546381243629,542.0,10.499490316004078,,
2026-09-21,3260.TWO,威剛,技術面,因子轉弱,-5.0,-55.0,-50.0,-2.0,-22.0,389.0,False,,384.0,-1.2853470437017995,378.0,-2.827763496143959,377.5,-2.956298200514139,,
2026-09-21,3363.TWO,上詮,技術面,因子轉弱,-5.0,-45.0,-40.0,-2.0,-18.0,661.0,False,,660.0,-0.15128593040847202,652.0,-1.361573373676248,649.0,-1.8154311649016641,,
2026-09-21,3673.TW,TPK-KY,籌碼面,因子轉弱,30.0,-35.0,-65.0,10.0,0.0,65.7,False,,65.6,-0.152207001522083,65.6,-0.152207001522083,75.5,14.916286149162858,,
2026-09-21,4908.TWO,前鼎,技術面,因子轉弱,20.0,-20.0,-40.0,8.0,-8.0,232.0,True,1,222.5,-4.094827586206897,210.0,-9.482758620689655,207.0,-10.775862068965516,,
2026-09-21,4938.TW,和碩,技術面,因子轉弱,20.0,-15.0,-35.0,-6.0,-36.0,90.8,False,,90.0,-0.8810572687224639,91.3,0.5506607929515419,89.8,-1.1013215859030838,,
2026-09-21,4938.TW,和碩,籌碼面,因子轉弱,-35.0,-75.0,-40.0,-6.0,-36.0,90.8,False,,90.0,-0.8810572687224639,91.3,0.5506607929515419,89.8,-1.1013215859030838,,
2026-09-21,4960.TW,誠美材,量價面,因子轉弱,25.0,0.0,-25.0,-1.0,0.0,23.45,True,3,23.4,-0.21321961620469387,22.45,-4.264392324093817,24.4,4.0511727078891235,,
2026-09-21,6191.TW,精成科,籌碼面,因子轉弱,60.0,20.0,-40.0,22.0,16.0,83.2,False,,84.3,1.3221153846153777,82.3,-1.081730769230776,84.0,0.9615384615384581,,
2026-09-21,6214.TW,精誠,技術面,因子轉弱,60.0,20.0,-40.0,56.0,28.0,191.5,False,,190.5,-0.5221932114882507,190.5,-0.5221932114882507,188.0,-1.8276762402088773,,
2026-09-21,6214.TW,精誠,籌碼面,因子轉弱,80.0,50.0,-30.0,56.0,28.0,191.5,False,,190.5,-0.5221932114882507,190.5,-0.5221932114882507,188.0,-1.8276762402088773,,
2026-09-21,6278.TW,台表科,籌碼面,因子轉弱,70.0,-70.0,-140.0,32.0,-26.0,194.5,False,,213.5,9.768637532133676,212.0,8.997429305912597,218.0,12.082262210796916,,
2026-09-21,6426.TW,統新,籌碼面,因子轉弱,60.0,30.0,-30.0,53.0,30.0,374.0,True,1,356.0,-4.81283422459893,389.0,4.010695187165775,345.0,-7.754010695187167,,
2026-09-21,6426.TW,統新,量價面,因子轉弱,25.0,0.0,-25.0,53.0,30.0,374.0,True,1,356.0,-4.81283422459893,389.0,4.010695187165775,345.0,-7.754010695187167,,
2026-09-21,6770.TW,力積電,籌碼面,因子轉弱,80.0,50.0,-30.0,50.0,38.0,72.7,False,,71.8,-1.2379642365887285,72.0,-0.9628610729023422,75.3,3.5763411279229635,,
2026-09-21,7769.TW,鴻勁,技術面,因子轉弱,40.0,-10.0,-50.0,40.0,-34.0,6000.0,True,3,6155.0,2.5833333333333335,5670.0,-5.5,5505.0,-8.25,,
2026-09-21,7769.TW,鴻勁,籌碼面,因子轉弱,60.0,-75.0,-135.0,40.0,-34.0,6000.0,True,3,6155.0,2.5833333333333335,5670.0,-5.5,5505.0,-8.25,,
2026-09-21,8028.TW,昇陽半導體,籌碼面,因子轉弱,-5.0,-55.0,-50.0,23.0,2.0,257.5,False,,263.5,2.3300970873786406,269.0,4.466019417475728,282.5,9.70873786407767,,
2026-09-21,8028.TW,昇陽半導體,量價面,因子轉弱,25.0,0.0,-25.0,23.0,2.0,257.5,False,,263.5,2.3300970873786406,269.0,4.466019417475728,282.5,9.70873786407767,,
2026-09-21,8039.TW,台虹,技術面,因子轉弱,5.0,-55.0,-60.0,-18.0,-52.0,265.0,False,,262.5,-0.9433962264150944,258.5,-2.4528301886792456,300.5,13.39622641509434,,
2026-09-21,8046.TW,南電,技術面,因子轉弱,30.0,-20.0,-50.0,24.0,-38.0,1060.0,False,,1165.0,9.90566037735849,1240.0,16.9811320754717,1340.0,26.41509433962264,,
2026-09-21,8046.TW,南電,籌碼面,因子轉弱,30.0,-75.0,-105.0,24.0,-38.0,1060.0,False,,1165.0,9.90566037735849,1240.0,16.9811320754717,1340.0,26.41509433962264,,
2026-09-21,8358.TWO,金居,技術面,因子轉弱,20.0,-45.0,-65.0,8.0,-18.0,491.5,False,,491.5,0.0,511.0,3.967446592065107,495.0,0.7121057985757884,,
2026-09-21,9105.TW,泰金寶-DR,技術面,因子轉弱,-20.0,-55.0,-35.0,-30.0,-34.0,8.38,False,,8.35,-0.3579952267303238,8.43,0.596658711217171,8.53,1.7899761336515343,,
2026-09-22,0056.TW,元大高股息,籌碼面,因子轉弱,-15.0,-55.0,-40.0,18.0,8.0,56.85,False,,56.6,-0.4397537379067722,56.55,-0.5277044854881342,,,,
2026-09-22,1303.TW,南亞,技術面,因子轉弱,20.0,-10.0,-30.0,2.0,-26.0,231.5,False,,227.5,-1.7278617710583155,247.0,6.695464362850973,,,,
2026-09-22,1303.TW,南亞,籌碼面,因子轉弱,-15.0,-55.0,-40.0,2.0,-26.0,231.5,False,,227.5,-1.7278617710583155,247.0,6.695464362850973,,,,
2026-09-22,1326.TW,台化,技術面,因子轉弱,20.0,-10.0,-30.0,2.0,16.0,66.5,False,,65.4,-1.6541353383458561,67.5,1.5037593984962405,,,,
2026-09-22,1409.TW,新纖,技術面,因子轉弱,-15.0,-45.0,-30.0,18.0,-6.0,24.1,False,,24.1,0.0,24.35,1.0373443983402488,,,,
2026-09-22,1409.TW,新纖,籌碼面,因子轉弱,60.0,30.0,-30.0,18.0,-6.0,24.1,False,,24.1,0.0,24.35,1.0373443983402488,,,,
2026-09-22,1717.TW,長興,技術面,因子轉弱,-5.0,-30.0,-25.0,-24.0,-34.0,71.0,False,,71.1,0.1408450704225272,72.5,2.112676056338028,,,,
2026-09-22,1906.TW,寶隆,技術面,因子轉弱,-15.0,-55.0,-40.0,-16.0,-32.0,10.85,False,,10.7,-1.3824884792626762,10.8,-0.4608294930875478,,,,
2026-09-22,2312.TW,金寶,技術面,因子轉弱,-15.0,-55.0,-40.0,-12.0,-20.0,31.05,False,,30.6,-1.4492753623188384,30.7,-1.1272141706924361,,,,
2026-09-22,2324.TW,仁寶,技術面,因子轉弱,-15.0,-45.0,-30.0,-28.0,-40.0,37.05,False,,36.8,-0.6747638326585695,36.05,-2.699055330634278,,,,
2026-09-22,2329.TW,華泰,技術面,因子轉弱,55.0,-20.0,-75.0,34.0,4.0,43.3,False,,44.35,2.4249422632794557,43.8,1.1547344110854503,,,,
2026-09-22,2330.TW,台積電,籌碼面,因子轉弱,80.0,50.0,-30.0,56.0,40.0,2460.0,False,,2500.0,1.6260162601626018,2475.0,0.6097560975609756,,,,
2026-09-22,2331.TW,精英,技術面,因子轉弱,30.0,10.0,-20.0,36.0,16.0,19.2,False,,19.0,-1.041666666666663,18.7,-2.604166666666667,,,,
2026-09-22,2331.TW,精英,籌碼面,因子轉弱,60.0,30.0,-30.0,36.0,16.0,19.2,False,,19.0,-1.041666666666663,18.7,-2.604166666666667,,,,
2026-09-22,2337.TW,旺宏,技術面,因子轉弱,-5.0,-55.0,-50.0,18.0,-2.0,118.0,False,,119.0,0.847457627118644,118.5,0.423728813559322,,,,
2026-09-22,2338.TW,光罩,技術面,因子轉弱,45.0,5.0,-40.0,-4.0,-10.0,47.35,False,,46.45,-1.9007391763463537,47.1,-0.5279831045406547,,,,
2026-09-22,2353.TW,宏碁,技術面,因子轉弱,45.0,-5.0,-50.0,50.0,18.0,31.4,False,,31.55,0.4777070063694336,31.4,0.0,,,,
2026-09-22,2353.TW,宏碁,籌碼面,因子轉弱,80.0,50.0,-30.0,50.0,18.0,31.4,False,,31.55,0.4777070063694336,31.4,0.0,,,,
2026-09-22,2356.TW,英業達,技術面,因子轉弱,-15.0,-55.0,-40.0,-36.0,-52.0,61.2,True,3,61.0,-0.3267973856209197,59.2,-3.2679738562091507,,,,
2026-09-22,2362.TW,藍天,籌碼面,因子轉弱,50.0,20.0,-30.0,14.0,12.0,47.9,False,,47.75,-0.3131524008350701,46.7,-2.5052192066805756,,,,
2026-09-22,2376.TW,技嘉,技術面,因子轉弱,60.0,30.0,-30.0,48.0,36.0,366.5,False,,365.0,-0.4092769440654843,362.0,-1.227830832196453,,,,
2026-09-22,2382.TW,廣達,技術面,因子轉弱,60.0,5.0,-55.0,48.0,14.0,342.0,False,,341.5,-0.14619883040935672,336.5,-1.608187134502924,,,,
2026-09-22,2382.TW,廣達,籌碼面,因子轉弱,60.0,30.0,-30.0,48.0,14.0,342.0,False,,341.5,-0.14619883040935672,336.5,-1.608187134502924,,,,
2026-09-22,2485.TW,兆赫,籌碼面,因子轉弱,60.0,30.0,-30.0,26.0,20.0,39.8,False,,39.25,-1.3819095477386865,39.75,-0.12562814070351044,,,,
2026-09-22,2606.TW,裕民,技術面,因子轉弱,20.0,-20.0,-40.0,32.0,4.0,76.7,True,3,76.7,0.0,73.4,-4.302477183833112,,,,
2026-09-22,2606.TW,裕民,籌碼面,因子轉弱,60.0,30.0,-30.0,32.0,4.0,76.7,True,3,76.7,0.0,73.4,-4.302477183833112,,,,
2026-09-22,2609.TW,陽明,技術面,因子轉弱,45.0,5.0,-40.0,42.0,26.0,60.8,True,3,59.9,-1.4802631578947345,58.4,-3.947368421052629,,,,
2026-09-22,2636.TW,台驊投控,技術面,因子轉弱,35.0,-5.0,-40.0,22.0,18.0,70.7,False,,70.8,0.1414427157001334,70.4,-0.4243281471004203,,,,
2026-09-22,2637.TW,慧洋-KY,技術面,因子轉弱,45.0,5.0,-40.0,42.0,26.0,100.5,True,3,100.5,0.0,95.0,-5.472636815920398,,,,
2026-09-22,2748.TW,雲品,技術面,因子轉弱,10.0,-30.0,-40.0,4.0,-6.0,38.7,False,,38.65,-0.12919896640827974,38.7,0.0,,,,
2026-09-22,2812.TW,台中銀,籌碼面,因子轉弱,-50.0,-80.0,-30.0,-22.0,-34.0,19.25,False,,19.15,-0.5194805194805269,18.8,-2.337662337662334,,,,
2026-09-22,2816.TW,旺旺保,技術面,因子轉弱,60.0,5.0,-55.0,44.0,10.0,40.35,False,,40.45,0.24783147459727736,39.85,-1.2391573729863692,,,,
2026-09-22,2816.TW,旺旺保,籌碼面,因子轉弱,50.0,20.0,-30.0,44.0,10.0,40.35,False,,40.45,0.24783147459727736,39.85,-1.2391573729863692,,,,
2026-09-22,2820.TW,華票,技術面,因子轉弱,60.0,20.0,-40.0,48.0,32.0,17.3,False,,17.25,-0.28901734104046656,16.85,-2.6011560693641576,,,,
2026-09-22,2832.TW,台產,籌碼面,因子轉弱,70.0,40.0,-30.0,32.0,14.0,58.3,False,,57.8,-0.8576329331046313,56.8,-2.5728987993138936,,,,
2026-09-22,2855.TW,統一證,技術面,因子轉弱,80.0,55.0,-25.0,69.0,54.0,56.9,False,,57.7,1.4059753954305876,55.5,-2.4604569420035123,,,,
2026-09-22,2855.TW,統一證,量價面,因子轉弱,25.0,0.0,-25.0,69.0,54.0,56.9,False,,57.7,1.4059753954305876,55.5,-2.4604569420035123,,,,
2026-09-22,2882.TW,國泰金,技術面,因子轉弱,45.0,5.0,-40.0,6.0,6.0,112.0,False,,111.5,-0.4464285714285714,111.5,-0.4464285714285714,,,,
2026-09-22,2884.TW,玉山金,籌碼面,因子轉弱,60.0,30.0,-30.0,26.0,14.0,46.05,False,,45.6,-0.9771986970683946,44.9,-2.497285559174807,,,,
2026-09-22,2886.TW,兆豐金,技術面,因子轉弱,5.0,-20.0,-25.0,34.0,16.0,50.5,False,,50.0,-0.9900990099009901,49.1,-2.7722772277227694,,,,
2026-09-22,2891.TW,中信金,技術面,因子轉弱,45.0,5.0,-40.0,50.0,22.0,69.6,False,,68.9,-1.0057471264367652,68.7,-1.2931034482758499,,,,
2026-09-22,2891.TW,中信金,籌碼面,因子轉弱,80.0,50.0,-30.0,50.0,22.0,69.6,False,,68.9,-1.0057471264367652,68.7,-1.2931034482758499,,,,
2026-09-22,2897.TW,王道銀行,技術面,因子轉弱,70.0,5.0,-65.0,-4.0,-30.0,11.1,False,,11.1,0.0,10.95,-1.3513513513513546,,,,
2026-09-22,3014.TW,聯陽,技術面,因子轉弱,80.0,60.0,-20.0,69.0,56.0,139.0,False,,143.0,2.877697841726619,143.5,3.237410071942446,,,,
2026-09-22,3014.TW,聯陽,量價面,因子轉弱,25.0,0.0,-25.0,69.0,56.0,139.0,False,,143.0,2.877697841726619,143.5,3.237410071942446,,,,
2026-09-22,3017.TW,奇鋐,籌碼面,因子轉弱,20.0,-70.0,-90.0,6.0,-30.0,3390.0,False,,3470.0,2.359882005899705,3400.0,0.2949852507374631,,,,
2026-09-22,3022.TW,威強電,籌碼面,因子轉弱,60.0,30.0,-30.0,36.0,30.0,91.5,False,,90.7,-0.8743169398907072,93.0,1.639344262295082,,,,
2026-09-22,3045.TW,台灣大,技術面,因子轉弱,60.0,30.0,-30.0,56.0,44.0,123.0,False,,123.0,0.0,121.0,-1.6260162601626018,,,,
2026-09-22,3062.TW,建漢,技術面,因子轉弱,90.0,65.0,-25.0,49.0,-6.0,22.35,False,,22.2,-0.671140939597325,22.0,-1.5659955257270757,,,,
2026-09-22,3062.TW,建漢,籌碼面,因子轉弱,20.0,-70.0,-90.0,49.0,-6.0,22.35,False,,22.2,-0.671140939597325,22.0,-1.5659955257270757,,,,
2026-09-22,3062.TW,建漢,量價面,因子轉弱,25.0,-20.0,-45.0,49.0,-6.0,22.35,False,,22.2,-0.671140939597325,22.0,-1.5659955257270757,,,,
2026-09-22,3231.TW,緯創,技術面,因子轉弱,45.0,-15.0,-60.0,16.0,-36.0,180.5,False,,180.0,-0.2770083102493075,185.5,2.7700831024930745,,,,
2026-09-22,3231.TW,緯創,籌碼面,因子轉弱,-5.0,-75.0,-70.0,16.0,-36.0,180.5,False,,180.0,-0.2770083102493075,185.5,2.7700831024930745,,,,
2026-09-22,3481.TW,群創,量價面,因子轉弱,0.0,-20.0,-20.0,48.0,46.0,50.5,False,,49.6,-1.7821782178217793,49.75,-1.4851485148514851,,,,
2026-09-22,4938.TW,和碩,技術面,因子轉弱,-15.0,-45.0,-30.0,-36.0,-48.0,90.0,False,,91.3,1.4444444444444413,90.8,0.8888888888888857,,,,
2026-09-22,4960.TW,誠美材,技術面,因子轉弱,55.0,30.0,-25.0,0.0,-10.0,23.4,False,,22.75,-2.777777777777772,23.45,0.21367521367521675,,,,
2026-09-22,4967.TW,十銓,技術面,因子轉弱,10.0,-55.0,-65.0,28.0,-10.0,272.0,False,,272.0,0.0,272.0,0.0,,,,
2026-09-22,4967.TW,十銓,籌碼面,因子轉弱,60.0,30.0,-30.0,28.0,-10.0,272.0,False,,272.0,0.0,272.0,0.0,,,,
2026-09-22,5469.TW,瀚宇博,技術面,因子轉弱,20.0,-30.0,-50.0,-4.0,-34.0,72.7,False,,72.6,-0.13755158184320293,73.6,1.237964236588709,,,,
2026-09-22,5530.TWO,龍巖,技術面,因子轉弱,-20.0,-45.0,-25.0,-8.0,-18.0,48.9,False,,49.0,0.2044989775051154,48.75,-0.30674846625766583,,,,
2026-09-22,6230.TW,超眾,技術面,因子轉弱,45.0,5.0,-40.0,30.0,2.0,111.0,False,,111.5,0.45045045045045046,111.5,0.45045045045045046,,,,
2026-09-22,6230.TW,超眾,籌碼面,因子轉弱,30.0,0.0,-30.0,30.0,2.0,111.0,False,,111.5,0.45045045045045046,111.5,0.45045045045045046,,,,
2026-09-22,6239.TW,力成,技術面,因子轉弱,75.0,30.0,-45.0,54.0,24.0,292.0,True,3,286.5,-1.8835616438356164,281.0,-3.767123287671233,,,,
2026-09-22,6239.TW,力成,籌碼面,因子轉弱,60.0,30.0,-30.0,54.0,24.0,292.0,True,3,286.5,-1.8835616438356164,281.0,-3.767123287671233,,,,
2026-09-22,6269.TW,台郡,技術面,因子轉弱,5.0,-15.0,-20.0,-28.0,-36.0,64.6,False,,64.0,-0.928792569659434,64.9,0.46439628482973905,,,,
2026-09-22,6426.TW,統新,技術面,因子轉弱,45.0,5.0,-40.0,30.0,14.0,356.0,False,,391.5,9.97191011235955,354.0,-0.5617977528089888,,,,
2026-09-22,6770.TW,力積電,技術面,因子轉弱,45.0,5.0,-40.0,38.0,34.0,71.8,False,,73.1,1.8105849582172664,72.3,0.6963788300835655,,,,
2026-09-22,8028.TW,昇陽半導體,技術面,因子轉弱,60.0,30.0,-30.0,2.0,16.0,263.5,False,,258.0,-2.0872865275142316,289.0,9.67741935483871,,,,
2026-09-22,8150.TW,南茂,技術面,因子轉弱,90.0,65.0,-25.0,73.0,63.0,105.5,False,,107.0,1.4218009478672986,104.5,-0.9478672985781991,,,,
2026-09-22,8215.TW,明基材,技術面,因子轉弱,85.0,60.0,-25.0,19.0,44.0,28.35,False,,27.85,-1.763668430335097,28.0,-1.234567901234573,,,,
2026-09-22,8215.TW,明基材,量價面,因子轉弱,25.0,0.0,-25.0,19.0,44.0,28.35,False,,27.85,-1.763668430335097,28.0,-1.234567901234573,,,,
2026-09-23,00403A.TW,主動統一升級50,量價面,因子轉弱,25.0,0.0,-25.0,59.0,48.0,10.81,False,,10.88,0.6475485661424633,10.79,-0.18501387604071554,,,,
2026-09-23,0056.TW,元大高股息,技術面,因子轉弱,75.0,5.0,-70.0,8.0,-20.0,56.6,False,,56.65,0.08833922261483597,56.95,0.6183745583038894,,,,
2026-09-23,00878.TW,國泰永續高股息,籌碼面,因子轉弱,10.0,-55.0,-65.0,28.0,2.0,35.09,False,,34.88,-0.5984611000285005,34.9,-0.5414648047877025,,,,
2026-09-23,1326.TW,台化,技術面,因子轉弱,-10.0,-45.0,-35.0,16.0,2.0,65.4,False,,67.0,2.4464831804281255,69.7,6.574923547400608,,,,
2026-09-23,1612.TW,宏泰,技術面,因子轉弱,35.0,-30.0,-65.0,34.0,8.0,34.95,False,,35.05,0.2861230329041325,35.7,2.1459227467811157,,,,
2026-09-23,1714.TW,和桐,技術面,因子轉弱,20.0,-20.0,-40.0,32.0,4.0,15.8,False,,15.75,-0.3164556962025361,16.5,4.430379746835438,,,,
2026-09-23,1714.TW,和桐,籌碼面,因子轉弱,60.0,30.0,-30.0,32.0,4.0,15.8,False,,15.75,-0.3164556962025361,16.5,4.430379746835438,,,,
2026-09-23,1718.TW,中纖,技術面,因子轉弱,35.0,-30.0,-65.0,38.0,12.0,10.6,False,,10.5,-0.943396226415091,10.85,2.358490566037736,,,,
2026-09-23,1802.TW,台玻,籌碼面,因子轉弱,30.0,-55.0,-85.0,4.0,-34.0,57.6,False,,58.4,1.388888888888884,59.9,3.9930555555555505,,,,
2026-09-23,2303.TW,聯電,籌碼面,因子轉弱,80.0,50.0,-30.0,54.0,38.0,160.0,True,1,154.0,-3.75,154.5,-3.4375000000000004,,,,
2026-09-23,2308.TW,台達電,技術面,因子轉弱,55.0,20.0,-35.0,54.0,40.0,1900.0,False,,1910.0,0.5263157894736842,1890.0,-0.5263157894736842,,,,
2026-09-23,2327.TW,國巨,籌碼面,因子轉弱,80.0,50.0,-30.0,34.0,42.0,573.0,True,3,580.0,1.2216404886561953,548.0,-4.363001745200698,,,,
2026-09-23,2331.TW,精英,技術面,因子轉弱,10.0,-30.0,-40.0,16.0,0.0,19.0,False,,18.85,-0.7894736842105189,19.6,3.157894736842113,,,,
2026-09-23,2351.TW,順德,技術面,因子轉弱,20.0,-10.0,-30.0,28.0,28.0,226.0,True,3,219.5,-2.8761061946902653,209.0,-7.52212389380531,,,,
2026-09-23,2353.TW,宏碁,技術面,因子轉弱,-5.0,-30.0,-25.0,18.0,-4.0,31.55,False,,31.75,0.6339144215530881,31.65,0.31695721077653843,,,,
2026-09-23,2353.TW,宏碁,籌碼面,因子轉弱,50.0,20.0,-30.0,18.0,-4.0,31.55,False,,31.75,0.6339144215530881,31.65,0.31695721077653843,,,,
2026-09-23,2374.TW,佳能,籌碼面,因子轉弱,30.0,-35.0,-65.0,4.0,-26.0,66.1,False,,66.3,0.30257186081694837,67.2,1.6641452344932053,,,,
2026-09-23,2401.TW,凌陽,技術面,因子轉弱,55.0,20.0,-35.0,46.0,32.0,25.7,False,,25.55,-0.5836575875486326,26.75,4.08560311284047,,,,
2026-09-23,2409.TW,友達,技術面,因子轉弱,85.0,55.0,-30.0,71.0,42.0,34.7,False,,34.2,-1.440922190201729,38.55,11.095100864553297,,,,
2026-09-23,2409.TW,友達,籌碼面,因子轉弱,80.0,50.0,-30.0,71.0,42.0,34.7,False,,34.2,-1.440922190201729,38.55,11.095100864553297,,,,
2026-09-23,2409.TW,友達,量價面,因子轉弱,25.0,0.0,-25.0,71.0,42.0,34.7,False,,34.2,-1.440922190201729,38.55,11.095100864553297,,,,
2026-09-23,2421.TW,建準,技術面,因子轉弱,20.0,-20.0,-40.0,32.0,4.0,163.0,False,,167.0,2.4539877300613497,160.5,-1.5337423312883436,,,,
2026-09-23,2421.TW,建準,籌碼面,因子轉弱,60.0,30.0,-30.0,32.0,4.0,163.0,False,,167.0,2.4539877300613497,160.5,-1.5337423312883436,,,,
2026-09-23,2449.TW,京元電子,籌碼面,因子轉弱,80.0,50.0,-30.0,61.0,38.0,304.0,True,3,311.0,2.302631578947368,294.5,-3.125,,,,
2026-09-23,2449.TW,京元電子,量價面,因子轉弱,25.0,0.0,-25.0,61.0,38.0,304.0,True,3,311.0,2.302631578947368,294.5,-3.125,,,,
2026-09-23,2455.TW,全新,技術面,因子轉弱,45.0,5.0,-40.0,-4.0,-10.0,552.0,False,,554.0,0.36231884057971014,552.0,0.0,,,,
2026-09-23,2485.TW,兆赫,技術面,因子轉弱,20.0,-30.0,-50.0,20.0,-4.0,39.25,False,,39.15,-0.2547770700636979,41.7,6.242038216560516,,,,
2026-09-23,2540.TW,愛山林,技術面,因子轉弱,45.0,5.0,-40.0,30.0,26.0,49.65,False,,49.0,-1.3091641490433004,48.45,-2.4169184290030126,,,,
2026-09-23,2605.TW,新興,籌碼面,因子轉弱,60.0,30.0,-30.0,42.0,30.0,37.05,True,3,36.5,-1.4844804318488454,35.55,-4.048582995951417,,,,
2026-09-23,2612.TW,中航,技術面,因子轉弱,5.0,-20.0,-25.0,22.0,12.0,62.4,False,,62.2,-0.3205128205128137,61.8,-0.9615384615384639,,,,
2026-09-23,2748.TW,雲品,技術面,因子轉弱,-30.0,-55.0,-25.0,-6.0,-22.0,38.65,False,,38.8,0.3880983182406173,38.8,0.3880983182406173,,,,
2026-09-23,2801.TW,彰銀,籌碼面,因子轉弱,30.0,-55.0,-85.0,14.0,-20.0,27.85,False,,27.75,-0.3590664272890536,27.6,-0.8976660682226212,,,,
2026-09-23,2812.TW,台中銀,技術面,因子轉弱,-5.0,-30.0,-25.0,-34.0,-44.0,19.15,False,,19.0,-0.7832898172323686,18.85,-1.5665796344647371,,,,
2026-09-23,2832.TW,台產,技術面,因子轉弱,-5.0,-30.0,-25.0,14.0,4.0,57.8,False,,57.5,-0.5190311418685072,56.9,-1.557093425605534,,,,
2026-09-23,2882.TW,國泰金,籌碼面,因子轉弱,10.0,-15.0,-25.0,6.0,-4.0,111.5,False,,110.5,-0.8968609865470852,111.0,-0.4484304932735426,,,,
2026-09-23,3014.TW,聯陽,籌碼面,因子轉弱,80.0,50.0,-30.0,56.0,48.0,143.0,False,,140.5,-1.7482517482517483,141.5,-1.048951048951049,,,,
2026-09-23,3022.TW,威強電,技術面,因子轉弱,45.0,-20.0,-65.0,30.0,4.0,90.7,False,,93.1,2.646085997794919,92.3,1.7640573318632793,,,,
2026-09-23,3023.TW,信邦,籌碼面,因子轉弱,50.0,-90.0,-140.0,-2.0,-54.0,312.0,False,,311.0,-0.3205128205128205,307.0,-1.6025641025641024,,,,
2026-09-23,3029.TW,零壹,技術面,因子轉弱,45.0,5.0,-40.0,42.0,14.0,118.5,False,,120.0,1.2658227848101267,120.0,1.2658227848101267,,,,
2026-09-23,3029.TW,零壹,籌碼面,因子轉弱,60.0,30.0,-30.0,42.0,14.0,118.5,False,,120.0,1.2658227848101267,120.0,1.2658227848101267,,,,
2026-09-23,3035.TW,智原,技術面,因子轉弱,65.0,45.0,-20.0,55.0,30.0,204.0,False,,206.5,1.2254901960784315,210.5,3.1862745098039214,,,,
2026-09-23,3035.TW,智原,籌碼面,因子轉弱,60.0,30.0,-30.0,55.0,30.0,204.0,False,,206.5,1.2254901960784315,210.5,3.1862745098039214,,,,
2026-09-23,3035.TW,智原,量價面,因子轉弱,25.0,0.0,-25.0,55.0,30.0,204.0,False,,206.5,1.2254901960784315,210.5,3.1862745098039214,,,,
2026-09-23,3062.TW,建漢,技術面,因子轉弱,65.0,45.0,-20.0,-6.0,-4.0,22.2,False,,21.95,-1.1261261261261262,22.9,3.1531531531531503,,,,
2026-09-23,3081.TWO,聯亞,技術面,因子轉弱,20.0,-20.0,-40.0,8.0,-8.0,2680.0,False,,2700.0,0.7462686567164178,2695.0,0.5597014925373134,,,,
2026-09-23,3189.TW,景碩,技術面,因子轉弱,55.0,30.0,-25.0,54.0,44.0,906.0,False,,962.0,6.181015452538632,970.0,7.06401766004415,,,,
2026-09-23,3376.TW,新日興,技術面,因子轉弱,5.0,-55.0,-60.0,-20.0,-44.0,176.5,False,,174.0,-1.41643059490085,174.5,-1.13314447592068,,,,
2026-09-23,3481.TW,群創,技術面,因子轉弱,65.0,20.0,-45.0,46.0,-6.0,49.6,False,,49.55,-0.10080645161291181,54.7,10.282258064516132,,,,
2026-09-23,3481.TW,群創,籌碼面,因子轉弱,60.0,-35.0,-95.0,46.0,-6.0,49.6,False,,49.55,-0.10080645161291181,54.7,10.282258064516132,,,,
2026-09-23,3545.TW,敦泰,技術面,因子轉弱,30.0,-20.0,-50.0,36.0,16.0,51.3,False,,51.0,-0.5847953216374214,51.8,0.9746588693957117,,,,
2026-09-23,3673.TW,TPK-KY,技術面,因子轉弱,30.0,-10.0,-40.0,24.0,-26.0,64.8,False,,65.6,1.2345679012345634,75.5,16.51234567901235,,,,
2026-09-23,3673.TW,TPK-KY,籌碼面,因子轉弱,30.0,-55.0,-85.0,24.0,-26.0,64.8,False,,65.6,1.2345679012345634,75.5,16.51234567901235,,,,
2026-09-23,4903.TWO,聯光通,量價面,因子轉弱,25.0,0.0,-25.0,31.0,24.0,42.15,False,,43.0,2.01660735468565,42.9,1.7793594306049825,,,,
2026-09-23,4958.TW,臻鼎-KY,技術面,因子轉弱,10.0,-35.0,-45.0,-16.0,-44.0,473.0,False,,475.5,0.5285412262156448,507.0,7.188160676532769,,,,
2026-09-23,4960.TW,誠美材,技術面,因子轉弱,30.0,5.0,-25.0,-10.0,-10.0,22.75,False,,22.45,-1.3186813186813218,24.4,7.2527472527472465,,,,
2026-09-23,4966.TWO,譜瑞-KY,技術面,因子轉弱,60.0,-20.0,-80.0,24.0,-8.0,564.0,False,,572.0,1.4184397163120568,571.0,1.2411347517730498,,,,
2026-09-23,4979.TWO,華星光,技術面,因子轉弱,35.0,5.0,-30.0,14.0,2.0,590.0,True,1,563.0,-4.576271186440678,569.0,-3.5593220338983054,,,,
2026-09-23,5706.TW,鳳凰,技術面,因子轉弱,10.0,-30.0,-40.0,16.0,-8.0,44.15,False,,43.9,-0.5662514156285391,44.15,0.0,,,,
2026-09-23,6116.TW,彩晶,技術面,因子轉弱,90.0,45.0,-45.0,65.0,38.0,15.0,False,,14.9,-0.6666666666666643,16.35,9.000000000000009,,,,
2026-09-23,6116.TW,彩晶,量價面,因子轉弱,25.0,0.0,-25.0,65.0,38.0,15.0,False,,14.9,-0.6666666666666643,16.35,9.000000000000009,,,,
2026-09-23,6191.TW,精成科,技術面,因子轉弱,60.0,-30.0,-90.0,56.0,-40.0,82.8,False,,82.3,-0.6038647342995169,84.0,1.4492753623188441,,,,
2026-09-23,6191.TW,精成科,籌碼面,因子轉弱,80.0,-70.0,-150.0,56.0,-40.0,82.8,False,,82.3,-0.6038647342995169,84.0,1.4492753623188441,,,,
2026-09-23,6269.TW,台郡,技術面,因子轉弱,-15.0,-55.0,-40.0,-36.0,-34.0,64.0,False,,64.8,1.2499999999999956,66.0,3.125,,,,
2026-09-23,6278.TW,台表科,籌碼面,因子轉弱,80.0,50.0,-30.0,63.0,42.0,209.0,False,,212.0,1.4354066985645932,218.0,4.30622009569378,,,,
2026-09-23,6278.TW,台表科,量價面,因子轉弱,25.0,-20.0,-45.0,63.0,42.0,209.0,False,,212.0,1.4354066985645932,218.0,4.30622009569378,,,,
2026-09-23,6285.TW,啟碁,技術面,因子轉弱,20.0,-20.0,-40.0,-6.0,12.0,230.0,False,,238.0,3.4782608695652173,236.0,2.608695652173913,,,,
2026-09-23,7769.TW,鴻勁,技術面,因子轉弱,-20.0,-45.0,-25.0,-20.0,-48.0,5975.0,True,1,5670.0,-5.104602510460251,5505.0,-7.866108786610878,,,,
2026-09-23,7769.TW,鴻勁,籌碼面,因子轉弱,-30.0,-75.0,-45.0,-20.0,-48.0,5975.0,True,1,5670.0,-5.104602510460251,5505.0,-7.866108786610878,,,,
2026-09-23,8028.TW,昇陽半導體,籌碼面,因子轉弱,10.0,-55.0,-65.0,16.0,-14.0,258.0,False,,269.0,4.263565891472868,282.5,9.496124031007753,,,,
2026-09-23,8150.TW,南茂,量價面,因子轉弱,25.0,0.0,-25.0,63.0,48.0,107.0,False,,112.0,4.672897196261682,114.5,7.009345794392523,,,,
2026-09-23,8215.TW,明基材,技術面,因子轉弱,60.0,5.0,-55.0,44.0,34.0,27.85,False,,27.9,0.17953321364451402,29.65,6.463195691202863,,,,
2026-09-23,8299.TWO,群聯,技術面,因子轉弱,55.0,30.0,-25.0,22.0,12.0,2215.0,True,1,2125.0,-4.063205417607223,2150.0,-2.9345372460496613,,,,
2026-09-24,00878.TW,國泰永續高股息,技術面,因子轉弱,60.0,30.0,-30.0,2.0,-10.0,34.88,False,,34.83,-0.14334862385322322,,,,,,
2026-09-24,1102.TW,亞泥,籌碼面,因子轉弱,80.0,50.0,-30.0,56.0,40.0,35.7,False,,35.3,-1.1204481792717245,,,,,,
2026-09-24,1326.TW,台化,籌碼面,因子轉弱,50.0,-30.0,-80.0,2.0,-10.0,67.0,False,,67.5,0.7462686567164178,,,,,,
2026-09-24,1409.TW,新纖,籌碼面,因子轉弱,50.0,-30.0,-80.0,8.0,-8.0,24.3,False,,24.35,0.2057613168724309,,,,,,
2026-09-24,1514.TW,亞力,技術面,因子轉弱,60.0,-15.0,-75.0,56.0,10.0,102.0,False,,102.0,0.0,,,,,,
2026-09-24,1514.TW,亞力,籌碼面,因子轉弱,80.0,40.0,-40.0,56.0,10.0,102.0,False,,102.0,0.0,,,,,,
2026-09-24,1718.TW,中纖,籌碼面,因子轉弱,60.0,30.0,-30.0,12.0,0.0,10.5,False,,10.55,0.476190476190483,,,,,,
2026-09-24,2303.TW,聯電,技術面,因子轉弱,45.0,5.0,-40.0,38.0,22.0,154.0,False,,153.5,-0.3246753246753247,,,,,,
2026-09-24,2312.TW,金寶,籌碼面,因子轉弱,50.0,0.0,-50.0,8.0,-12.0,30.65,False,,30.7,0.16313213703099744,,,,,,
2026-09-24,2313.TW,華通,技術面,因子轉弱,20.0,-30.0,-50.0,-12.0,-26.0,222.5,False,,226.0,1.5730337078651686,,,,,,
2026-09-24,2317.TW,鴻海,技術面,因子轉弱,70.0,-20.0,-90.0,60.0,-30.0,250.5,False,,250.5,0.0,,,,,,
2026-09-24,2317.TW,鴻海,籌碼面,因子轉弱,80.0,-55.0,-135.0,60.0,-30.0,250.5,False,,250.5,0.0,,,,,,
2026-09-24,2327.TW,國巨,技術面,因子轉弱,55.0,30.0,-25.0,42.0,44.0,580.0,True,1,548.0,-5.517241379310345,,,,,,
2026-09-24,2330.TW,台積電,技術面,因子轉弱,60.0,10.0,-50.0,48.0,16.0,2475.0,False,,2475.0,0.0,,,,,,
2026-09-24,2330.TW,台積電,籌碼面,因子轉弱,60.0,30.0,-30.0,48.0,16.0,2475.0,False,,2475.0,0.0,,,,,,
2026-09-24,2337.TW,旺宏,技術面,因子轉弱,10.0,-30.0,-40.0,16.0,-42.0,117.0,False,,118.5,1.282051282051282,,,,,,
2026-09-24,2337.TW,旺宏,籌碼面,因子轉弱,30.0,-75.0,-105.0,16.0,-42.0,117.0,False,,118.5,1.282051282051282,,,,,,
2026-09-24,2338.TW,光罩,技術面,因子轉弱,5.0,-20.0,-25.0,-10.0,-14.0,47.1,False,,47.1,0.0,,,,,,
2026-09-24,2353.TW,宏碁,籌碼面,因子轉弱,20.0,-55.0,-75.0,-4.0,-34.0,31.75,False,,31.4,-1.102362204724414,,,,,,
2026-09-24,2362.TW,藍天,技術面,因子轉弱,-5.0,-30.0,-25.0,6.0,-4.0,47.6,False,,46.7,-1.8907563025210055,,,,,,
2026-09-24,2374.TW,佳能,籌碼面,因子轉弱,-35.0,-70.0,-35.0,-26.0,-40.0,66.3,False,,66.2,-0.15082956259425992,,,,,,
2026-09-24,2376.TW,技嘉,技術面,因子轉弱,20.0,-20.0,-40.0,40.0,12.0,361.5,False,,362.0,0.13831258644536654,,,,,,
2026-09-24,2376.TW,技嘉,籌碼面,因子轉弱,80.0,50.0,-30.0,40.0,12.0,361.5,False,,362.0,0.13831258644536654,,,,,,
2026-09-24,2382.TW,廣達,籌碼面,因子轉弱,30.0,-80.0,-110.0,10.0,-34.0,338.5,False,,336.5,-0.5908419497784343,,,,,,
2026-09-24,2401.TW,凌陽,技術面,因子轉弱,20.0,-20.0,-40.0,32.0,24.0,25.55,False,,26.05,1.9569471624266144,,,,,,
2026-09-24,2408.TW,南亞科,技術面,因子轉弱,30.0,5.0,-25.0,44.0,22.0,503.0,False,,506.0,0.5964214711729622,,,,,,
2026-09-24,2408.TW,南亞科,籌碼面,因子轉弱,80.0,50.0,-30.0,44.0,22.0,503.0,False,,506.0,0.5964214711729622,,,,,,
2026-09-24,2451.TW,創見,技術面,因子轉弱,20.0,-20.0,-40.0,32.0,4.0,284.5,False,,286.0,0.5272407732864675,,,,,,
2026-09-24,2451.TW,創見,籌碼面,因子轉弱,60.0,30.0,-30.0,32.0,4.0,284.5,False,,286.0,0.5272407732864675,,,,,,
2026-09-24,2605.TW,新興,技術面,因子轉弱,45.0,5.0,-40.0,30.0,-30.0,36.5,True,1,35.4,-3.0136986301369904,,,,,,
2026-09-24,2605.TW,新興,籌碼面,因子轉弱,30.0,-80.0,-110.0,30.0,-30.0,36.5,True,1,35.4,-3.0136986301369904,,,,,,
2026-09-24,2606.TW,裕民,籌碼面,因子轉弱,60.0,20.0,-40.0,26.0,4.0,76.7,True,1,73.4,-4.302477183833112,,,,,,
2026-09-24,2610.TW,華航,籌碼面,因子轉弱,80.0,30.0,-50.0,42.0,20.0,20.3,False,,20.1,-0.9852216748768439,,,,,,
2026-09-24,2618.TW,長榮航,技術面,因子轉弱,65.0,-30.0,-95.0,58.0,0.0,42.0,False,,41.5,-1.1904761904761905,,,,,,
2026-09-24,2618.TW,長榮航,籌碼面,因子轉弱,80.0,30.0,-50.0,58.0,0.0,42.0,False,,41.5,-1.1904761904761905,,,,,,
2026-09-24,2637.TW,慧洋-KY,籌碼面,因子轉弱,60.0,30.0,-30.0,26.0,18.0,100.5,True,1,95.0,-5.472636815920398,,,,,,
2026-09-24,2707.TW,晶華,技術面,因子轉弱,25.0,-30.0,-55.0,22.0,0.0,176.5,False,,175.0,-0.84985835694051,,,,,,
2026-09-24,2731.TW,雄獅,技術面,因子轉弱,50.0,25.0,-25.0,40.0,14.0,144.0,False,,143.0,-0.6944444444444444,,,,,,
2026-09-24,2731.TW,雄獅,籌碼面,因子轉弱,50.0,10.0,-40.0,40.0,14.0,144.0,False,,143.0,-0.6944444444444444,,,,,,
2026-09-24,2801.TW,彰銀,技術面,因子轉弱,5.0,-20.0,-25.0,-20.0,-40.0,27.75,False,,27.5,-0.9009009009009009,,,,,,
2026-09-24,2816.TW,旺旺保,籌碼面,因子轉弱,50.0,-20.0,-70.0,22.0,-6.0,40.15,False,,39.85,-0.747198007471973,,,,,,
2026-09-24,2820.TW,華票,技術面,因子轉弱,10.0,-20.0,-30.0,28.0,4.0,17.0,False,,16.85,-0.8823529411764622,,,,,,
2026-09-24,2820.TW,華票,籌碼面,因子轉弱,60.0,30.0,-30.0,28.0,4.0,17.0,False,,16.85,-0.8823529411764622,,,,,,
2026-09-24,2832.TW,台產,籌碼面,因子轉弱,40.0,-70.0,-110.0,4.0,-40.0,57.5,False,,56.8,-1.217391304347831,,,,,,
2026-09-24,2881.TW,富邦金,技術面,因子轉弱,45.0,5.0,-40.0,30.0,-30.0,150.0,False,,151.5,1.0,,,,,,
2026-09-24,2881.TW,富邦金,籌碼面,因子轉弱,30.0,-80.0,-110.0,30.0,-30.0,150.0,False,,151.5,1.0,,,,,,
2026-09-24,2882.TW,國泰金,技術面,因子轉弱,5.0,-20.0,-25.0,-4.0,-38.0,110.5,False,,111.5,0.904977375565611,,,,,,
2026-09-24,2882.TW,國泰金,籌碼面,因子轉弱,-15.0,-75.0,-60.0,-4.0,-38.0,110.5,False,,111.5,0.904977375565611,,,,,,
2026-09-24,2884.TW,玉山金,技術面,因子轉弱,5.0,-20.0,-25.0,14.0,-20.0,45.6,False,,44.9,-1.5350877192982517,,,,,,
2026-09-24,2884.TW,玉山金,籌碼面,因子轉弱,30.0,-30.0,-60.0,14.0,-20.0,45.6,False,,44.9,-1.5350877192982517,,,,,,
2026-09-24,2886.TW,兆豐金,籌碼面,因子轉弱,60.0,30.0,-30.0,16.0,4.0,49.6,False,,49.1,-1.0080645161290323,,,,,,
2026-09-24,2887.TW,台新金,技術面,因子轉弱,5.0,-20.0,-25.0,-10.0,-38.0,42.5,False,,41.8,-1.6470588235294186,,,,,,
2026-09-24,2887.TW,台新金,籌碼面,因子轉弱,-30.0,-75.0,-45.0,-10.0,-38.0,42.5,False,,41.8,-1.6470588235294186,,,,,,
2026-09-24,2891.TW,中信金,技術面,因子轉弱,5.0,-20.0,-25.0,22.0,4.0,68.5,False,,68.7,0.29197080291971217,,,,,,
2026-09-24,2892.TW,第一金,技術面,因子轉弱,5.0,-20.0,-25.0,34.0,24.0,39.5,False,,38.6,-2.2784810126582244,,,,,,
2026-09-24,2897.TW,王道銀行,技術面,因子轉弱,5.0,-20.0,-25.0,-30.0,-40.0,11.05,False,,10.95,-0.9049773755656236,,,,,,
2026-09-24,3013.TW,晟銘電,籌碼面,因子轉弱,-5.0,-45.0,-40.0,-4.0,-14.0,84.5,False,,84.0,-0.591715976331361,,,,,,
2026-09-24,3014.TW,聯陽,技術面,因子轉弱,70.0,45.0,-25.0,48.0,34.0,140.5,False,,143.5,2.135231316725979,,,,,,
2026-09-24,3062.TW,建漢,技術面,因子轉弱,45.0,5.0,-40.0,-4.0,-20.0,21.95,False,,22.0,0.22779043280182557,,,,,,
2026-09-24,3163.TWO,波若威,技術面,因子轉弱,-5.0,-30.0,-25.0,-2.0,-12.0,653.0,False,,646.0,-1.0719754977029097,,,,,,
2026-09-24,3443.TW,創意,籌碼面,因子轉弱,50.0,20.0,-30.0,44.0,32.0,8525.0,True,1,7925.0,-7.038123167155426,,,,,,
2026-09-24,3481.TW,群創,技術面,因子轉弱,20.0,-20.0,-40.0,-6.0,-38.0,49.55,False,,49.75,0.40363269424823983,,,,,,
2026-09-24,3481.TW,群創,籌碼面,因子轉弱,-35.0,-75.0,-40.0,-6.0,-38.0,49.55,False,,49.75,0.40363269424823983,,,,,,
2026-09-24,3711.TW,日月光投控,籌碼面,因子轉弱,60.0,30.0,-30.0,42.0,36.0,699.0,False,,687.0,-1.7167381974248928,,,,,,
2026-09-24,4908.TWO,前鼎,技術面,因子轉弱,-20.0,-45.0,-25.0,-8.0,-18.0,210.0,False,,205.5,-2.142857142857143,,,,,,
2026-09-24,4979.TWO,華星光,技術面,因子轉弱,5.0,-20.0,-25.0,2.0,-8.0,563.0,False,,567.0,0.7104795737122558,,,,,,
2026-09-24,6116.TW,彩晶,籌碼面,因子轉弱,50.0,-55.0,-105.0,38.0,-4.0,14.9,False,,14.9,0.0,,,,,,
2026-09-24,6230.TW,超眾,籌碼面,因子轉弱,30.0,0.0,-30.0,14.0,22.0,113.0,False,,111.5,-1.3274336283185841,,,,,,
2026-09-24,6239.TW,力成,技術面,因子轉弱,45.0,5.0,-40.0,30.0,14.0,287.0,False,,281.0,-2.0905923344947737,,,,,,
2026-09-24,6278.TW,台表科,技術面,因子轉弱,65.0,20.0,-45.0,42.0,32.0,212.0,False,,216.0,1.8867924528301887,,,,,,
2026-09-24,6488.TWO,環球晶,技術面,因子轉弱,35.0,5.0,-30.0,14.0,2.0,948.0,False,,945.0,-0.31645569620253167,,,,,,
2026-09-24,6770.TW,力積電,技術面,因子轉弱,45.0,5.0,-40.0,50.0,22.0,72.0,False,,72.3,0.41666666666666274,,,,,,
2026-09-24,6770.TW,力積電,籌碼面,因子轉弱,80.0,50.0,-30.0,50.0,22.0,72.0,False,,72.3,0.41666666666666274,,,,,,
2026-09-24,8215.TW,明基材,籌碼面,因子轉弱,80.0,30.0,-50.0,34.0,14.0,27.9,False,,28.0,0.35842293906810546,,,,,,
2026-09-24,8299.TWO,群聯,技術面,因子轉弱,30.0,-20.0,-50.0,12.0,-8.0,2125.0,False,,2115.0,-0.4705882352941176,,,,,,
2026-09-29,00403A.TW,主動統一升級50,技術面,因子轉弱,60.0,20.0,-40.0,48.0,32.0,10.7,False,,10.79,0.8411214953271016,,,,,,
2026-09-29,1102.TW,亞泥,技術面,因子轉弱,50.0,5.0,-45.0,40.0,34.0,35.3,False,,35.8,1.41643059490085,,,,,,
2026-09-29,1409.TW,新纖,技術面,因子轉弱,10.0,-15.0,-25.0,-8.0,-12.0,24.35,False,,24.9,2.2587268993839715,,,,,,
2026-09-29,2027.TW,大成鋼,籌碼面,因子轉弱,80.0,50.0,-30.0,44.0,28.0,47.15,False,,47.45,0.6362672322375488,,,,,,
2026-09-29,2308.TW,台達電,籌碼面,因子轉弱,80.0,30.0,-50.0,40.0,18.0,1835.0,False,,1890.0,2.997275204359673,,,,,,
2026-09-29,2312.TW,金寶,技術面,因子轉弱,-30.0,-55.0,-25.0,-12.0,-2.0,30.7,False,,31.25,1.7915309446254093,,,,,,
2026-09-29,2327.TW,國巨,技術面,因子轉弱,30.0,-10.0,-40.0,44.0,-34.0,548.0,False,,548.0,0.0,,,,,,
2026-09-29,2327.TW,國巨,籌碼面,因子轉弱,80.0,-75.0,-155.0,44.0,-34.0,548.0,False,,548.0,0.0,,,,,,
2026-09-29,2329.TW,華泰,技術面,因子轉弱,35.0,5.0,-30.0,22.0,-30.0,43.8,False,,44.8,2.2831050228310503,,,,,,
2026-09-29,2329.TW,華泰,籌碼面,因子轉弱,20.0,-80.0,-100.0,22.0,-30.0,43.8,False,,44.8,2.2831050228310503,,,,,,
2026-09-29,2330.TW,台積電,籌碼面,因子轉弱,30.0,-75.0,-105.0,16.0,-22.0,2475.0,False,,2480.0,0.20202020202020202,,,,,,
2026-09-29,2344.TW,華邦電,籌碼面,因子轉弱,30.0,-50.0,-80.0,4.0,-12.0,174.0,False,,179.5,3.1609195402298855,,,,,,
2026-09-29,2345.TW,智邦,技術面,因子轉弱,20.0,-20.0,-40.0,-22.0,-38.0,1810.0,False,,1775.0,-1.9337016574585635,,,,,,
2026-09-29,2353.TW,宏碁,技術面,因子轉弱,-30.0,-55.0,-25.0,-34.0,-34.0,31.4,False,,31.65,0.7961783439490446,,,,,,
2026-09-29,2362.TW,藍天,籌碼面,因子轉弱,20.0,-45.0,-65.0,-4.0,-24.0,46.7,False,,46.9,0.4282655246252585,,,,,,
2026-09-29,2374.TW,佳能,技術面,因子轉弱,-30.0,-55.0,-25.0,-40.0,-30.0,66.2,False,,67.2,1.510574018126888,,,,,,
2026-09-29,2383.TW,台光電,技術面,因子轉弱,-5.0,-45.0,-40.0,-24.0,-40.0,4920.0,False,,4935.0,0.3048780487804878,,,,,,
2026-09-29,2408.TW,南亞科,技術面,因子轉弱,5.0,-20.0,-25.0,22.0,-28.0,506.0,False,,519.0,2.5691699604743086,,,,,,
2026-09-29,2408.TW,南亞科,籌碼面,因子轉弱,50.0,-50.0,-100.0,22.0,-28.0,506.0,False,,519.0,2.5691699604743086,,,,,,
2026-09-29,2421.TW,建準,技術面,因子轉弱,20.0,-20.0,-40.0,32.0,0.0,163.5,False,,160.5,-1.834862385321101,,,,,,
2026-09-29,2421.TW,建準,籌碼面,因子轉弱,60.0,20.0,-40.0,32.0,0.0,163.5,False,,160.5,-1.834862385321101,,,,,,
2026-09-29,2449.TW,京元電子,技術面,因子轉弱,45.0,5.0,-40.0,50.0,22.0,294.5,False,,294.5,0.0,,,,,,
2026-09-29,2449.TW,京元電子,籌碼面,因子轉弱,80.0,50.0,-30.0,50.0,22.0,294.5,False,,294.5,0.0,,,,,,
2026-09-29,2454.TW,聯發科,技術面,因子轉弱,45.0,15.0,-30.0,50.0,26.0,4910.0,False,,4920.0,0.20366598778004072,,,,,,
2026-09-29,2454.TW,聯發科,籌碼面,因子轉弱,80.0,50.0,-30.0,50.0,26.0,4910.0,False,,4920.0,0.20366598778004072,,,,,,
2026-09-29,2498.TW,宏達電,技術面,因子轉弱,45.0,20.0,-25.0,-12.0,-4.0,43.0,False,,42.9,-0.23255813953488702,,,,,,
2026-09-29,2540.TW,愛山林,籌碼面,因子轉弱,50.0,20.0,-30.0,22.0,10.0,47.6,False,,48.45,1.7857142857142887,,,,,,
2026-09-29,2603.TW,長榮,技術面,因子轉弱,60.0,5.0,-55.0,48.0,-30.0,238.0,False,,239.5,0.6302521008403361,,,,,,
2026-09-29,2603.TW,長榮,籌碼面,因子轉弱,60.0,-80.0,-140.0,48.0,-30.0,238.0,False,,239.5,0.6302521008403361,,,,,,
2026-09-29,2606.TW,裕民,技術面,因子轉弱,-10.0,-65.0,-55.0,4.0,-48.0,73.4,False,,73.6,0.27247956403268203,,,,,,
2026-09-29,2606.TW,裕民,籌碼面,因子轉弱,20.0,-55.0,-75.0,4.0,-48.0,73.4,False,,73.6,0.27247956403268203,,,,,,
2026-09-29,2607.TW,榮運,技術面,因子轉弱,50.0,25.0,-25.0,40.0,18.0,53.1,False,,53.8,1.3182674199623272,,,,,,
2026-09-29,2607.TW,榮運,籌碼面,因子轉弱,50.0,20.0,-30.0,40.0,18.0,53.1,False,,53.8,1.3182674199623272,,,,,,
2026-09-29,2609.TW,陽明,技術面,因子轉弱,5.0,-20.0,-25.0,34.0,12.0,58.4,False,,59.4,1.7123287671232876,,,,,,
2026-09-29,2609.TW,陽明,籌碼面,因子轉弱,80.0,50.0,-30.0,34.0,12.0,58.4,False,,59.4,1.7123287671232876,,,,,,
2026-09-29,2610.TW,華航,技術面,因子轉弱,20.0,-30.0,-50.0,20.0,8.0,20.1,False,,20.45,1.7412935323382976,,,,,,
2026-09-29,2612.TW,中航,技術面,因子轉弱,-20.0,-45.0,-25.0,12.0,-10.0,60.8,False,,61.8,1.644736842105263,,,,,,
2026-09-29,2612.TW,中航,籌碼面,因子轉弱,50.0,20.0,-30.0,12.0,-10.0,60.8,False,,61.8,1.644736842105263,,,,,,
2026-09-29,2617.TW,台航,籌碼面,因子轉弱,60.0,20.0,-40.0,26.0,0.0,31.25,False,,31.45,0.6399999999999977,,,,,,
2026-09-29,2617.TW,台航,量價面,因子轉弱,0.0,-20.0,-20.0,26.0,0.0,31.25,False,,31.45,0.6399999999999977,,,,,,
2026-09-29,2636.TW,台驊投控,技術面,因子轉弱,80.0,-5.0,-85.0,61.0,10.0,70.4,False,,71.7,1.846590909090905,,,,,,
2026-09-29,2636.TW,台驊投控,籌碼面,因子轉弱,60.0,30.0,-30.0,61.0,10.0,70.4,False,,71.7,1.846590909090905,,,,,,
2026-09-29,2636.TW,台驊投控,量價面,因子轉弱,25.0,0.0,-25.0,61.0,10.0,70.4,False,,71.7,1.846590909090905,,,,,,
2026-09-29,2637.TW,慧洋-KY,技術面,因子轉弱,15.0,-10.0,-25.0,18.0,-40.0,95.0,False,,96.4,1.473684210526322,,,,,,
2026-09-29,2637.TW,慧洋-KY,籌碼面,因子轉弱,30.0,-80.0,-110.0,18.0,-40.0,95.0,False,,96.4,1.473684210526322,,,,,,
2026-09-29,2637.TW,慧洋-KY,量價面,因子轉弱,0.0,-20.0,-20.0,18.0,-40.0,95.0,False,,96.4,1.473684210526322,,,,,,
2026-09-29,2707.TW,晶華,籌碼面,因子轉弱,30.0,-25.0,-55.0,0.0,-28.0,175.0,False,,175.5,0.2857142857142857,,,,,,
2026-09-29,2731.TW,雄獅,技術面,因子轉弱,25.0,-15.0,-40.0,14.0,14.0,143.0,False,,144.5,1.048951048951049,,,,,,
2026-09-29,2748.TW,雲品,技術面,因子轉弱,25.0,-55.0,-80.0,10.0,-32.0,38.7,False,,38.8,0.2583979328165228,,,,,,
2026-09-29,2816.TW,旺旺保,籌碼面,因子轉弱,-20.0,-50.0,-30.0,-6.0,-14.0,39.85,False,,40.3,1.1292346298619718,,,,,,
2026-09-29,2855.TW,統一證,技術面,因子轉弱,45.0,5.0,-40.0,50.0,14.0,55.5,False,,56.6,1.9819819819819846,,,,,,
2026-09-29,2855.TW,統一證,籌碼面,因子轉弱,80.0,30.0,-50.0,50.0,14.0,55.5,False,,56.6,1.9819819819819846,,,,,,
2026-09-29,2886.TW,兆豐金,技術面,因子轉弱,-20.0,-45.0,-25.0,4.0,-6.0,49.1,False,,49.15,0.10183299389001457,,,,,,
2026-09-29,2892.TW,第一金,籌碼面,因子轉弱,80.0,50.0,-30.0,24.0,16.0,38.6,False,,38.65,0.12953367875646932,,,,,,
2026-09-29,3017.TW,奇鋐,技術面,因子轉弱,35.0,-5.0,-40.0,34.0,-32.0,3400.0,False,,3435.0,1.0294117647058822,,,,,,
2026-09-29,3017.TW,奇鋐,籌碼面,因子轉弱,50.0,-75.0,-125.0,34.0,-32.0,3400.0,False,,3435.0,1.0294117647058822,,,,,,
2026-09-29,3029.TW,零壹,籌碼面,因子轉弱,60.0,-35.0,-95.0,26.0,-12.0,117.5,False,,120.0,2.127659574468085,,,,,,
2026-09-29,3037.TW,欣興,籌碼面,因子轉弱,80.0,50.0,-30.0,54.0,38.0,1165.0,False,,1175.0,0.8583690987124464,,,,,,
2026-09-29,3042.TW,晶技,量價面,因子轉弱,25.0,0.0,-25.0,51.0,34.0,208.5,False,,210.0,0.7194244604316548,,,,,,
2026-09-29,3045.TW,台灣大,技術面,因子轉弱,5.0,-20.0,-25.0,34.0,4.0,121.0,False,,119.5,-1.2396694214876034,,,,,,
2026-09-29,3045.TW,台灣大,籌碼面,因子轉弱,80.0,30.0,-50.0,34.0,4.0,121.0,False,,119.5,-1.2396694214876034,,,,,,
2026-09-29,3081.TWO,聯亞,技術面,因子轉弱,-30.0,-55.0,-25.0,-12.0,-22.0,2650.0,False,,2695.0,1.6981132075471699,,,,,,
2026-09-29,3105.TWO,穩懋,技術面,因子轉弱,45.0,5.0,-40.0,18.0,2.0,493.0,False,,542.0,9.939148073022313,,,,,,
2026-09-29,3189.TW,景碩,量價面,因子轉弱,25.0,0.0,-25.0,61.0,50.0,955.0,False,,970.0,1.5706806282722512,,,,,,
2026-09-29,3443.TW,創意,技術面,因子轉弱,60.0,5.0,-55.0,32.0,10.0,7925.0,False,,8040.0,1.451104100946372,,,,,,
2026-09-29,3702.TW,大聯大,籌碼面,因子轉弱,80.0,30.0,-50.0,60.0,34.0,115.0,False,,114.0,-0.8695652173913043,,,,,,
2026-09-29,3711.TW,日月光投控,技術面,因子轉弱,60.0,5.0,-55.0,36.0,14.0,687.0,False,,703.0,2.3289665211062593,,,,,,
2026-09-29,4938.TW,和碩,技術面,因子轉弱,10.0,-20.0,-30.0,-26.0,-22.0,90.8,False,,89.8,-1.1013215859030838,,,,,,
2026-09-29,4966.TWO,譜瑞-KY,技術面,因子轉弱,20.0,-20.0,-40.0,8.0,-8.0,569.0,False,,571.0,0.35149384885764495,,,,,,
2026-09-29,4967.TW,十銓,籌碼面,因子轉弱,40.0,-40.0,-80.0,4.0,-28.0,272.0,False,,275.0,1.1029411764705883,,,,,,
2026-09-29,5289.TWO,宜鼎,技術面,因子轉弱,20.0,-30.0,-50.0,8.0,-12.0,1280.0,False,,1290.0,0.78125,,,,,,
2026-09-29,6116.TW,彩晶,技術面,因子轉弱,45.0,5.0,-40.0,-4.0,14.0,14.9,False,,16.35,9.73154362416108,,,,,,
2026-09-29,6213.TW,聯茂,技術面,因子轉弱,95.0,70.0,-25.0,70.0,60.0,620.0,False,,623.0,0.4838709677419355,,,,,,
2026-09-29,6214.TW,精誠,技術面,因子轉弱,15.0,-20.0,-35.0,30.0,4.0,189.0,False,,188.0,-0.5291005291005291,,,,,,
2026-09-29,6214.TW,精誠,籌碼面,因子轉弱,60.0,30.0,-30.0,30.0,4.0,189.0,False,,188.0,-0.5291005291005291,,,,,,
2026-09-29,6230.TW,超眾,技術面,因子轉弱,55.0,-10.0,-65.0,22.0,-24.0,111.5,False,,113.0,1.345291479820628,,,,,,
2026-09-29,6230.TW,超眾,籌碼面,因子轉弱,0.0,-50.0,-50.0,22.0,-24.0,111.5,False,,113.0,1.345291479820628,,,,,,
2026-09-29,6239.TW,力成,籌碼面,因子轉弱,30.0,-100.0,-130.0,14.0,-38.0,281.0,False,,289.5,3.0249110320284696,,,,,,
2026-09-29,6278.TW,台表科,籌碼面,因子轉弱,60.0,30.0,-30.0,32.0,34.0,216.0,False,,218.0,0.9259259259259258,,,,,,
2026-09-29,6285.TW,啟碁,技術面,因子轉弱,30.0,5.0,-25.0,44.0,22.0,232.5,False,,236.0,1.5053763440860215,,,,,,
2026-09-29,6285.TW,啟碁,籌碼面,因子轉弱,80.0,50.0,-30.0,44.0,22.0,232.5,False,,236.0,1.5053763440860215,,,,,,
2026-09-29,6426.TW,統新,技術面,因子轉弱,55.0,5.0,-50.0,34.0,-30.0,354.0,False,,345.0,-2.5423728813559325,,,,,,
2026-09-29,6426.TW,統新,籌碼面,因子轉弱,30.0,-80.0,-110.0,34.0,-30.0,354.0,False,,345.0,-2.5423728813559325,,,,,,
2026-09-29,6488.TWO,環球晶,技術面,因子轉弱,5.0,-20.0,-25.0,2.0,-8.0,945.0,False,,1035.0,9.523809523809524,,,,,,
2026-09-29,6770.TW,力積電,籌碼面,因子轉弱,50.0,-55.0,-105.0,22.0,-20.0,72.3,False,,75.3,4.149377593360995,,,,,,
2026-09-29,8150.TW,南茂,技術面,因子轉弱,45.0,5.0,-40.0,50.0,22.0,104.5,False,,114.5,9.569377990430622,,,,,,
2026-09-29,8150.TW,南茂,籌碼面,因子轉弱,80.0,50.0,-30.0,50.0,22.0,104.5,False,,114.5,9.569377990430622,,,,,,
2026-09-29,8358.TWO,金居,量價面,因子轉弱,0.0,-20.0,-20.0,12.0,12.0,498.0,False,,495.0,-0.6024096385542169,,,,,,
2026-09-30,00878.TW,國泰永續高股息,技術面,因子轉弱,30.0,10.0,-20.0,-10.0,-18.0,34.9,False,,,,,,,,,
2026-09-30,1514.TW,亞力,籌碼面,因子轉弱,80.0,-10.0,-90.0,24.0,-16.0,102.5,False,,,,,,,,,
2026-09-30,2303.TW,聯電,籌碼面,因子轉弱,30.0,-50.0,-80.0,14.0,-18.0,154.5,False,,,,,,,,,
2026-09-30,2351.TW,順德,籌碼面,因子轉弱,80.0,30.0,-50.0,20.0,-6.0,209.0,False,,,,,,,,,
2026-09-30,2362.TW,藍天,技術面,因子轉弱,-15.0,-45.0,-30.0,-24.0,-32.0,46.9,False,,,,,,,,,
2026-09-30,2376.TW,技嘉,籌碼面,因子轉弱,60.0,-75.0,-135.0,30.0,-28.0,358.5,False,,,,,,,,,
2026-09-30,2382.TW,廣達,技術面,因子轉弱,5.0,-20.0,-25.0,-20.0,-30.0,333.5,False,,,,,,,,,
2026-09-30,2395.TW,研華,籌碼面,因子轉弱,80.0,40.0,-40.0,61.0,34.0,726.0,False,,,,,,,,,
2026-09-30,2395.TW,研華,量價面,因子轉弱,25.0,0.0,-25.0,61.0,34.0,726.0,False,,,,,,,,,
2026-09-30,2409.TW,友達,籌碼面,因子轉弱,50.0,-55.0,-105.0,38.0,6.0,38.55,False,,,,,,,,,
2026-09-30,2436.TW,偉詮電,籌碼面,因子轉弱,80.0,30.0,-50.0,60.0,34.0,74.5,False,,,,,,,,,
2026-09-30,2449.TW,京元電子,籌碼面,因子轉弱,50.0,-75.0,-125.0,22.0,-28.0,294.5,False,,,,,,,,,
2026-09-30,2454.TW,聯發科,籌碼面,因子轉弱,50.0,-80.0,-130.0,26.0,-30.0,4920.0,False,,,,,,,,,
2026-09-30,2540.TW,愛山林,技術面,因子轉弱,5.0,-30.0,-35.0,10.0,8.0,48.45,False,,,,,,,,,
2026-09-30,2605.TW,新興,技術面,因子轉弱,5.0,-20.0,-25.0,-38.0,-30.0,35.55,False,,,,,,,,,
2026-09-30,2617.TW,台航,技術面,因子轉弱,-10.0,-55.0,-45.0,0.0,-18.0,31.45,False,,,,,,,,,
2026-09-30,2637.TW,慧洋-KY,技術面,因子轉弱,-10.0,-55.0,-45.0,-40.0,2.0,96.4,False,,,,,,,,,
2026-09-30,2731.TW,雄獅,籌碼面,因子轉弱,50.0,10.0,-40.0,14.0,24.0,144.5,False,,,,,,,,,
2026-09-30,2820.TW,華票,籌碼面,因子轉弱,30.0,-70.0,-100.0,4.0,-40.0,16.85,False,,,,,,,,,
2026-09-30,2881.TW,富邦金,技術面,因子轉弱,15.0,-20.0,-35.0,18.0,-38.0,151.0,False,,,,,,,,,
2026-09-30,2881.TW,富邦金,籌碼面,因子轉弱,30.0,-75.0,-105.0,18.0,-38.0,151.0,False,,,,,,,,,
2026-09-30,2882.TW,國泰金,技術面,因子轉弱,-10.0,-45.0,-35.0,16.0,-50.0,111.0,False,,,,,,,,,
2026-09-30,2882.TW,國泰金,籌碼面,因子轉弱,50.0,-80.0,-130.0,16.0,-50.0,111.0,False,,,,,,,,,
2026-09-30,2884.TW,玉山金,籌碼面,因子轉弱,30.0,-70.0,-100.0,8.0,-32.0,44.85,False,,,,,,,,,
2026-09-30,2886.TW,兆豐金,籌碼面,因子轉弱,30.0,-55.0,-85.0,-6.0,-34.0,49.15,False,,,,,,,,,
2026-09-30,2891.TW,中信金,籌碼面,因子轉弱,30.0,-80.0,-110.0,8.0,-36.0,68.4,False,,,,,,,,,
2026-09-30,3013.TW,晟銘電,籌碼面,因子轉弱,0.0,-45.0,-45.0,4.0,-2.0,86.8,False,,,,,,,,,
2026-09-30,3014.TW,聯陽,技術面,因子轉弱,60.0,5.0,-55.0,40.0,-20.0,141.5,False,,,,,,,,,
2026-09-30,3014.TW,聯陽,籌碼面,因子轉弱,40.0,-55.0,-95.0,40.0,-20.0,141.5,False,,,,,,,,,
2026-09-30,3016.TW,嘉晶,技術面,因子轉弱,75.0,45.0,-30.0,59.0,30.0,169.0,False,,,,,,,,,
2026-09-30,3016.TW,嘉晶,籌碼面,因子轉弱,60.0,30.0,-30.0,59.0,30.0,169.0,False,,,,,,,,,
2026-09-30,3016.TW,嘉晶,量價面,因子轉弱,25.0,0.0,-25.0,59.0,30.0,169.0,False,,,,,,,,,
2026-09-30,3022.TW,威強電,籌碼面,因子轉弱,60.0,0.0,-60.0,46.0,18.0,92.3,False,,,,,,,,,
2026-09-30,3035.TW,智原,籌碼面,因子轉弱,80.0,50.0,-30.0,50.0,38.0,210.5,False,,,,,,,,,
2026-09-30,3042.TW,晶技,籌碼面,因子轉弱,30.0,-55.0,-85.0,34.0,-4.0,210.0,False,,,,,,,,,
2026-09-30,3163.TWO,波若威,技術面,因子轉弱,-30.0,-55.0,-25.0,-12.0,-22.0,643.0,False,,,,,,,,,
2026-09-30,3324.TWO,雙鴻,技術面,因子轉弱,45.0,5.0,-40.0,18.0,2.0,1530.0,False,,,,,,,,,
2026-09-30,3545.TW,敦泰,籌碼面,因子轉弱,80.0,-70.0,-150.0,50.0,-4.0,51.8,False,,,,,,,,,
2026-09-30,3702.TW,大聯大,技術面,因子轉弱,55.0,5.0,-50.0,34.0,22.0,114.0,False,,,,,,,,,
2026-09-30,4938.TW,和碩,籌碼面,因子轉弱,-35.0,-75.0,-40.0,-22.0,-38.0,89.8,False,,,,,,,,,
2026-09-30,4960.TW,誠美材,籌碼面,因子轉弱,-15.0,-45.0,-30.0,12.0,4.0,24.4,False,,,,,,,,,
2026-09-30,5469.TW,瀚宇博,籌碼面,因子轉弱,40.0,-25.0,-65.0,30.0,10.0,74.0,False,,,,,,,,,
2026-09-30,6213.TW,聯茂,籌碼面,因子轉弱,80.0,30.0,-50.0,60.0,34.0,623.0,False,,,,,,,,,
2026-09-30,6275.TWO,元山,技術面,因子轉弱,50.0,30.0,-20.0,20.0,12.0,47.15,False,,,,,,,,,
2026-09-30,8028.TW,昇陽半導體,籌碼面,因子轉弱,-5.0,-55.0,-50.0,27.0,-4.0,282.5,False,,,,,,,,,
2026-09-30,8028.TW,昇陽半導體,量價面,因子轉弱,25.0,0.0,-25.0,27.0,-4.0,282.5,False,,,,,,,,,
2026-09-30,8358.TWO,金居,技術面,因子轉弱,40.0,-10.0,-50.0,12.0,-4.0,495.0,False,,,,,,,,,
2026-09-30,9105.TW,泰金寶-DR,籌碼面,因子轉弱,60.0,30.0,-30.0,38.0,22.0,8.53,False,,,,,,,,,
